"report_number","local_case_number","agency_name","acrs_report_type","crash_date_time","route_type","road_name","cross_street_type","cross_street_name","off_road_description","municipality","related_non_motorist","collision_type","weather","surface_condition","light","traffic_control","driver_substance_abuse","non_motorist_substance_abuse","person_id","driver_at_fault","injury_severity","circumstance","driver_distracted_by","drivers_license_state","vehicle_id","vehicle_damage_extent","vehicle_first_impact_location","vehicle_second_impact_location","vehicle_body_type","vehicle_movement","vehicle_continuing_dir","vehicle_going_dir","speed_limit","driverless_vehicle","parked_vehicle","vehicle_year","vehicle_make","vehicle_model","equipment_problems","latitude","longitude","geolocation"
"MCP1595001X","220018456","Montgomery County Police","Property Damage Crash","2022-04-30T23:55:00.000",,,,,"VEHICLE COLLIDED WITH PRIVATE WOOD FENCE OF 2020 REEDIE DRIVE.",,,"SINGLE VEHICLE","CLEAR",,"DARK LIGHTS ON","NO CONTROLS","NONE DETECTED",,"FCDA68F1-8768-4F2C-A28D-16602514A320","Yes","NO APPARENT INJURY","N/A","UNKNOWN","MD","960E4B8D-8513-4ABC-9E0F-BBDB7E48B7AE","FUNCTIONAL","TWELVE OCLOCK","TWELVE OCLOCK","PASSENGER CAR","MOVING CONSTANT SPEED","East","East","20","No","No","2018","FORD","FOCUS","NO MISUSE","39.03912707","-77.04456636","
,  
(39.03912707, -77.04456636)"
"EJ7884004D","220018424","Gaithersburg Police Depar","Property Damage Crash","2022-04-30T18:21:00.000","Municipality","KENTLANDS BLVD","Maryland (State)","GREAT SENECA HWY",,"N/A",,"SAME DIR REAR END","CLEAR","DRY","DAYLIGHT","TRAFFIC SIGNAL","N/A",,"DAE8CF48-051E-4E65-9E5F-CE1284E8980F","Yes","NO APPARENT INJURY","N/A","UNKNOWN",,"4F8BF0FC-DBE5-4FE8-B044-0482D84D0017","UNKNOWN","TWELVE OCLOCK","TWELVE OCLOCK",,"MOVING CONSTANT SPEED","South","East","30","No","No","0","UNKNOWN","UNKNOWN","UNKNOWN","39.12349232","-77.2316628","
,  
(39.12349232, -77.2316628)"
"EJ7884004D","220018424","Gaithersburg Police Depar","Property Damage Crash","2022-04-30T18:21:00.000","Municipality","KENTLANDS BLVD","Maryland (State)","GREAT SENECA HWY",,"N/A",,"SAME DIR REAR END","CLEAR","DRY","DAYLIGHT","TRAFFIC SIGNAL","N/A",,"0F83436D-314D-453E-8AF4-2D161306DED5","No","NO APPARENT INJURY","N/A","NOT DISTRACTED","MD","248682C0-6F85-4605-8D1E-7E9876849BF8","SUPERFICIAL","SIX OCLOCK","SIX OCLOCK","PASSENGER CAR","SLOWING OR STOPPING","East","East","30","No","No","2014","TOYT","4S","NO MISUSE","39.12349232","-77.2316628","
,  
(39.12349232, -77.2316628)"
"MCP3192002Q","220018420","Montgomery County Police","Property Damage Crash","2022-04-30T17:48:00.000","County","LINDELL ST","County","LIVINGSTON ST",,"N/A",,"SAME DIRECTION SIDESWIPE","CLEAR","DRY","DAYLIGHT","NO CONTROLS","N/A",,"4C1EAD66-918B-4516-BBBE-76FC6E8C4A75","Yes","NO APPARENT INJURY","N/A","UNKNOWN","MD","5020F298-48AA-4734-ACE7-DCE460B8C939","SUPERFICIAL","ONE OCLOCK","ONE OCLOCK","PASSENGER CAR","MOVING CONSTANT SPEED","East","East","25","No","No","2017","FORD","F-150","UNKNOWN","39.0568875","-77.059605","
,  
(39.0568875, -77.059605)"
"MCP295400BM","220018413","Montgomery County Police","Injury Crash","2022-04-30T17:11:00.000","US (State)","COLESVILLE RD","County","TIMBERWOOD AVE",,"N/A",,"STRAIGHT MOVEMENT ANGLE","CLEAR","DRY","DAYLIGHT","NO CONTROLS","NONE DETECTED",,"C2115442-2AE6-492A-804D-708DFBBC68F3","Yes","POSSIBLE INJURY","N/A","TALKING OR LISTENING TO CELLULAR PHONE","DC","D65F34F5-6973-40A7-A3C2-3D914C7B6308","DISABLING","SIX OCLOCK","SIX OCLOCK","PASSENGER CAR","BACKING","South","South","40","No","No","2010","TOYOTA","CORROLA","NO MISUSE","39.02247167","-77.01166167","
,  
(39.02247167, -77.01166167)"
"MCP295400BM","220018413","Montgomery County Police","Injury Crash","2022-04-30T17:11:00.000","US (State)","COLESVILLE RD","County","TIMBERWOOD AVE",,"N/A",,"STRAIGHT MOVEMENT ANGLE","CLEAR","DRY","DAYLIGHT","NO CONTROLS","NONE DETECTED",,"115F7A3F-E971-49A8-A9A0-9E9174C675C7","No","NO APPARENT INJURY","N/A","UNKNOWN","DC","D503053A-06F2-47EC-A649-8889E6D0F59E","DISABLING","TWELVE OCLOCK","TWELVE OCLOCK","PASSENGER CAR","MOVING CONSTANT SPEED","South","South","40","No","No","2013","MERCEDES BENZ","UT","NO MISUSE","39.02247167","-77.01166167","
,  
(39.02247167, -77.01166167)"
"MCP2608003M","220018408","Montgomery County Police","Property Damage Crash","2022-04-30T17:00:00.000",,,,,"PARKING LOT OF VALUE VILLAGE LOCATED AT 10121 NEW HAMPSHIRE AVE",,,"STRAIGHT MOVEMENT ANGLE","CLEAR",,"DAYLIGHT","NO CONTROLS","NONE DETECTED",,"96FB9629-5FEF-4B93-938A-7C32E58551A9","Yes","NO APPARENT INJURY","N/A","NOT DISTRACTED","MD","CCB50A70-CEB2-42CF-972F-6F4CD04F5F69","FUNCTIONAL","TWELVE OCLOCK","TWELVE OCLOCK","PASSENGER CAR","MOVING CONSTANT SPEED","West","West","20","No","No","2009","HONDA","SD","NO MISUSE","39.022165","-76.97469833","
,  
(39.022165, -76.97469833)"
"MCP2608003M","220018408","Montgomery County Police","Property Damage Crash","2022-04-30T17:00:00.000",,,,,"PARKING LOT OF VALUE VILLAGE LOCATED AT 10121 NEW HAMPSHIRE AVE",,,"STRAIGHT MOVEMENT ANGLE","CLEAR",,"DAYLIGHT","NO CONTROLS","N/A",,"6980B26E-4124-4F11-A820-39E2DFE7F274","No","NO APPARENT INJURY","N/A","NOT DISTRACTED","MD","65D7E6D4-057D-4C9A-8710-50036A6B8F36","DISABLING","FOUR OCLOCK","FOUR OCLOCK","PASSENGER CAR","PARKED",,,"0","No","Yes","2003","HONDA","COUPE","N/A","39.022165","-76.97469833","
,  
(39.022165, -76.97469833)"
"MCP219800BP","220018406","Montgomery County Police","Property Damage Crash","2022-04-30T16:38:00.000","Interstate (State)","EISENHOWER MEMORIAL HWY","County","MUDDY BRANCH RD",,"N/A",,"SINGLE VEHICLE","N/A","DRY","DAYLIGHT","NO CONTROLS","N/A",,"051B6475-E5DA-487C-934A-9AA48077282D","Yes","NO APPARENT INJURY","N/A","UNKNOWN","MD","7ECD579D-6370-4978-ADAC-121D1FEA2BA0","DESTROYED","TWELVE OCLOCK","TWELVE OCLOCK","PASSENGER CAR","MOVING CONSTANT SPEED","North","North","55","No","No","2008","FORD","CARGO VAN","NO MISUSE","39.12889833","-77.20354667","
,  
(39.12889833, -77.20354667)"
"MCP3195003K","220018392","Montgomery County Police","Property Damage Crash","2022-04-30T15:10:00.000","County","FAIRLAND RD","County","FAIRRIDGE DR",,"N/A",,"HEAD ON","CLEAR","DRY","DAYLIGHT","STOP SIGN","NONE DETECTED",,"4F54E0E0-504E-41CF-9CB5-19ADA95F5910","No","NO APPARENT INJURY","N/A","NOT DISTRACTED","MD","87F73BC0-75FF-43AA-AC24-D39B33CBE2BB","SUPERFICIAL","TWELVE OCLOCK","TWELVE OCLOCK","PASSENGER CAR","SLOWING OR STOPPING","East","East","35","No","No","2013","TOYTOA","COROLLA","NO MISUSE","39.07786033","-76.96533083","
,  
(39.07786033, -76.96533083)"
"MCP3195003K","220018392","Montgomery County Police","Property Damage Crash","2022-04-30T15:10:00.000","County","FAIRLAND RD","County","FAIRRIDGE DR",,"N/A",,"HEAD ON","CLEAR","DRY","DAYLIGHT","STOP SIGN","UNKNOWN",,"F403E602-BFEC-4852-956D-1DB53FDA094E","No","NO APPARENT INJURY","N/A","NOT DISTRACTED",,"EFF8173B-D9B7-493F-841A-28C1F498C4F3","NO DAMAGE","UNKNOWN","UNKNOWN",,"MAKING LEFT TURN","North","North","35","No","No","0","UNKNOWN","UNKNOWN","N/A","39.07786033","-76.96533083","
,  
(39.07786033, -76.96533083)"
"MCP3195003K","220018392","Montgomery County Police","Property Damage Crash","2022-04-30T15:10:00.000","County","FAIRLAND RD","County","FAIRRIDGE DR",,"N/A",,"HEAD ON","CLEAR","DRY","DAYLIGHT","STOP SIGN","NONE DETECTED",,"97553B10-DC41-4AEA-BF4F-C9122F7585D9","Yes","NO APPARENT INJURY","N/A","LOOKED BUT DID NOT SEE","MD","1B027EE5-7A01-4F8B-8DFE-0A45053A7C7A","FUNCTIONAL","TWELVE OCLOCK","TWELVE OCLOCK","CARGO VAN/LIGHT TRUCK 2 AXLES (OVER 10,000LBS (4,536 KG))","PASSING","East","East","35","No","No","2007","CHEV","TK","NO MISUSE","39.07786033","-76.96533083","
,  
(39.07786033, -76.96533083)"
"MCP3195003K","220018392","Montgomery County Police","Property Damage Crash","2022-04-30T15:10:00.000","County","FAIRLAND RD","County","FAIRRIDGE DR",,"N/A",,"HEAD ON","CLEAR","DRY","DAYLIGHT","STOP SIGN","NONE DETECTED",,"6190C6F3-1D49-4C85-936B-B65866DB1606","No","NO APPARENT INJURY","N/A","NOT DISTRACTED","MD","DB2EA488-26E8-496C-98D3-971DA5CCBF9B","DISABLING","TWELVE OCLOCK","TWELVE OCLOCK","(SPORT) UTILITY VEHICLE","MOVING CONSTANT SPEED","East","East","35","No","No","2004","LEXUS","RX330","NO MISUSE","39.07786033","-76.96533083","
,  
(39.07786033, -76.96533083)"
"EJ7781003F","220018384","Gaithersburg Police Depar","Property Damage Crash","2022-04-30T14:10:00.000",,,,,"PARK AND RIDE AT W DIAMOND AVE AND PERRY PARKWAY",,,"OTHER","CLEAR",,"DAYLIGHT","NO CONTROLS","NONE DETECTED",,"85777CE0-F7F6-454E-ACF1-161F49A47F86","No","NO APPARENT INJURY","N/A","NOT DISTRACTED","MD","FBB0E5AC-12C5-4335-8415-47B3631B4307","SUPERFICIAL","SEVEN OCLOCK","SEVEN OCLOCK","PASSENGER CAR","STOPPED IN TRAFFIC LANE","West","West","15","No","No","2014","NISS","4D","NO MISUSE","39.14131058","-77.2111053","
,  
(39.14131058, -77.2111053)"
"EJ7781003F","220018384","Gaithersburg Police Depar","Property Damage Crash","2022-04-30T14:10:00.000",,,,,"PARK AND RIDE AT W DIAMOND AVE AND PERRY PARKWAY",,,"OTHER","CLEAR",,"DAYLIGHT","NO CONTROLS","UNKNOWN",,"84B7792E-A35B-49E6-90F9-B60FEEFD7323","Yes","NO APPARENT INJURY","N/A","NOT DISTRACTED",,"4D74F827-21B7-44D2-BFA5-3A81D5B53644","SUPERFICIAL","SIX OCLOCK","SIX OCLOCK","PASSENGER CAR","BACKING","Unknown","Unknown","15","No","No","2005","HONDA","CIVIC","N/A","39.14131058","-77.2111053","
,  
(39.14131058, -77.2111053)"
"MCP219800BN","220018381","Montgomery County Police","Injury Crash","2022-04-30T13:40:00.000","Interstate (State)","EISENHOWER MEMORIAL HWY","Unknown","EXIT #8",,"N/A",,"SAME DIR REAR END","CLEAR","DRY","DAYLIGHT","N/A","N/A",,"00BB998F-D8E6-4992-8689-AD63FF89DF34","Yes","POSSIBLE INJURY","N/A","UNKNOWN","MD","BFFC618B-6A46-49F4-9DCE-29C3D9ECC185","DISABLING","TWELVE OCLOCK","TWELVE OCLOCK","PASSENGER CAR","SLOWING OR STOPPING","South","South","55","No","No","2023","KIA","SOUL","NO MISUSE","39.11401667","-77.19167167","
,  
(39.11401667, -77.19167167)"
"MCP219800BN","220018381","Montgomery County Police","Injury Crash","2022-04-30T13:40:00.000","Interstate (State)","EISENHOWER MEMORIAL HWY","Unknown","EXIT #8",,"N/A",,"SAME DIR REAR END","CLEAR","DRY","DAYLIGHT","N/A","N/A",,"9B63979B-09AB-46C2-A902-C5E610BCEB94","No","POSSIBLE INJURY","N/A","UNKNOWN","AB","0C2B3B7C-968B-4402-80BA-C4ECC1EF54C8","DESTROYED","SIX OCLOCK","SIX OCLOCK","PASSENGER CAR","SLOWING OR STOPPING","South","South","55","No","No","1995","TOYOTA","TERCEL","NO MISUSE","39.11401667","-77.19167167","
,  
(39.11401667, -77.19167167)"
"MCP3201002F","220018357","Montgomery County Police","Injury Crash","2022-04-30T10:30:00.000","County","MIDDLEBROOK RD","Maryland (State)","GREAT SENECA HWY",,"N/A",,"SAME DIR REAR END","CLEAR","DRY","DAYLIGHT","TRAFFIC SIGNAL","NONE DETECTED",,"D47004F5-4769-400E-B692-1A1E6B60D2B8","Yes","NO APPARENT INJURY","N/A","LOOKED BUT DID NOT SEE","MD","85791BB4-3B63-47A8-9997-26AEA17726A6","DISABLING","TWELVE OCLOCK","TWELVE OCLOCK","PASSENGER CAR","MOVING CONSTANT SPEED","West","West","40","No","No","2013","TOYOTA","PRIUS","NO MISUSE","39.17496467","-77.25989733","
,  
(39.17496467, -77.25989733)"
"MCP3201002F","220018357","Montgomery County Police","Injury Crash","2022-04-30T10:30:00.000","County","MIDDLEBROOK RD","Maryland (State)","GREAT SENECA HWY",,"N/A",,"SAME DIR REAR END","CLEAR","DRY","DAYLIGHT","TRAFFIC SIGNAL","NONE DETECTED",,"DD11C26F-38B9-42B7-8ED5-80FEC24114EC","No","POSSIBLE INJURY","N/A","NOT DISTRACTED","MD","CDEB4C5F-23E4-4836-9901-4BCADBBF06C1","FUNCTIONAL","SIX OCLOCK","SIX OCLOCK","PASSENGER CAR","SLOWING OR STOPPING","West","West","40","No","No","2012","LEXS","HB","NO MISUSE","39.17496467","-77.25989733","
,  
(39.17496467, -77.25989733)"
"MCP3149003F","220018360","Montgomery County Police","Property Damage Crash","2022-04-30T10:30:00.000",,,,,"PARKING LOT OF 9625 MT PISGAH RD",,,"SINGLE VEHICLE","CLEAR",,"DAYLIGHT","N/A","NONE DETECTED",,"28E904A0-6355-4454-B285-0FE1E7F317B1","Yes","NO APPARENT INJURY","N/A","DISTRACTED BY OUTSIDE PERSON OBJECT OR EVENT","MD","A899D012-C780-4485-B2D4-700B5906D91F","SUPERFICIAL","TWELVE OCLOCK","TWELVE OCLOCK","POLICE VEHICLE/NON EMERGENCY","PARKING","South","South","5","No","No","2014","DODGE","CHARGER","NO MISUSE","39.01502667","-76.97702","
,  
(39.01502667, -76.97702)"
"MCP3201002F","220018357","Montgomery County Police","Injury Crash","2022-04-30T10:30:00.000","County","MIDDLEBROOK RD","Maryland (State)","GREAT SENECA HWY",,"N/A",,"SAME DIR REAR END","CLEAR","DRY","DAYLIGHT","TRAFFIC SIGNAL","NONE DETECTED",,"FDD9CB7D-C53E-4AFE-AD8E-ACA31F1CD58B","No","POSSIBLE INJURY","N/A","NOT DISTRACTED","MD","CCF5AF6A-E83F-418D-BA87-EC0D8DAE9B70","FUNCTIONAL","SIX OCLOCK","SIX OCLOCK","PASSENGER CAR","SLOWING OR STOPPING","West","West","40","No","No","2022","VOLKSWAGON","4S","NO MISUSE","39.17496467","-77.25989733","
,  
(39.17496467, -77.25989733)"
"MCP2689008G","220018353","Montgomery County Police","Property Damage Crash","2022-04-30T09:49:00.000","Municipality","SEVEN LOCKS RD","Municipality","FORTUNE TERR",,"ROCKVILLE",,"SAME DIR REAR END","CLEAR","DRY","DAYLIGHT","NO CONTROLS","NONE DETECTED",,"5C1B0C28-F503-4181-966B-77C3A5405FDC","Yes","NO APPARENT INJURY","N/A","UNKNOWN","MD","8F71EB24-079E-48F3-A8E3-E5E78A9CEBF0","DISABLING","TWELVE OCLOCK","TWELVE OCLOCK","PASSENGER CAR","UNKNOWN","North","North","35","No","No","2019","LEXUS","IS300","NO MISUSE","39.06198667","-77.16077","
,  
(39.06198667, -77.16077)"
"MCP2689008G","220018353","Montgomery County Police","Property Damage Crash","2022-04-30T09:49:00.000","Municipality","SEVEN LOCKS RD","Municipality","FORTUNE TERR",,"ROCKVILLE",,"SAME DIR REAR END","CLEAR","DRY","DAYLIGHT","NO CONTROLS","NONE DETECTED",,"8A8326C3-0920-48A1-A872-8BE59ECCE946","No","NO APPARENT INJURY","N/A","NOT DISTRACTED","MD","3B39E3C0-797B-4C5A-AF7D-C699E81F0743","DISABLING","SIX OCLOCK","SIX OCLOCK","PASSENGER CAR","SLOWING OR STOPPING","North","North","35","No","No","2015","SUBARU","FORESTER","NO MISUSE","39.06198667","-77.16077","
,  
(39.06198667, -77.16077)"
"MCP3264002M","220018345","Montgomery County Police","Property Damage Crash","2022-04-30T09:04:00.000","US (State)","COLESVILLE RD","County","FENTON ST",,"N/A",,"SAME DIRECTION SIDESWIPE","CLEAR","DRY","DAYLIGHT","TRAFFIC SIGNAL","NONE DETECTED",,"01E4D8C4-A06D-43CC-9EED-EA969BDB5B94","No","NO APPARENT INJURY","N/A","NOT DISTRACTED","MD","D8FE17D0-0EC1-4415-8335-15ED2F0F55C9","SUPERFICIAL","TWO OCLOCK","TWO OCLOCK","PASSENGER CAR","MOVING CONSTANT SPEED","North","North","35","No","No","2004","GMC","DS","NO MISUSE","38.99743167","-77.02715","
,  
(38.99743167, -77.02715)"
"MCP3264002M","220018345","Montgomery County Police","Property Damage Crash","2022-04-30T09:04:00.000","US (State)","COLESVILLE RD","County","FENTON ST",,"N/A",,"SAME DIRECTION SIDESWIPE","CLEAR","DRY","DAYLIGHT","TRAFFIC SIGNAL","NONE DETECTED",,"7E1B5509-C91C-4D70-A6C9-0DCB9D855A7C","Yes","NO APPARENT INJURY","N/A","LOOKED BUT DID NOT SEE","MD","BBA123C2-C0AF-4176-A7CD-BC0423A64B30","DISABLING","ELEVEN OCLOCK","ELEVEN OCLOCK","PASSENGER CAR","CHANGING LANES","North","North","35","No","No","2012","HYUNDAI","TUCSON","NO MISUSE","38.99743167","-77.02715","
,  
(38.99743167, -77.02715)"
"MCP28140031","220018359","Montgomery County Police","Property Damage Crash","2022-04-30T09:00:00.000","Maryland (State)","CLOPPER RD","County","WARING STATION RD",,"N/A",,"SINGLE VEHICLE","UNKNOWN","UNKNOWN","UNKNOWN","NO CONTROLS","UNKNOWN",,"F2F86C8A-27DD-4196-9A13-7BAECC640AA0","Yes","NO APPARENT INJURY","N/A","UNKNOWN",,"309920C7-9D62-4556-A070-8A3259FAA1F4","DESTROYED","TWELVE OCLOCK","ROOF TOP","PASSENGER CAR","MOVING CONSTANT SPEED","West","West","35","No","No","2014","VOLKSWAGON","JETTA","NO MISUSE","39.15410516","-77.25023525","
,  
(39.15410516, -77.25023525)"
"MCP93010041","220018337","Montgomery County Police","Injury Crash","2022-04-30T08:00:00.000","County","OAKMONT AVE","County","SHADY GROVE RD",,"N/A",,"ANGLE MEETS RIGHT TURN","N/A","DRY","DAYLIGHT","TRAFFIC SIGNAL","N/A",,"EEB1EFE0-6EB8-4EF8-8EF9-9968FF53663A","No","NO APPARENT INJURY","N/A","NOT DISTRACTED","MD","FB1F5B4D-9984-495E-A898-A828706D6EA9","DISABLING","ONE OCLOCK","ONE OCLOCK","PICKUP TRUCK","MOVING CONSTANT SPEED","West","West","40","No","No","2016","CHEV","TK","NO MISUSE","39.126655","-77.17382167","
,  
(39.126655, -77.17382167)"
"MCP93010041","220018337","Montgomery County Police","Injury Crash","2022-04-30T08:00:00.000","County","OAKMONT AVE","County","SHADY GROVE RD",,"N/A",,"ANGLE MEETS RIGHT TURN","N/A","DRY","DAYLIGHT","TRAFFIC SIGNAL","N/A",,"EC8D15CF-CF11-49D0-8CCD-515A423919B6","Yes","POSSIBLE INJURY","N/A","LOOKED BUT DID NOT SEE","MD","ECC612A5-1327-49C1-B15F-B927E539E581","DISABLING","NINE OCLOCK","NINE OCLOCK","PASSENGER CAR","RIGHT TURN ON RED","West","West","40","No","No","2004","TOYO","AVALON","NO MISUSE","39.126655","-77.17382167","
,  
(39.126655, -77.17382167)"
"MCP3217001Q","220018332","Montgomery County Police","Property Damage Crash","2022-04-30T06:17:00.000",,"CROSS RIDGE DRIVE",,"TIMBER HOLLOW PLACE",,"N/A",,"SAME DIR REAR END","CLEAR","DRY","DAWN","NO CONTROLS","NONE DETECTED",,"96B69951-F936-41F3-89DE-1C9A1558F5BB","Yes","NO APPARENT INJURY","N/A","INATTENTIVE OR LOST IN THOUGHT","MD","8C74F8E3-D53B-4CFB-9EFF-4A230CA1725D","DISABLING","ONE OCLOCK","TWELVE OCLOCK","PASSENGER CAR","MOVING CONSTANT SPEED","North","North","30","No","No","2008","HONDA","ACCORD","NO MISUSE","39.17213867","-77.25730683","
,  
(39.17213867, -77.25730683)"
"MCP93010040","220018331","Montgomery County Police","Property Damage Crash","2022-04-30T06:05:00.000","Maryland (State)","MIDCOUNTY HWY","County","PIER POINT PL",,"N/A",,"SINGLE VEHICLE","CLEAR","DRY","DAWN","NO CONTROLS","N/A",,"55FADF7B-5196-472D-8263-15C0E88F695A","No","NO APPARENT INJURY","N/A","NOT DISTRACTED","MD","CA7C3267-5C9A-4020-B5D3-D9D397892008","DISABLING","TWELVE OCLOCK","TWELVE OCLOCK","PASSENGER CAR","MOVING CONSTANT SPEED","East","South","45","No","No","2021","TESL","UT","NO MISUSE","39.15847167","-77.1942","
,  
(39.15847167, -77.1942)"
"MCP3243000Z","220018330","Montgomery County Police","Property Damage Crash","2022-04-30T05:04:00.000",,,,,"4901 FRAKLIN ST, KENSINGTON, MD 20895",,,"HEAD ON","CLEAR",,"DARK NO LIGHTS","NO CONTROLS","NONE DETECTED",,"D6BF3AA5-C5C3-4764-81B8-CF13CE0F268F","Yes","NO APPARENT INJURY","N/A","OTHER DISTRACTION","MD","99009F5A-F450-4E15-AD8F-4BE12138C530","DISABLING","TWELVE OCLOCK","TWELVE OCLOCK","PASSENGER CAR","MOVING CONSTANT SPEED","South","South","15","No","No","2013","TOYT","4S","N/A","39.0188825","-77.08179783","
,  
(39.0188825, -77.08179783)"
"MCP3077001M","220018328","Montgomery County Police","Property Damage Crash","2022-04-30T03:59:00.000","County","DAWSON FARM RD","County","CHRISBAR CT",,"N/A",,"SINGLE VEHICLE","N/A","DRY","DARK LIGHTS ON","FLASHING TRAFFIC SIGNAL","NONE DETECTED",,"8FB2A521-2C69-437B-9665-B0648D22B52C","Yes","NO APPARENT INJURY","N/A","NOT DISTRACTED","MD","CA3BFC08-B8FB-4188-A0F7-F384A3661DAA","FUNCTIONAL","TWELVE OCLOCK","TWELVE OCLOCK","PASSENGER CAR","SLOWING OR STOPPING","South","West","30","No","No","2016","TOYOTA","PK","N/A","39.17281167","-77.28201","
,  
(39.17281167, -77.28201)"
"DM8498000F","220018325","Takoma Park Police Depart","Property Damage Crash","2022-04-30T03:30:00.000","Maryland (State)","PHILADELPHIA AVE","Maryland (State)","PINEY BRANCH RD",,"N/A",,"SINGLE VEHICLE","CLEAR","DRY","DARK LIGHTS ON","NO CONTROLS","NONE DETECTED",,"917CA20A-61B3-41A1-8C9A-340E35E14DA7","Yes","NO APPARENT INJURY","N/A","UNKNOWN","MD","1C66B56E-A566-4621-986B-B8394BA94E69","DISABLING","TWELVE OCLOCK","TWELVE OCLOCK","PASSENGER CAR","MOVING CONSTANT SPEED","North","North","15","No","No","2018","TOYOTA","CAMRY","NO MISUSE","38.98291179","-77.01530806","
,  
(38.98291179, -77.01530806)"
"MCP3243000Y","220018327","Montgomery County Police","Property Damage Crash","2022-04-30T03:24:00.000","Maryland (State)","OLD GEORGETOWN RD","County","EXECUTIVE BLVD",,"N/A",,"SINGLE VEHICLE","N/A","DRY","DARK LIGHTS ON","FLASHING TRAFFIC SIGNAL","NONE DETECTED",,"119F60DF-8D8A-4716-9103-EB8A38CC6B3C","Yes","NO APPARENT INJURY","N/A","INATTENTIVE OR LOST IN THOUGHT","MD","2B39C48D-DC43-472E-96EF-552997DE6915","FUNCTIONAL","TWELVE OCLOCK","TWELVE OCLOCK","PASSENGER CAR","MAKING LEFT TURN","North","West","35","No","No","2021","MAZDA","MAZDA6","NO MISUSE","39.0484665","-77.1192315","
,  
(39.0484665, -77.1192315)"
"MCP2704001M","220018329","Montgomery County Police","Property Damage Crash","2022-04-30T02:20:00.000",,,,,"YARD OF 301 MARKET ST, BROOKEVILLE, MD 20833",,,"SINGLE VEHICLE","N/A",,"DARK LIGHTS ON","N/A","OTHER",,"6A4AC964-AAF9-404F-8F64-345AE0722D32","Yes","NO APPARENT INJURY","N/A","UNKNOWN","MD","2ACDA76C-DE0B-4F8D-8155-DFA991744184","DISABLING","ELEVEN OCLOCK","UNDERSIDE","PASSENGER CAR","MOVING CONSTANT SPEED","North","North","30","No","No","2018","TOYT","RAV4","UNKNOWN","39.18085916","-77.05921419","
,  
(39.18085916, -77.05921419)"
"MCP3257004P","220018319","Montgomery County Police","Property Damage Crash","2022-04-30T02:20:00.000",,,,,"PARKING LOT IFO 967 ROSE AVE",,,"STRAIGHT MOVEMENT ANGLE","CLEAR",,"DARK LIGHTS ON","NO CONTROLS","ALCOHOL PRESENT",,"56574281-A2A1-4494-BFCB-D08396EEF182","Yes","NO APPARENT INJURY","N/A","INATTENTIVE OR LOST IN THOUGHT","MD","4428EF4B-8E1F-4BD5-990C-AA24C71BB840","DISABLING","UNDERSIDE","UNDERSIDE","PASSENGER CAR","MOVING CONSTANT SPEED","North","North","5","No","No","2003","VOLKSWAGEN","JETTA","NO MISUSE","39.05054514","-77.11827713","
,  
(39.05054514, -77.11827713)"
"DM8501000P","220018307","Takoma Park Police Depart","Property Damage Crash","2022-04-29T22:30:00.000","Maryland (State)","NEW HAMPSHIRE AVE","Maryland (State)","UNIVERSITY BLVD",,"N/A",,"SAME DIR REAR END","CLEAR","N/A","DARK LIGHTS ON","TRAFFIC SIGNAL","N/A",,"C3C3299D-F369-480B-9FB4-4FCD33C8B15B","Yes","NO APPARENT INJURY","N/A","UNKNOWN","XX","C8FEB878-5894-4214-A56B-A2B2382CF4D3","DISABLING","TWELVE OCLOCK","TWELVE OCLOCK","PASSENGER CAR","UNKNOWN","South","South","25","No","No","2006","HONDA","CIVIC","UNKNOWN","38.98915","-76.98799833","
,  
(38.98915, -76.98799833)"
"DM8501000P","220018307","Takoma Park Police Depart","Property Damage Crash","2022-04-29T22:30:00.000","Maryland (State)","NEW HAMPSHIRE AVE","Maryland (State)","UNIVERSITY BLVD",,"N/A",,"SAME DIR REAR END","CLEAR","N/A","DARK LIGHTS ON","TRAFFIC SIGNAL","N/A",,"A09EA0CF-D0BF-487A-8C47-8096BC4A6D34","No","NO APPARENT INJURY","N/A","NOT DISTRACTED","MD","4EB54B42-1F22-4B06-AD71-5683000113CA","SUPERFICIAL","SIX OCLOCK","SIX OCLOCK","PASSENGER CAR","STOPPED IN TRAFFIC LANE","South","South","0","No","No","2017","TOYOTA","SEDAN","UNKNOWN","38.98915","-76.98799833","
,  
(38.98915, -76.98799833)"
"DM8504000L","220018305","Takoma Park Police Depart","Property Damage Crash","2022-04-29T22:26:00.000","Maryland (State)","NEW HAMPSHIRE AVE","Maryland (State)","ETHAN ALLEN AVE",,"N/A",,"SAME DIRECTION SIDESWIPE","CLEAR","DRY","DARK LIGHTS ON","TRAFFIC SIGNAL","UNKNOWN",,"BF5B4836-23B3-48BF-A5B6-B911A5CE79DB","Yes","NO APPARENT INJURY","N/A","UNKNOWN",,"1D55E402-BBBA-4E15-B73F-1087C716F2D2","UNKNOWN","UNKNOWN","UNKNOWN","PASSENGER CAR","MAKING U TURN","North","South","35","No","No","2007","MAZDA","XX","UNKNOWN","38.97536051","-76.99423114","
,  
(38.97536051, -76.99423114)"