"report_number","local_case_number","agency_name","acrs_report_type","crash_date_time","route_type","road_name","cross_street_type","cross_street_name","off_road_description","municipality","related_non_motorist","collision_type","weather","surface_condition","light","traffic_control","driver_substance_abuse","non_motorist_substance_abuse","person_id","driver_at_fault","injury_severity","circumstance","driver_distracted_by","drivers_license_state","vehicle_id","vehicle_damage_extent","vehicle_first_impact_location","vehicle_second_impact_location","vehicle_body_type","vehicle_movement","vehicle_continuing_dir","vehicle_going_dir","speed_limit","driverless_vehicle","parked_vehicle","vehicle_year","vehicle_make","vehicle_model","equipment_problems","latitude","longitude","geolocation"
"DM8504000L","220018305","Takoma Park Police Depart","Property Damage Crash","2022-04-29T22:26:00.000","Maryland (State)","NEW HAMPSHIRE AVE","Maryland (State)","ETHAN ALLEN AVE",,"N/A",,"SAME DIRECTION SIDESWIPE","CLEAR","DRY","DARK LIGHTS ON","TRAFFIC SIGNAL","NONE DETECTED",,"1FFA2059-1172-4019-B389-39C1278FB0E2","No","NO APPARENT INJURY","N/A","NOT DISTRACTED","MD","DEAC90B5-A17E-4017-9FFB-9C617BDDBB31","SUPERFICIAL","TWO OCLOCK","TWO OCLOCK","PASSENGER CAR","MAKING LEFT TURN","East","South","35","No","No","2020","HONDA","ACCORD","NO MISUSE","38.97536051","-76.99423114","
,  
(38.97536051, -76.99423114)"
"MCP32820018","220018297","Montgomery County Police","Injury Crash","2022-04-29T21:53:00.000","Maryland (State)","GERMANTOWN RD","County","CRYSTAL ROCK DR",,"N/A",,"HEAD ON LEFT TURN","CLEAR","DRY","DARK LIGHTS ON","TRAFFIC SIGNAL","NONE DETECTED",,"918CB66C-835A-41B8-A5B6-66AEB7119593","No","POSSIBLE INJURY","N/A","NOT DISTRACTED","MD","EAE4611E-F0F0-4A58-86EA-E0E261FE49C7","FUNCTIONAL","TWELVE OCLOCK","TWELVE OCLOCK","PASSENGER CAR","ACCELERATING","North","North","40","No","No","2016","TOYOTA","COROLLA","NO MISUSE","39.18093","-77.26225","
,  
(39.18093, -77.26225)"
"MCP32820018","220018297","Montgomery County Police","Injury Crash","2022-04-29T21:53:00.000","Maryland (State)","GERMANTOWN RD","County","CRYSTAL ROCK DR",,"N/A",,"HEAD ON LEFT TURN","CLEAR","DRY","DARK LIGHTS ON","TRAFFIC SIGNAL","NONE DETECTED",,"CB51672D-59BB-4264-BBDA-4C65F9280CB3","Yes","NO APPARENT INJURY","N/A","LOOKED BUT DID NOT SEE","MD","9FD79773-1241-44F0-8DBD-396F873FAD36","FUNCTIONAL","ELEVEN OCLOCK","TWELVE OCLOCK","PASSENGER CAR","MAKING LEFT TURN","East","South","40","No","No","2005","NISS","PATHFINDER","NO MISUSE","39.18093","-77.26225","
,  
(39.18093, -77.26225)"
"MCP32740019","220018295","Montgomery County Police","Injury Crash","2022-04-29T21:45:00.000","Maryland (State)","RIVER RD","County","LANDY LA",,"N/A","PEDESTRIAN","STRAIGHT MOVEMENT ANGLE","CLEAR","DRY","DARK LIGHTS ON","NO CONTROLS","NONE DETECTED","ALCOHOL CONTRIBUTED","78203D19-E310-4976-8EC9-7465392CDE16","No","NO APPARENT INJURY","N/A","OTHER DISTRACTION","MD","AB99A82C-0EBC-4B9B-91CE-6F5D291847D5","SUPERFICIAL","TWELVE OCLOCK","TWELVE OCLOCK","PASSENGER CAR","MOVING CONSTANT SPEED","West","West","35","No","No","2021","BMW","UT","NO MISUSE","38.96501333","-77.10390833","
,  
(38.96501333, -77.10390833)"
"MCP31960034","220018304","Montgomery County Police","Property Damage Crash","2022-04-29T21:44:00.000","Maryland (State)","DAMASCUS RD","County","HOWARD CHAPEL RD",,"N/A",,"SINGLE VEHICLE","CLEAR","DRY","DARK -- UNKNOWN LIGHTING","N/A","NONE DETECTED",,"F5EBC632-3F40-42E3-BD60-438B9A869E24","Yes","NO APPARENT INJURY","ANIMAL, N/A","OTHER DISTRACTION","MD","B936E241-4039-4C84-8FD7-0DEDC7B6D5EA","DISABLING","TWELVE OCLOCK","TWELVE OCLOCK","PASSENGER CAR","MOVING CONSTANT SPEED","South","South","40","No","No","2016","CHEV","[UT]","NO MISUSE","39.22917955","-77.08528113","
,  
(39.22917955, -77.08528113)"
"MCP3220002J","220018286","Montgomery County Police","Property Damage Crash","2022-04-29T20:32:00.000","Maryland (State)","WOODFIELD RD","County","AIRPARK RD",,"N/A",,"SAME DIRECTION SIDESWIPE","CLEAR","DRY","DUSK","TRAFFIC SIGNAL","NONE DETECTED",,"13D67614-19DC-426C-9D4A-9C8BE58E6BA1","Unknown","NO APPARENT INJURY","N/A","UNKNOWN","MD","F344BF17-0B10-4144-81D3-9F48D5265EE7","SUPERFICIAL","ONE OCLOCK","ONE OCLOCK","PASSENGER CAR","MAKING LEFT TURN","East","South","35","No","No","2012","FORD","4S","NO MISUSE","39.16931933","-77.15431856","
,  
(39.16931933, -77.15431856)"
"MCP3220002J","220018286","Montgomery County Police","Property Damage Crash","2022-04-29T20:32:00.000","Maryland (State)","WOODFIELD RD","County","AIRPARK RD",,"N/A",,"SAME DIRECTION SIDESWIPE","CLEAR","DRY","DUSK","TRAFFIC SIGNAL","NONE DETECTED",,"9706DC68-4ECA-47E8-96ED-BC4ABBA6DDE5","Unknown","NO APPARENT INJURY","N/A","UNKNOWN","MD","E6769B96-32BB-415D-BF3A-50594BBE5C2C","FUNCTIONAL","TEN OCLOCK","TEN OCLOCK","PASSENGER CAR","MAKING LEFT TURN","East","South","35","No","No","2009","KIA","SD","NO MISUSE","39.16931933","-77.15431856","
,  
(39.16931933, -77.15431856)"
"MCP3308000S","220018268","Montgomery County Police","Injury Crash","2022-04-29T19:00:00.000","Maryland (State)","FREDERICK RD","Municipality","PERRY PKWY",,"GAITHERSBURG",,"SAME DIR REAR END","CLEAR","DRY","DAYLIGHT","NO CONTROLS","NONE DETECTED",,"015A1905-64E7-455A-B63B-A4080F4F0733","No","POSSIBLE INJURY","N/A","NOT DISTRACTED","MD","2C9F73E8-CA1E-4769-8AE6-B34E58FB53ED","DISABLING","SIX OCLOCK","SIX OCLOCK","PASSENGER CAR","STOPPED IN TRAFFIC LANE","North","North","30","No","No","2022","CHEVY","MALIBU","NO MISUSE","39.148505","-77.21134833","
,  
(39.148505, -77.21134833)"
"MCP3225002P","220018265","Montgomery County Police","Property Damage Crash","2022-04-29T19:00:00.000","Maryland (State)","GEORGIA AVE","County","RALPH RD",,"N/A",,"SAME DIRECTION SIDESWIPE","CLEAR","DRY","DAYLIGHT","NO CONTROLS","NONE DETECTED",,"B6D00AF4-FE5D-4799-8C53-1B2ECAD0E0BF","Yes","NO APPARENT INJURY","N/A","UNKNOWN","MD","06CB6050-E6C8-46BE-957A-CCA0CDD2E44D","SUPERFICIAL","TWELVE OCLOCK","TWELVE OCLOCK","PASSENGER CAR","CHANGING LANES","North","North","35","No","No","2013","TOYOTA","COROLLA","NO MISUSE","39.08002417","-77.07405233","
,  
(39.08002417, -77.07405233)"
"MCP3308000S","220018268","Montgomery County Police","Injury Crash","2022-04-29T19:00:00.000","Maryland (State)","FREDERICK RD","Municipality","PERRY PKWY",,"GAITHERSBURG",,"SAME DIR REAR END","CLEAR","DRY","DAYLIGHT","NO CONTROLS","NONE DETECTED",,"2BD80656-5610-466B-B425-AAF3924B55D4","Yes","NO APPARENT INJURY","N/A","DISTRACTED BY OUTSIDE PERSON OBJECT OR EVENT","MD","DA04125D-8E54-4842-B5C4-783A00CBC81D","DISABLING","TWELVE OCLOCK","TWELVE OCLOCK","PASSENGER CAR","MOVING CONSTANT SPEED","North","North","30","No","No","2012","CHEVY","SONIC","NO MISUSE","39.148505","-77.21134833","
,  
(39.148505, -77.21134833)"
"MCP3225002P","220018265","Montgomery County Police","Property Damage Crash","2022-04-29T19:00:00.000","Maryland (State)","GEORGIA AVE","County","RALPH RD",,"N/A",,"SAME DIRECTION SIDESWIPE","CLEAR","DRY","DAYLIGHT","NO CONTROLS","NONE DETECTED",,"7B1E6ABE-64A2-4F11-9C50-AFB12F824EAC","No","NO APPARENT INJURY","N/A","NOT DISTRACTED","MD","FA9A7E5F-1234-440E-ACC4-5A402435579E","SUPERFICIAL","FOUR OCLOCK","FOUR OCLOCK","PASSENGER CAR","MOVING CONSTANT SPEED","North","North","35","No","No","2017","INFINITI","QX60","NO MISUSE","39.08002417","-77.07405233","
,  
(39.08002417, -77.07405233)"
"MCP3225002N","220018260","Montgomery County Police","Property Damage Crash","2022-04-29T18:00:00.000","Maryland (State)","GEORGIA AVE","County","WENDY LA",,"N/A",,"SAME DIR REAR END","CLEAR","DRY","DAYLIGHT","NO CONTROLS","NONE DETECTED",,"A4310DCA-25B1-4D9F-96DB-7810311338C2","Yes","NO APPARENT INJURY","N/A","UNKNOWN","DC","34C9B4DC-3014-47C8-98F3-0E9466958DFC","DISABLING","TWELVE OCLOCK","TWELVE OCLOCK","PASSENGER CAR","MOVING CONSTANT SPEED","North","North","35","No","No","2012","CHEVROLET","CRUZE","NO MISUSE","39.08005333","-77.07408133","
,  
(39.08005333, -77.07408133)"
"MCP3225002N","220018260","Montgomery County Police","Property Damage Crash","2022-04-29T18:00:00.000","Maryland (State)","GEORGIA AVE","County","WENDY LA",,"N/A",,"SAME DIR REAR END","CLEAR","DRY","DAYLIGHT","NO CONTROLS","NONE DETECTED",,"88D3EF55-AB74-4E0B-BAD4-598D6B3887D5","No","NO APPARENT INJURY","N/A","NOT DISTRACTED","MD","326DEBDF-E5CE-4782-B520-A68F8EFDCC5B","FUNCTIONAL","SIX OCLOCK","SIX OCLOCK","PASSENGER CAR","SLOWING OR STOPPING","North","North","35","No","No","2020","MERCEDES","JLB 250","NO MISUSE","39.08005333","-77.07408133","
,  
(39.08005333, -77.07408133)"
"MCP2466003T","220018263","Montgomery County Police","Property Damage Crash","2022-04-29T17:50:00.000","County","SEVEN LOCKS RD","County","MARY CASSATT DR",,"N/A",,"SAME DIR REAR END","CLEAR","DRY","DAYLIGHT","NO CONTROLS","NONE DETECTED",,"F2473B18-F5DF-43F6-BBD4-EB1CF41EBCF6","Yes","NO APPARENT INJURY","N/A","UNKNOWN","MD","062E7212-6115-43F4-991D-3975189D2500","DISABLING","TWELVE OCLOCK","TWELVE OCLOCK","(SPORT) UTILITY VEHICLE","MOVING CONSTANT SPEED","South","South","35","No","No","2012","HYUN","SANTA FE TK","NO MISUSE","39.04676","-77.16146","
,  
(39.04676, -77.16146)"
"MCP2466003T","220018263","Montgomery County Police","Property Damage Crash","2022-04-29T17:50:00.000","County","SEVEN LOCKS RD","County","MARY CASSATT DR",,"N/A",,"SAME DIR REAR END","CLEAR","DRY","DAYLIGHT","NO CONTROLS","NONE DETECTED",,"9AB64156-C5CC-4D1B-94EC-A4E32C34DE2A","No","NO APPARENT INJURY","N/A","NOT DISTRACTED","MD","F4721BAC-FAAE-4FD3-B900-3AEFE3493202","FUNCTIONAL","SIX OCLOCK","SIX OCLOCK","PASSENGER CAR","STOPPED IN TRAFFIC LANE","South","South","35","No","No","2019","HOND","ACCORD SD","NO MISUSE","39.04676","-77.16146","
,  
(39.04676, -77.16146)"
"MCP2466003T","220018263","Montgomery County Police","Property Damage Crash","2022-04-29T17:50:00.000","County","SEVEN LOCKS RD","County","MARY CASSATT DR",,"N/A",,"SAME DIR REAR END","CLEAR","DRY","DAYLIGHT","NO CONTROLS","NONE DETECTED",,"711BB530-7755-4353-87D4-BC6D70712CA5","No","NO APPARENT INJURY","N/A","NOT DISTRACTED","MD","EC0C0591-4C02-406C-ABD3-E231451011A3","FUNCTIONAL","SIX OCLOCK","SIX OCLOCK","(SPORT) UTILITY VEHICLE","STOPPED IN TRAFFIC LANE","South","South","35","No","No","2019","HOND","PILOT TK","NO MISUSE","39.04676","-77.16146","
,  
(39.04676, -77.16146)"
"MCP2683005T","220018253","Montgomery County Police","Property Damage Crash","2022-04-29T17:07:00.000","County","GOSHEN RD","County","STEWARTOWN RD",,"N/A",,"SAME DIR REAR END","CLEAR","DRY","DAYLIGHT","NO CONTROLS","NONE DETECTED",,"A09C9AF5-6058-45D9-8ADA-78949EBAE736","No","NO APPARENT INJURY","N/A","NOT DISTRACTED","MD","4CFD864D-024E-45CA-BA6B-9298AED35D13","SUPERFICIAL","SIX OCLOCK","SIX OCLOCK","TRANSIT BUS","STOPPED IN TRAFFIC LANE","South","South","35","No","No","2008","GILL","BUS","NO MISUSE","39.17704167","-77.18953667","
,  
(39.17704167, -77.18953667)"
"MCP2683005T","220018253","Montgomery County Police","Property Damage Crash","2022-04-29T17:07:00.000","County","GOSHEN RD","County","STEWARTOWN RD",,"N/A",,"SAME DIR REAR END","CLEAR","DRY","DAYLIGHT","NO CONTROLS","NONE DETECTED",,"4533DE66-BF7F-40B6-AFB0-FB61B5D3AF87","Yes","NO APPARENT INJURY","N/A","NOT DISTRACTED","MD","17F28F69-C1A8-4C54-9622-3D67982274E0","SUPERFICIAL","TWELVE OCLOCK","TWELVE OCLOCK","PASSENGER CAR","MOVING CONSTANT SPEED","South","South","35","No","No","2019","FORD","EDGE","NO MISUSE","39.17704167","-77.18953667","
,  
(39.17704167, -77.18953667)"
"MCP3197002X","220018250","Montgomery County Police","Property Damage Crash","2022-04-29T16:33:00.000",,,,,"15107 INTERLACHEN DRIVE",,,"OTHER","CLEAR",,"DAYLIGHT","NO CONTROLS","UNKNOWN",,"8E4A1458-F746-448B-9585-56E32E08EDF4","Yes","NO APPARENT INJURY","N/A","UNKNOWN","MD","C12F74B7-6426-4CEF-87C5-CA227410592F","FUNCTIONAL","TWELVE OCLOCK","SIX OCLOCK","PASSENGER CAR","MOVING CONSTANT SPEED","Unknown","Unknown","15","No","No","2010","LEXUS","4S","UNKNOWN","39.10465833","-77.06788167","
,  
(39.10465833, -77.06788167)"
"MCP3320000R","220018246","Montgomery County Police","Property Damage Crash","2022-04-29T16:24:00.000","US (State)","COLESVILLE RD","County","DALE DR",,"N/A",,"SAME DIR REND RIGHT TURN","CLEAR","DRY","DAYLIGHT","NO CONTROLS","UNKNOWN",,"3C54B09B-DCF6-43AF-97BC-4897E10DFD72","Yes","NO APPARENT INJURY","N/A","UNKNOWN","MD","4C4549F2-6E26-4170-A8D6-C404FEE8E08B","UNKNOWN","FIVE OCLOCK","FIVE OCLOCK","PASSENGER CAR","CHANGING LANES","North","North","35","No","No","2022","HONDA","CRV","UNKNOWN","39.00487543","-77.0231193","
,  
(39.00487543, -77.0231193)"
"MCP3320000R","220018246","Montgomery County Police","Property Damage Crash","2022-04-29T16:24:00.000","US (State)","COLESVILLE RD","County","DALE DR",,"N/A",,"SAME DIR REND RIGHT TURN","CLEAR","DRY","DAYLIGHT","NO CONTROLS","NONE DETECTED",,"07A5845B-2BB2-460D-BCC0-1DE1785E9710","Yes","NO APPARENT INJURY","N/A","NOT DISTRACTED","MD","6B614A11-6723-447A-8348-C052B263E3E5","SUPERFICIAL","TWELVE OCLOCK","TWELVE OCLOCK","PASSENGER CAR","MOVING CONSTANT SPEED","North","North","35","No","No","2017","NISS","SD","NO MISUSE","39.00487543","-77.0231193","
,  
(39.00487543, -77.0231193)"
"MCP32630024","220018288","Montgomery County Police","Property Damage Crash","2022-04-29T16:15:00.000","County","LELAND ST","Maryland (State)","BRADLEY BLVD",,"N/A",,"SAME DIRECTION SIDESWIPE","CLEAR","DRY","DAYLIGHT","TRAFFIC SIGNAL","UNKNOWN",,"D2F66147-DAF4-4F82-8E53-C78003B12F0C","Unknown","NO APPARENT INJURY","N/A","UNKNOWN",,"B251F1E7-2F7C-4023-8F33-C8A6182D7450","UNKNOWN","TWO OCLOCK","TWO OCLOCK","PASSENGER CAR","MOVING CONSTANT SPEED","South","South","25","No","No","2015","LEXUS","X350","NO MISUSE","38.97865385","-77.09664733","
,  
(38.97865385, -77.09664733)"
"MCP32630024","220018288","Montgomery County Police","Property Damage Crash","2022-04-29T16:15:00.000","County","LELAND ST","Maryland (State)","BRADLEY BLVD",,"N/A",,"SAME DIRECTION SIDESWIPE","CLEAR","DRY","DAYLIGHT","TRAFFIC SIGNAL","NONE DETECTED",,"0F82AFD6-9515-40E4-B218-4058C2E22C95","Unknown","NO APPARENT INJURY","N/A","UNKNOWN","MD","1BF059FA-764C-4467-85C2-EC76A55581A9","SUPERFICIAL","TEN OCLOCK","TEN OCLOCK","PASSENGER CAR","MAKING RIGHT TURN","West","South","25","No","No","2006","TOYOTA","COROLLA","NO MISUSE","38.97865385","-77.09664733","
,  
(38.97865385, -77.09664733)"
"MCP31680049","220018235","Montgomery County Police","Injury Crash","2022-04-29T15:00:00.000",,,,,"ENTERANCE/EXIT OF 12151 ROCKVILLE PIKE",,"BICYCLIST","STRAIGHT MOVEMENT ANGLE","CLEAR",,"DAYLIGHT","NO CONTROLS","NONE DETECTED","NONE DETECTED","EDBCE5D1-671B-464B-93CC-7AB41B98EB57","Yes","NO APPARENT INJURY","N/A","LOOKED BUT DID NOT SEE","MD","F933825E-CBC5-44EB-B1D8-19ADCAEC5920","NO DAMAGE","TWELVE OCLOCK","TWELVE OCLOCK","PASSENGER CAR","ENTERING TRAFFIC LANE","North","North","5","No","No","2007","LINCOLN","TOWNCAR","NO MISUSE","39.05814","-77.12053833","
,  
(39.05814, -77.12053833)"
"MCP3093003Q","220018241","Montgomery County Police","Property Damage Crash","2022-04-29T14:38:00.000",,,,,"PARKING LOT OF 5463 WISCONSIN AVE",,,"OTHER","CLEAR",,"DAYLIGHT","N/A","N/A",,"C3423A23-4EFD-4173-9F71-A71A5369890A","Yes","NO APPARENT INJURY","N/A","UNKNOWN",,"18CC7C4A-0ABF-4704-9251-FE33DDB11918","UNKNOWN","UNKNOWN","UNKNOWN","PASSENGER CAR","SLOWING OR STOPPING","Unknown","Unknown","0","No","No","2013","HONDA","4S","UNKNOWN","38.96306453","-77.0845006","
,  
(38.96306453, -77.0845006)"
"MCP3093003Q","220018241","Montgomery County Police","Property Damage Crash","2022-04-29T14:38:00.000",,,,,"PARKING LOT OF 5463 WISCONSIN AVE",,,"OTHER","CLEAR",,"DAYLIGHT","N/A","N/A",,"03C4D6EC-4866-46BD-91F7-0F9688DBF290","No","NO APPARENT INJURY","N/A","NOT DISTRACTED","MD","499D161D-5A46-4327-A98F-FF0B283268F4","SUPERFICIAL","SIX OCLOCK","SIX OCLOCK","PASSENGER CAR","BACKING","Unknown","Unknown","0","No","No","2013","HYUN","ACCENT","NO MISUSE","38.96306453","-77.0845006","
,  
(38.96306453, -77.0845006)"
"EJ7873005R","220018218","Gaithersburg Police Depar","Property Damage Crash","2022-04-29T14:19:00.000","Maryland (State)","FREDERICK RD","County","GAME PRESERVE RD",,"N/A",,"STRAIGHT MOVEMENT ANGLE","CLEAR","DRY","DAYLIGHT","STOP SIGN","NONE DETECTED",,"DF75BFA5-66E5-439D-AF48-044B153B8A90","Yes","NO APPARENT INJURY","N/A","LOOKED BUT DID NOT SEE","MD","DEAC4053-B85A-41C8-9B60-F07AF03C5AED","DISABLING","THREE OCLOCK","ONE OCLOCK","(SPORT) UTILITY VEHICLE","ENTERING TRAFFIC LANE","West","West","40","No","No","2019","TOYT","TK","FACING WRONG WAY","39.16481861","-77.22748948","
,  
(39.16481861, -77.22748948)"
"EJ7873005R","220018218","Gaithersburg Police Depar","Property Damage Crash","2022-04-29T14:19:00.000","Maryland (State)","FREDERICK RD","County","GAME PRESERVE RD",,"N/A",,"STRAIGHT MOVEMENT ANGLE","CLEAR","DRY","DAYLIGHT","STOP SIGN","NONE DETECTED",,"8390289E-1459-4554-B016-8806A754FAB7","No","NO APPARENT INJURY","N/A","NOT DISTRACTED","MD","7F186FDB-B4E8-4548-9676-A8281F3C5296","DISABLING","TWELVE OCLOCK","TWELVE OCLOCK","VAN","MOVING CONSTANT SPEED","South","South","40","No","No","2019","HONDA","VAN","NO MISUSE","39.16481861","-77.22748948","
,  
(39.16481861, -77.22748948)"
"MCP1519003T","220018215","Montgomery County Police","Property Damage Crash","2022-04-29T14:04:00.000","Maryland (State)","GERMANTOWN RD","Maryland (State)","CLOPPER RD",,"N/A",,"SAME DIRECTION SIDESWIPE","CLEAR","OTHER","DAYLIGHT","N/A","NONE DETECTED",,"EA4566B5-EF80-4C79-85DE-60ADD4BB9E3C","Yes","NO APPARENT INJURY","N/A","DISTRACTED BY OUTSIDE PERSON OBJECT OR EVENT","MD","F0360E9C-984D-4547-ACD7-AA8FDAD0B5C5","FUNCTIONAL","TEN OCLOCK","TEN OCLOCK","PASSENGER CAR","MOVING CONSTANT SPEED","North","North","40","No","No","2015","NISS","SENTRA","NO MISUSE","39.16376833","-77.28259333","
,  
(39.16376833, -77.28259333)"
"MCP1519003T","220018215","Montgomery County Police","Property Damage Crash","2022-04-29T14:04:00.000","Maryland (State)","GERMANTOWN RD","Maryland (State)","CLOPPER RD",,"N/A",,"SAME DIRECTION SIDESWIPE","CLEAR","OTHER","DAYLIGHT","N/A","NONE DETECTED",,"68A613CC-4770-4ADC-8E6F-86AA3949BC53","No","NO APPARENT INJURY","N/A","NOT DISTRACTED","MD","8F49B50A-8253-4281-8012-350AF8D88646","DISABLING","TWO OCLOCK","TWELVE OCLOCK","PASSENGER CAR","MOVING CONSTANT SPEED","North","North","40","No","No","2006","LINC","TK","NO MISUSE","39.16376833","-77.28259333","
,  
(39.16376833, -77.28259333)"
"MCP26030040","220018209","Montgomery County Police","Injury Crash","2022-04-29T13:42:00.000","Municipality","RUSSELL AVE","Municipality","LAKE FOREST BLVD",,"GAITHERSBURG",,"HEAD ON LEFT TURN","CLEAR","DRY","DAYLIGHT","TRAFFIC SIGNAL","N/A",,"0FECCA32-F50B-48F9-AFE4-53698B8769C6","Yes","NO APPARENT INJURY","N/A","LOOKED BUT DID NOT SEE","MD","FCCCECF2-4BE9-4A5A-95F5-9785A662070A","DISABLING","TWELVE OCLOCK","TWELVE OCLOCK","PICKUP TRUCK","MAKING LEFT TURN","South","West","35","No","No","2017","FORD","F150","UNKNOWN","39.15141667","-77.20731833","
,  
(39.15141667, -77.20731833)"
"MCP26030040","220018209","Montgomery County Police","Injury Crash","2022-04-29T13:42:00.000","Municipality","RUSSELL AVE","Municipality","LAKE FOREST BLVD",,"GAITHERSBURG",,"HEAD ON LEFT TURN","CLEAR","DRY","DAYLIGHT","TRAFFIC SIGNAL","N/A",,"E6626BE3-B833-4F36-886A-D0DF514DC976","No","POSSIBLE INJURY","N/A","NOT DISTRACTED","MD","37758CC6-E8E8-4E89-9F50-465E7E9FA628","DISABLING","ELEVEN OCLOCK","ELEVEN OCLOCK","PASSENGER CAR","MOVING CONSTANT SPEED","East","East","35","No","No","2017","TOYOTA","RAV","UNKNOWN","39.15141667","-77.20731833","
,  
(39.15141667, -77.20731833)"
"MCP3133003G","220018170","Montgomery County Police","Injury Crash","2022-04-29T10:22:00.000","Maryland (State)","CONNECTICUT AVE","County","ASPEN HILL RD",,"N/A",,"SAME DIR REAR END","CLEAR","DRY","DAYLIGHT","TRAFFIC SIGNAL","NONE DETECTED",,"C30DF544-6982-4E89-B75A-4AA0F88775AB","No","NO APPARENT INJURY","N/A","NOT DISTRACTED","MD","21C69D88-E99F-40A4-97C0-DBAC3B84EE1F","SUPERFICIAL","SIX OCLOCK","SIX OCLOCK","PASSENGER CAR","STOPPED IN TRAFFIC LANE","South","South","35","No","No","1999","HOND","CRV","NO MISUSE","39.08117333","-77.08030333","
,  
(39.08117333, -77.08030333)"
"MCP3133003G","220018170","Montgomery County Police","Injury Crash","2022-04-29T10:22:00.000","Maryland (State)","CONNECTICUT AVE","County","ASPEN HILL RD",,"N/A",,"SAME DIR REAR END","CLEAR","DRY","DAYLIGHT","TRAFFIC SIGNAL","NONE DETECTED",,"4761370B-CC29-43FD-A080-78364135FF2C","Yes","NO APPARENT INJURY","N/A","NOT DISTRACTED","MD","6DCD0B77-5FDC-4D79-AE9C-B3CDCD41665A","NO DAMAGE","TWELVE OCLOCK","TWELVE OCLOCK","PICKUP TRUCK","MOVING CONSTANT SPEED","South","South","35","No","No","2021","FORD","F350","NO MISUSE","39.08117333","-77.08030333","
,  
(39.08117333, -77.08030333)"
"MCP2641002D","220018166","Montgomery County Police","Property Damage Crash","2022-04-29T10:13:00.000","County","MIDDLEBROOK RD","County","OBSERVATION DR",,"N/A",,"SAME DIR REAR END","CLEAR","DRY","DAYLIGHT","N/A","NONE DETECTED",,"4AB6AF19-9AED-4DED-A06A-92D2B8EE0DD9","No","NO APPARENT INJURY","N/A","NOT DISTRACTED","MD","E674C411-5F27-4F85-B6C8-2C3FDA128378","FUNCTIONAL","SIX OCLOCK","SIX OCLOCK","PASSENGER CAR","SLOWING OR STOPPING","West","West","40","No","No","2016","MERCEDES","UT","NO MISUSE","39.17792667","-77.24282333","
,  
(39.17792667, -77.24282333)"
"MCP2641002D","220018166","Montgomery County Police","Property Damage Crash","2022-04-29T10:13:00.000","County","MIDDLEBROOK RD","County","OBSERVATION DR",,"N/A",,"SAME DIR REAR END","CLEAR","DRY","DAYLIGHT","N/A","NONE DETECTED",,"B1254635-51F5-4FE0-B331-EC1405FC949C","Yes","NO APPARENT INJURY","N/A","UNKNOWN","MD","43A7759E-A899-49EC-95C0-A6150F5B09AF","DISABLING","TWELVE OCLOCK","TWELVE OCLOCK","PASSENGER CAR","SLOWING OR STOPPING","West","West","40","No","No","2010","TOYOTA","COROLLA","NO MISUSE","39.17792667","-77.24282333","
,  
(39.17792667, -77.24282333)"
"MCP913000CG","220018165","Montgomery County Police","Property Damage Crash","2022-04-29T10:04:00.000","County","11TH AVE","County","CARROLL AVE",,"N/A",,"SAME DIRECTION RIGHT TURN","CLEAR","DRY","DAYLIGHT","NO CONTROLS","NONE DETECTED",,"09631310-DB7F-4E6E-9C33-B6B9947336E0","Yes","NO APPARENT INJURY","N/A","NOT DISTRACTED","MD","95901AE1-A0BA-49C0-AE7A-2E2CE57B0C7A","FUNCTIONAL","FOUR OCLOCK","FOUR OCLOCK","TRANSIT BUS","PASSING","West","West","25","No","No","2016","GILLIG","DS","NO MISUSE","38.99669167","-76.99182167","
,  
(38.99669167, -76.99182167)"
"MCP913000CG","220018165","Montgomery County Police","Property Damage Crash","2022-04-29T10:04:00.000","County","11TH AVE","County","CARROLL AVE",,"N/A",,"SAME DIRECTION RIGHT TURN","CLEAR","DRY","DAYLIGHT","NO CONTROLS","NONE DETECTED",,"14D189AC-47AD-4B75-B11A-77D3F9579A04","No","NO APPARENT INJURY","N/A","NOT DISTRACTED","MD","A3137083-421E-4BBC-8830-AFBBBFB50CCE","FUNCTIONAL","ELEVEN OCLOCK","ELEVEN OCLOCK","MEDIUM/HEAVY TRUCKS 3 AXLES (OVER 10,000LBS (4,536KG))","STOPPED IN TRAFFIC LANE","West","West","25","No","No","2018","MACK","TRASH","NO MISUSE","38.99669167","-76.99182167","
,  
(38.99669167, -76.99182167)"
"DD561500C6","220018158","Rockville Police Departme","Property Damage Crash","2022-04-29T08:15:00.000","Municipality","SEVEN LOCKS RD","Municipality","WOOTTON PKWY",,"ROCKVILLE",,"SAME DIR REAR END","CLEAR","DRY","DAYLIGHT","NO CONTROLS","NONE DETECTED",,"E5B6DD3D-732C-4C49-86E3-F7E53F08B3BC","Yes","NO APPARENT INJURY","N/A","NOT DISTRACTED","MD","BD6DC5EF-6BC5-4030-8891-EF156C0C10DD","DISABLING","TWELVE OCLOCK","TWELVE OCLOCK","PASSENGER CAR","SLOWING OR STOPPING","South","South","30","No","No","1998","TOYT","4S","NO MISUSE","39.06486462","-77.16090853","
,  
(39.06486462, -77.16090853)"