"report_number","local_case_number","agency_name","acrs_report_type","crash_date_time","route_type","road_name","cross_street_type","cross_street_name","off_road_description","municipality","related_non_motorist","collision_type","weather","surface_condition","light","traffic_control","driver_substance_abuse","non_motorist_substance_abuse","person_id","driver_at_fault","injury_severity","circumstance","driver_distracted_by","drivers_license_state","vehicle_id","vehicle_damage_extent","vehicle_first_impact_location","vehicle_second_impact_location","vehicle_body_type","vehicle_movement","vehicle_continuing_dir","vehicle_going_dir","speed_limit","driverless_vehicle","parked_vehicle","vehicle_year","vehicle_make","vehicle_model","equipment_problems","latitude","longitude","geolocation"
"DD561500C6","220018158","Rockville Police Departme","Property Damage Crash","2022-04-29T08:15:00.000","Municipality","SEVEN LOCKS RD","Municipality","WOOTTON PKWY",,"ROCKVILLE",,"SAME DIR REAR END","CLEAR","DRY","DAYLIGHT","NO CONTROLS","NONE DETECTED",,"BB07E723-2C6D-4CBC-AA88-A919619A0E32","No","NO APPARENT INJURY","N/A","NOT DISTRACTED","MD","0D3D2C4A-D93D-423B-9FA3-D477BC2AA7AD","FUNCTIONAL","SIX OCLOCK","SIX OCLOCK","PASSENGER CAR","SLOWING OR STOPPING","South","South","30","No","No","2011","HOND","ACCORD","NO MISUSE","39.06486462","-77.16090853","
,  
(39.06486462, -77.16090853)"
"MCP3307001D","220018157","Montgomery County Police","Injury Crash","2022-04-29T07:57:00.000","Maryland (State)","NEW HAMPSHIRE AVE","County","GOLD MINE RD",,"N/A",,"OTHER","CLEAR","DRY","DAYLIGHT","N/A","NONE DETECTED",,"91956EB6-E519-4A30-BB84-F80954F30671","No","NO APPARENT INJURY","N/A","UNKNOWN","MD","4DF25876-018E-4FDF-937E-8EF669350699","FUNCTIONAL","ROOF TOP","ROOF TOP","PASSENGER CAR","STOPPED IN TRAFFIC LANE","West","North","40","No","No","2018","TOYOTA","HIGHLANDER","N/A","39.17886","-77.02684667","
,  
(39.17886, -77.02684667)"
"MCP3307001D","220018157","Montgomery County Police","Injury Crash","2022-04-29T07:57:00.000","Maryland (State)","NEW HAMPSHIRE AVE","County","GOLD MINE RD",,"N/A",,"OTHER","CLEAR","DRY","DAYLIGHT","N/A","NONE DETECTED",,"9EDA43E8-E886-440D-80DD-D79DA8B468AE","Yes","POSSIBLE INJURY","N/A","UNKNOWN","MD","F7D2A073-83A5-4DCD-825F-8A72A9422E76","FUNCTIONAL","TWELVE OCLOCK","TWELVE OCLOCK","PASSENGER CAR","SLOWING OR STOPPING","North","North","40","No","No","2016","FORD","F450","NO MISUSE","39.17886","-77.02684667","
,  
(39.17886, -77.02684667)"
"MCP2625001G","220018155","Montgomery County Police","Property Damage Crash","2022-04-29T07:32:00.000","County","ROCKLEDGE DR","County","ROCK SPRING DR",,"N/A",,"HEAD ON LEFT TURN","CLEAR","DRY","DAYLIGHT","TRAFFIC SIGNAL","NONE DETECTED",,"FB38CECF-A119-4C99-AD6E-5ED7F0D82C47","Yes","NO APPARENT INJURY","N/A","NOT DISTRACTED","MD","C9679F83-DD4E-4116-8B2B-747CA66CB1D3","DISABLING","THREE OCLOCK","THREE OCLOCK","PASSENGER CAR","MAKING LEFT TURN","West","North","30","No","No","2012","HYUNDAI","ELATRA","NO MISUSE","39.02673833","-77.132515","
,  
(39.02673833, -77.132515)"
"MCP2625001G","220018155","Montgomery County Police","Property Damage Crash","2022-04-29T07:32:00.000","County","ROCKLEDGE DR","County","ROCK SPRING DR",,"N/A",,"HEAD ON LEFT TURN","CLEAR","DRY","DAYLIGHT","TRAFFIC SIGNAL","NONE DETECTED",,"EBA8143C-2A1E-4796-BA6C-66B02194EAE6","No","NO APPARENT INJURY","N/A","NOT DISTRACTED","MD","85EBA7AF-316E-433A-9D23-477D9DC6B0DA","SUPERFICIAL","TWELVE OCLOCK","TWELVE OCLOCK","(SPORT) UTILITY VEHICLE","MOVING CONSTANT SPEED","South","South","30","No","No","2019","HONDA","CRV","NO MISUSE","39.02673833","-77.132515","
,  
(39.02673833, -77.132515)"
"MCP3299001W","220018153","Montgomery County Police","Injury Crash","2022-04-29T07:08:00.000","Maryland (State)","SPENCERVILLE RD","County","PEACH ORCHARD RD",,"N/A",,"HEAD ON","CLEAR","DRY","DAYLIGHT","OTHER","NONE DETECTED",,"AD3C72B7-7F83-4DAD-A3FD-7D03ECD1912D","Yes","NO APPARENT INJURY","N/A","OTHER DISTRACTION","MD","529110ED-7CAD-42A4-8EB0-3B4562B66BE7","DISABLING","EIGHT OCLOCK","EIGHT OCLOCK","OTHER","MOVING CONSTANT SPEED","East","East","40","No","No","2020","CAMA","TRAILER","NO MISUSE","39.15139333","-77.02751333","
,  
(39.15139333, -77.02751333)"
"MCP3299001W","220018153","Montgomery County Police","Injury Crash","2022-04-29T07:08:00.000","Maryland (State)","SPENCERVILLE RD","County","PEACH ORCHARD RD",,"N/A",,"HEAD ON","CLEAR","DRY","DAYLIGHT","OTHER","NONE DETECTED",,"1CFFCA0F-2283-4219-A616-F89F4E92BC07","No","POSSIBLE INJURY","N/A","NOT DISTRACTED","MD","0C4DC823-F8F6-446E-A61A-1FDE7A607286","DISABLING","TWELVE OCLOCK","TWELVE OCLOCK","PASSENGER CAR","MOVING CONSTANT SPEED","West","West","40","No","No","2008","STRN","TRUCK","NO MISUSE","39.15139333","-77.02751333","
,  
(39.15139333, -77.02751333)"
"MCP3299001W","220018153","Montgomery County Police","Injury Crash","2022-04-29T07:08:00.000","Maryland (State)","SPENCERVILLE RD","County","PEACH ORCHARD RD",,"N/A",,"HEAD ON","CLEAR","DRY","DAYLIGHT","OTHER","NONE DETECTED",,"CA653080-2A5F-4152-86DC-D8A3CE943D55","No","NO APPARENT INJURY","N/A","NOT DISTRACTED","MD","2C5DB5F2-0176-487E-806E-8F53814BD3A4","SUPERFICIAL","ELEVEN OCLOCK","ELEVEN OCLOCK","PASSENGER CAR","MOVING CONSTANT SPEED","East","East","40","No","No","2022","MERCEDES","GLE 350","NO MISUSE","39.15139333","-77.02751333","
,  
(39.15139333, -77.02751333)"
"MCP32210021","220018146","Montgomery County Police","Injury Crash","2022-04-29T03:37:00.000","Municipality","RESEARCH BLVD","County","SHADY GROVE RD",,"N/A",,"STRAIGHT MOVEMENT ANGLE","CLEAR","DRY","DARK LIGHTS ON","FLASHING TRAFFIC SIGNAL","NONE DETECTED",,"01B0592F-7C15-46DB-9285-71B8C112DA14","Yes","NO APPARENT INJURY","N/A","UNKNOWN","MD","84CF93A8-CB2C-4B69-8B82-0469F48BD568","DESTROYED","THREE OCLOCK","THREE OCLOCK","PASSENGER CAR","MOVING CONSTANT SPEED","East","East","30","No","No","2015","HYUN","SD","NO MISUSE","39.10498667","-77.190225","
,  
(39.10498667, -77.190225)"
"MCP32210021","220018146","Montgomery County Police","Injury Crash","2022-04-29T03:37:00.000","Municipality","RESEARCH BLVD","County","SHADY GROVE RD",,"N/A",,"STRAIGHT MOVEMENT ANGLE","CLEAR","DRY","DARK LIGHTS ON","FLASHING TRAFFIC SIGNAL","NONE DETECTED",,"4D943626-2D90-48C8-9CDB-F2D2E1142773","No","POSSIBLE INJURY","N/A","NOT DISTRACTED","VA","EF0CFA7C-4A8E-43C4-9B0A-CF66FE09466B","DISABLING","TWELVE OCLOCK","TWELVE OCLOCK","MEDIUM/HEAVY TRUCKS 3 AXLES (OVER 10,000LBS (4,536KG))","MOVING CONSTANT SPEED","North","North","40","No","No","2021","INTERNATIONAL","MV607","NO MISUSE","39.10498667","-77.190225","
,  
(39.10498667, -77.190225)"
"MCP30080033","220018133","Montgomery County Police","Property Damage Crash","2022-04-28T23:30:00.000","Maryland (State)","PINEY BRANCH RD","Maryland (State)","UNIVERSITY BLVD E",,"N/A",,"SINGLE VEHICLE","CLEAR","DRY","DARK LIGHTS ON","NO CONTROLS","ALCOHOL PRESENT",,"BDD905C6-2B74-451C-93A9-2237FEB24F62","Yes","NO APPARENT INJURY","N/A","UNKNOWN","MD","6BB6E399-D953-4321-B141-67FD9E588477","DISABLING","ONE OCLOCK","ONE OCLOCK","PASSENGER CAR","MOVING CONSTANT SPEED","South","South","30","No","No","2007","ACURA","TL","NO MISUSE","38.99958167","-76.99600167","
,  
(38.99958167, -76.99600167)"
"MCP3213001H","220018129","Montgomery County Police","Property Damage Crash","2022-04-28T22:04:00.000","Maryland (State)","SANDY SPRING RD","County","MCKNEW RD",,"N/A",,"SAME DIR REAR END","CLEAR","DRY","DARK LIGHTS ON","N/A","NONE DETECTED",,"18CD3EB0-9C70-45ED-A35B-1203E3ACC698","No","NO APPARENT INJURY","N/A","NOT DISTRACTED","MD","DDBA3085-688F-4614-809E-7B8443446F25","DISABLING","SIX OCLOCK","SIX OCLOCK","PASSENGER CAR","MOVING CONSTANT SPEED","East","East","45","No","No","2016","MERCEDES","C300","N/A","39.10616533","-76.91640767","
,  
(39.10616533, -76.91640767)"
"MCP3213001H","220018129","Montgomery County Police","Property Damage Crash","2022-04-28T22:04:00.000","Maryland (State)","SANDY SPRING RD","County","MCKNEW RD",,"N/A",,"SAME DIR REAR END","CLEAR","DRY","DARK LIGHTS ON","N/A","ALCOHOL PRESENT",,"D658DF1D-B9C7-4C1D-9EB9-C6D3E431656D","Yes","NO APPARENT INJURY","N/A","UNKNOWN","MD","00A3DB43-3D4F-490D-80BA-6D99C5DF59AC","DESTROYED","TWELVE OCLOCK","TWELVE OCLOCK","PASSENGER CAR","ACCELERATING","East","East","45","No","No","2017","TOYOTA","RAV4","N/A","39.10616533","-76.91640767","
,  
(39.10616533, -76.91640767)"
"MCP2703002P","220018115","Montgomery County Police","Property Damage Crash","2022-04-28T20:07:00.000",,,,,"BACK PARKING LOT OF 700 SLIGO AVE CONNECTING WITH 721 RITCHIE AVE",,,"SINGLE VEHICLE","CLEAR",,"DARK LIGHTS ON","N/A","UNKNOWN",,"A5BA0E71-5E35-4242-AFF1-6350D2F86AF8","Yes","NO APPARENT INJURY","N/A","UNKNOWN",,"4E970D68-21EE-4E9B-8756-D498B0A591A0","FUNCTIONAL","TWELVE OCLOCK","TWELVE OCLOCK","PASSENGER CAR","MOVING CONSTANT SPEED","East","South","15","No","No","2012","ACURA","4S","UNKNOWN","38.99028667","-77.016866","
,  
(38.99028667, -77.016866)"
"MCP2934004J","220018103","Montgomery County Police","Property Damage Crash","2022-04-28T18:46:00.000","Maryland (State)","RIVER RD","County","BURDETTE RD",,"N/A",,"SAME DIR REAR END","CLEAR","DRY","DAYLIGHT","TRAFFIC SIGNAL","UNKNOWN",,"40C39AC6-2A71-4EED-8E57-A4F6BA7012A3","Yes","NO APPARENT INJURY","N/A","UNKNOWN",,"4A3369B7-7E0F-4D75-9E59-45E9343DA791","UNKNOWN","UNKNOWN","UNKNOWN","PASSENGER CAR","ACCELERATING","Unknown","West","35","No","No","2006","MAZDA","SV","UNKNOWN","38.99021452","-77.15254052","
,  
(38.99021452, -77.15254052)"
"MCP2934004J","220018103","Montgomery County Police","Property Damage Crash","2022-04-28T18:46:00.000","Maryland (State)","RIVER RD","County","BURDETTE RD",,"N/A",,"SAME DIR REAR END","CLEAR","DRY","DAYLIGHT","TRAFFIC SIGNAL","NONE DETECTED",,"7A2C85ED-13A0-4050-8C96-54ACCA3C3987","No","NO APPARENT INJURY","N/A","NOT DISTRACTED","MD","8C15613D-97A7-43A9-8ED1-4EE990D467B9","SUPERFICIAL","SIX OCLOCK","SIX OCLOCK","(SPORT) UTILITY VEHICLE","STOPPED IN TRAFFIC LANE","West","West","35","No","No","2019","JEEP","COMPASS","NO MISUSE","38.99021452","-77.15254052","
,  
(38.99021452, -77.15254052)"
"DD56540004","220018091","Rockville Police Departme","Injury Crash","2022-04-28T18:25:00.000","Maryland (State)","VEIRS MILL RD","Municipality","MEADOW HALL DR",,"ROCKVILLE",,"STRAIGHT MOVEMENT ANGLE","N/A","DRY","DUSK","NO CONTROLS","NONE DETECTED",,"731F6DA8-E2B2-4620-A38D-8173E8756EE7","Yes","SUSPECTED MINOR INJURY","N/A","LOOKED BUT DID NOT SEE","MD","CAC34EDA-E4B4-4298-87F5-87C4B92F530B","DISABLING","THREE OCLOCK","THREE OCLOCK","PASSENGER CAR","MAKING LEFT TURN","South","South","35","No","No","2013","FORD","TK","NO MISUSE","39.07427327","-77.11373169","
,  
(39.07427327, -77.11373169)"
"DD56540004","220018091","Rockville Police Departme","Injury Crash","2022-04-28T18:25:00.000","Maryland (State)","VEIRS MILL RD","Municipality","MEADOW HALL DR",,"ROCKVILLE",,"STRAIGHT MOVEMENT ANGLE","N/A","DRY","DUSK","NO CONTROLS","NONE DETECTED",,"EFD9001E-8E02-4432-BCC6-C92C897EE210","No","SUSPECTED MINOR INJURY","N/A","NOT DISTRACTED","MD","1795CEB9-6449-437F-B06F-042FB62E53F0","DISABLING","TWELVE OCLOCK","TWELVE OCLOCK","PASSENGER CAR","MOVING CONSTANT SPEED","East","East","35","No","No","2016","AUDI","TK","NO MISUSE","39.07427327","-77.11373169","
,  
(39.07427327, -77.11373169)"
"MCP1220008Q","220018081","Montgomery County Police","Injury Crash","2022-04-28T17:15:00.000","County","LOCKWOOD DR","Unknown","HEATHER HOLLOW CIR",,"N/A",,"STRAIGHT MOVEMENT ANGLE","CLEAR","DRY","DAYLIGHT","NO CONTROLS","NONE DETECTED",,"562C6497-6DA9-478F-9252-169D7E798419","Yes","NO APPARENT INJURY","N/A","UNKNOWN","MD","A90F62D3-F8F2-4957-92C0-CFECFB0BB0A6","DISABLING","TWELVE OCLOCK","TWELVE OCLOCK","PASSENGER CAR","ENTERING TRAFFIC LANE","South","West","25","No","No","2015","HYUNDAI","ELANTRA","NO MISUSE","39.0414025","-76.98447867","
,  
(39.0414025, -76.98447867)"
"MCP1220008Q","220018081","Montgomery County Police","Injury Crash","2022-04-28T17:15:00.000","County","LOCKWOOD DR","Unknown","HEATHER HOLLOW CIR",,"N/A",,"STRAIGHT MOVEMENT ANGLE","CLEAR","DRY","DAYLIGHT","NO CONTROLS","NONE DETECTED",,"21D87AF9-6990-4E02-807D-75E5D1CC4BE0","No","POSSIBLE INJURY","N/A","NOT DISTRACTED","MD","6312EA21-7B79-473F-84F5-0D006A2B5BD5","DISABLING","EIGHT OCLOCK","EIGHT OCLOCK","VAN","MOVING CONSTANT SPEED","South","South","25","No","No","2020","HONDA","ODYSSEY","NO MISUSE","39.0414025","-76.98447867","
,  
(39.0414025, -76.98447867)"
"MCP3320000Q","220018076","Montgomery County Police","Injury Crash","2022-04-28T17:02:00.000","Maryland (State)","16TH ST","Unknown","BEGIN BRIDGE",,"N/A",,"OTHER","CLEAR","DRY","DAYLIGHT","NO CONTROLS","UNKNOWN",,"2D89F544-FEA5-41C2-8A3E-E9B2CFE1828C","Yes","SUSPECTED MINOR INJURY","N/A","UNKNOWN","DC","4D36C645-83FC-4148-A4C5-3638AA762788","DESTROYED","TWELVE OCLOCK","TWELVE OCLOCK","PASSENGER CAR","ACCELERATING","North","North","35","No","No","2019","DODGE","CHARGER","NO MISUSE","38.99963811","-77.03977659","
,  
(38.99963811, -77.03977659)"
"DD5650001D","220018069","Rockville Police Departme","Property Damage Crash","2022-04-28T16:51:00.000","Maryland (State)","VEIRS MILL RD","Municipality","ATLANTIC AVE",,"ROCKVILLE",,"STRAIGHT MOVEMENT ANGLE","CLEAR","DRY","DAYLIGHT","TRAFFIC SIGNAL","NONE DETECTED",,"32BF4F5E-24F8-442D-B4A0-5429262BD51C","Yes","NO APPARENT INJURY","N/A","NOT DISTRACTED","MD","79018DAD-003E-40DC-A8F2-1B0A5F7D211C","DISABLING","TWELVE OCLOCK","TWELVE OCLOCK","PASSENGER CAR","MOVING CONSTANT SPEED","East","East","40","No","No","2015","NISSAN","VERSA","NO MISUSE","39.0743185","-77.11588","
,  
(39.0743185, -77.11588)"
"DD5650001D","220018069","Rockville Police Departme","Property Damage Crash","2022-04-28T16:51:00.000","Maryland (State)","VEIRS MILL RD","Municipality","ATLANTIC AVE",,"ROCKVILLE",,"STRAIGHT MOVEMENT ANGLE","CLEAR","DRY","DAYLIGHT","TRAFFIC SIGNAL","NONE DETECTED",,"73CE8FFA-DF95-4C9A-8B9C-B29D06A13FC6","Yes","NO APPARENT INJURY","N/A","NOT DISTRACTED","MD","C1509FAF-3777-4917-BE9E-BAF63E4EA38F","FUNCTIONAL","TWELVE OCLOCK","TWELVE OCLOCK","PASSENGER CAR","MAKING LEFT TURN","South","West","40","No","No","2017","HONDA","CR-V","NO MISUSE","39.0743185","-77.11588","
,  
(39.0743185, -77.11588)"
"MCP242500HH","220018072","Montgomery County Police","Property Damage Crash","2022-04-28T16:40:00.000","County","FOREST GLEN RD","County","WOODLAND DR",,"N/A",,"SAME DIRECTION SIDESWIPE","CLEAR","DRY","DAYLIGHT","NO CONTROLS","NONE DETECTED",,"E98AF2E0-F840-42B6-ABAF-3DA7BBC1483C","Unknown","NO APPARENT INJURY","N/A","NOT DISTRACTED","MD","44ABBB38-62CE-47E6-AEAC-5BF1A4DED5B4","SUPERFICIAL","SEVEN OCLOCK","SEVEN OCLOCK","SCHOOL BUS","SLOWING OR STOPPING","West","West","25","No","No","2016","THOMAS","BUS","NO MISUSE","39.015675","-77.04130167","
,  
(39.015675, -77.04130167)"
"MCP242500HH","220018072","Montgomery County Police","Property Damage Crash","2022-04-28T16:40:00.000","County","FOREST GLEN RD","County","WOODLAND DR",,"N/A",,"SAME DIRECTION SIDESWIPE","CLEAR","DRY","DAYLIGHT","NO CONTROLS","NONE DETECTED",,"00306CA9-21EF-497D-A8B5-9ADA3BEC5991","Unknown","NO APPARENT INJURY","N/A","NOT DISTRACTED","MD","AE3D11DD-AFE5-4758-A2C5-3247F85B385E","SUPERFICIAL","THREE OCLOCK","THREE OCLOCK","PASSENGER CAR","MOVING CONSTANT SPEED","East","East","25","No","No","2009","HYUNDAI","SONATA","NO MISUSE","39.015675","-77.04130167","
,  
(39.015675, -77.04130167)"
"MCP3124005K","220018055","Montgomery County Police","Property Damage Crash","2022-04-28T15:57:00.000","County","REMINGTON DR","County","VIEWCREST TERR",,"N/A",,"SINGLE VEHICLE","CLEAR","DRY","DAYLIGHT","NO CONTROLS","NONE DETECTED",,"E716DC10-86A2-44FB-8E7C-C18B4D69823C","Yes","NO APPARENT INJURY","N/A","NOT DISTRACTED","MD","E33297B4-831B-465A-AAFD-41240681B602","FUNCTIONAL","TWELVE OCLOCK","TWELVE OCLOCK","PASSENGER CAR","MOVING CONSTANT SPEED","East","East","25","No","No","2012","AUDI","TK","N/A","39.053135","-77.01259","
,  
(39.053135, -77.01259)"
"MCP3232002S","220018054","Montgomery County Police","Injury Crash","2022-04-28T15:45:00.000","Maryland (State)","OLNEY SANDY SPRING RD","County","PRINCE PHILIP DR",,"N/A",,"SAME DIR REAR END","CLEAR","DRY","DAYLIGHT","NO CONTROLS","NONE DETECTED",,"0EAD49FB-2E30-4F82-BF08-78BAB406BC0C","No","POSSIBLE INJURY","N/A","NOT DISTRACTED","MD","666C8409-5E27-4F86-978B-90619A189875","DISABLING","SIX OCLOCK","SIX OCLOCK","PASSENGER CAR","SLOWING OR STOPPING","West","West","25","No","No","2015","AUDI","A4","NO MISUSE","39.150186","-77.05763217","
,  
(39.150186, -77.05763217)"
"MCP3232002S","220018054","Montgomery County Police","Injury Crash","2022-04-28T15:45:00.000","Maryland (State)","OLNEY SANDY SPRING RD","County","PRINCE PHILIP DR",,"N/A",,"SAME DIR REAR END","CLEAR","DRY","DAYLIGHT","NO CONTROLS","NONE DETECTED",,"6977928F-0EFE-4679-943F-24E1C6D716E4","No","NO APPARENT INJURY","N/A","NOT DISTRACTED","MD","11FA97DA-AC6A-44E1-A92B-93CD349C02A3","FUNCTIONAL","SIX OCLOCK","SIX OCLOCK","(SPORT) UTILITY VEHICLE","SLOWING OR STOPPING","West","West","25","No","No","2010","HYUN","TK","NO MISUSE","39.150186","-77.05763217","
,  
(39.150186, -77.05763217)"
"MCP3232002S","220018054","Montgomery County Police","Injury Crash","2022-04-28T15:45:00.000","Maryland (State)","OLNEY SANDY SPRING RD","County","PRINCE PHILIP DR",,"N/A",,"SAME DIR REAR END","CLEAR","DRY","DAYLIGHT","NO CONTROLS","NONE DETECTED",,"31688FDD-E247-41D3-88BE-7D9E7CC6A35C","Yes","POSSIBLE INJURY","N/A","NOT DISTRACTED","MD","C218DC97-8D4F-462A-BA5E-FC465267E889","DISABLING","TWELVE OCLOCK","TWELVE OCLOCK","PASSENGER CAR","SLOWING OR STOPPING","West","West","25","No","No","2015","HOND","ACCORD","NO MISUSE","39.150186","-77.05763217","
,  
(39.150186, -77.05763217)"
"DD56540003","220018067","Rockville Police Departme","Property Damage Crash","2022-04-28T14:56:00.000","Maryland (State)","ROCKVILLE PIKE","Municipality","CONGRESSIONAL LA",,"ROCKVILLE",,"STRAIGHT MOVEMENT ANGLE","N/A","DRY","DAYLIGHT","NO CONTROLS","NONE DETECTED",,"9D75BB1E-4118-4735-8FBC-95EF3EB110AC","No","NO APPARENT INJURY","N/A","NOT DISTRACTED","MD","A2FF62A0-5C26-4FB0-B809-13A0B6C67812","DISABLING","TWELVE OCLOCK","TWELVE OCLOCK","PASSENGER CAR","MOVING CONSTANT SPEED","South","South","35","No","No","2016","TOYOTA","COROLLA","NO MISUSE","39.06519809","-77.12728899","
,  
(39.06519809, -77.12728899)"
"DD56540003","220018067","Rockville Police Departme","Property Damage Crash","2022-04-28T14:56:00.000","Maryland (State)","ROCKVILLE PIKE","Municipality","CONGRESSIONAL LA",,"ROCKVILLE",,"STRAIGHT MOVEMENT ANGLE","N/A","DRY","DAYLIGHT","NO CONTROLS","NONE DETECTED",,"29DA3771-B38E-4DFA-971B-63C34CEF6C3F","Yes","NO APPARENT INJURY","N/A","LOOKED BUT DID NOT SEE","MD","AE9C21C6-5BDC-4967-847C-30B64044F233","FUNCTIONAL","ONE OCLOCK","ONE OCLOCK","PASSENGER CAR","MAKING LEFT TURN","West","West","35","No","No","2020","VOLVO","SD","N/A","39.06519809","-77.12728899","
,  
(39.06519809, -77.12728899)"
"MCP1205007R","220018038","Montgomery County Police","Property Damage Crash","2022-04-28T14:18:00.000","Maryland (State)","EAST WEST HWY","Other Public Roadway","ROSEMARY HILLS RD",,"N/A",,"SAME DIRECTION LEFT TURN","CLEAR","DRY","DAYLIGHT","NO CONTROLS","NONE DETECTED",,"6EFCAE2C-EC9D-4A23-B90C-534041D80FBE","No","NO APPARENT INJURY","N/A","NOT DISTRACTED","DC","DEC06D93-80CA-4625-8DBE-AC5F2026B7F3","FUNCTIONAL","TWELVE OCLOCK","TWELVE OCLOCK","MEDIUM/HEAVY TRUCKS 3 AXLES (OVER 10,000LBS (4,536KG))","MOVING CONSTANT SPEED","West","West","30","No","No","2014","PETER BUILT","DUMP TRUCK","NO MISUSE","38.996105","-77.04052","
,  
(38.996105, -77.04052)"
"MCP1205007R","220018038","Montgomery County Police","Property Damage Crash","2022-04-28T14:18:00.000","Maryland (State)","EAST WEST HWY","Other Public Roadway","ROSEMARY HILLS RD",,"N/A",,"SAME DIRECTION LEFT TURN","CLEAR","DRY","DAYLIGHT","NO CONTROLS","NONE DETECTED",,"E9ECA46D-8EE3-406D-BBB3-09C173E52B0D","Yes","NO APPARENT INJURY","N/A","NOT DISTRACTED","MD","87B49B06-18FC-4943-975F-DD36A10B1DB9","DISABLING","NINE OCLOCK","NINE OCLOCK","PASSENGER CAR","MAKING U TURN","East","West","30","No","No","2013","HONDA","CIVIC","NO MISUSE","38.996105","-77.04052","
,  
(38.996105, -77.04052)"
"MCP1220008P","220018016","Montgomery County Police","Property Damage Crash","2022-04-28T12:28:00.000","US (State)","COLUMBIA PIKE","County","GREENCASTLE RD",,"N/A",,"SAME DIR REAR END","CLEAR","DRY","DAYLIGHT","TRAFFIC SIGNAL","NONE DETECTED",,"AF358C4F-191F-426C-9970-755CEE53AA76","No","NO APPARENT INJURY","N/A","NOT DISTRACTED","MD","1D95BC0B-C7D4-4100-B2BC-C8B890675B92","NO DAMAGE","SIX OCLOCK","SIX OCLOCK","SCHOOL BUS","STOPPED IN TRAFFIC LANE","North","North","55","No","No","2011","THOMAS","SCHOOL BUS","NO MISUSE","39.09517933","-76.93794917","
,  
(39.09517933, -76.93794917)"
"MCP1220008P","220018016","Montgomery County Police","Property Damage Crash","2022-04-28T12:28:00.000","US (State)","COLUMBIA PIKE","County","GREENCASTLE RD",,"N/A",,"SAME DIR REAR END","CLEAR","DRY","DAYLIGHT","TRAFFIC SIGNAL","NONE DETECTED",,"5BE49AB4-2C9D-4E36-B931-7DE2F0C8D680","Yes","NO APPARENT INJURY","N/A","NOT DISTRACTED","MD","8529765D-7895-49DB-9569-774C582F8785","SUPERFICIAL","TWELVE OCLOCK","TWELVE OCLOCK","(SPORT) UTILITY VEHICLE","SLOWING OR STOPPING","North","North","55","No","No","2012","MERZ","GLK350","NO MISUSE","39.09517933","-76.93794917","
,  
(39.09517933, -76.93794917)"
"MCP2832006Z","220018014","Montgomery County Police","Injury Crash","2022-04-28T12:10:00.000","Maryland (State)","ROCKVILLE PIKE","Maryland (State)","OLD GEORGETOWN RD",,"N/A",,"SAME DIR REAR END","CLEAR","DRY","DAYLIGHT","TRAFFIC SIGNAL","NONE DETECTED",,"77E8184D-1B7F-4DC7-98A6-118387CF0E56","Yes","POSSIBLE INJURY","N/A","UNKNOWN","MD","53EB933A-6EFF-4D0E-860D-8E4A67151938","DISABLING","TWELVE OCLOCK","TWELVE OCLOCK","PASSENGER CAR","MOVING CONSTANT SPEED","North","North","40","No","No","2021","HYUNDAI","SONATA","NO MISUSE","39.04891833","-77.11383333","
,  
(39.04891833, -77.11383333)"
"MCP2832006Z","220018014","Montgomery County Police","Injury Crash","2022-04-28T12:10:00.000","Maryland (State)","ROCKVILLE PIKE","Maryland (State)","OLD GEORGETOWN RD",,"N/A",,"SAME DIR REAR END","CLEAR","DRY","DAYLIGHT","TRAFFIC SIGNAL","NONE DETECTED",,"77064942-D65F-4480-8F0E-8D192471534E","No","NO APPARENT INJURY","N/A","NOT DISTRACTED","MD","B1671EA2-FC2B-4646-993E-2641CABF2FD1","FUNCTIONAL","SIX OCLOCK","SIX OCLOCK","PASSENGER CAR","STOPPED IN TRAFFIC LANE","North","North","40","No","No","2020","PORS","911","NO MISUSE","39.04891833","-77.11383333","
,  
(39.04891833, -77.11383333)"
"MCP2832006Z","220018014","Montgomery County Police","Injury Crash","2022-04-28T12:10:00.000","Maryland (State)","ROCKVILLE PIKE","Maryland (State)","OLD GEORGETOWN RD",,"N/A",,"SAME DIR REAR END","CLEAR","DRY","DAYLIGHT","TRAFFIC SIGNAL","NONE DETECTED",,"45372F69-8DA4-4E1F-B3E1-3737DC1C363A","No","NO APPARENT INJURY","N/A","NOT DISTRACTED","MD","52228056-B21C-4969-A432-2B757CFC1E36","DISABLING","SIX OCLOCK","SIX OCLOCK","PASSENGER CAR","STOPPED IN TRAFFIC LANE","North","North","40","No","No","2013","BMW","535I","NO MISUSE","39.04891833","-77.11383333","
,  
(39.04891833, -77.11383333)"