"report_number","local_case_number","agency_name","acrs_report_type","crash_date_time","route_type","road_name","cross_street_type","cross_street_name","off_road_description","municipality","related_non_motorist","collision_type","weather","surface_condition","light","traffic_control","driver_substance_abuse","non_motorist_substance_abuse","person_id","driver_at_fault","injury_severity","circumstance","driver_distracted_by","drivers_license_state","vehicle_id","vehicle_damage_extent","vehicle_first_impact_location","vehicle_second_impact_location","vehicle_body_type","vehicle_movement","vehicle_continuing_dir","vehicle_going_dir","speed_limit","driverless_vehicle","parked_vehicle","vehicle_year","vehicle_make","vehicle_model","equipment_problems","latitude","longitude","geolocation"
"MCP23480067","220018003","Montgomery County Police","Fatal Crash","2022-04-28T10:01:00.000","County","TUCKERMAN LA","Unknown","KINGS RIDING WAY",,"N/A","PEDESTRIAN","SINGLE VEHICLE","CLEAR","DRY","DAYLIGHT","TRAFFIC SIGNAL","NONE DETECTED","UNKNOWN","6681B534-5C71-4DBB-8394-11B3CC73DB64","Unknown","NO APPARENT INJURY","N/A","NOT DISTRACTED","MD","CF0C0B0A-C493-4AD4-A663-63EFB3843C64","FUNCTIONAL","TWELVE OCLOCK","TWELVE OCLOCK","PASSENGER CAR","ACCELERATING","West","West","40","No","No","2019","SUBARU","FORESTER","NO MISUSE","39.03005928","-77.11307377","
,  
(39.03005928, -77.11307377)"
"MCP25920025","220017982","Montgomery County Police","Property Damage Crash","2022-04-28T09:00:00.000",,,,,"PARKING LOT IN FRONT OF 8205 WHISPERING OAKS WAY",,,"SINGLE VEHICLE","CLEAR",,"DAYLIGHT","N/A","NONE DETECTED",,"A698EFA2-0FA5-4090-AC05-C6ADF17B2874","Yes","NO APPARENT INJURY","N/A","UNKNOWN","MD","5DBF576E-55CC-485B-80DA-D24B369B10E0","DISABLING","ONE OCLOCK","ONE OCLOCK","PASSENGER CAR","MAKING RIGHT TURN","Unknown","Unknown","10","No","No","2013","FORD","TAURUS","NO MISUSE","39.15601833","-77.16751333","
,  
(39.15601833, -77.16751333)"
"DD5652000N","220017978","Rockville Police Departme","Injury Crash","2022-04-28T08:41:00.000","Maryland (State)","VEIRS MILL RD","Municipality","EDMONSTON DR",,"ROCKVILLE",,"SAME DIR REAR END","CLEAR","DRY","DAYLIGHT","NO CONTROLS","NONE DETECTED",,"75953005-7795-42F6-B384-270F217A88BC","Yes","NO APPARENT INJURY","N/A","NOT DISTRACTED","MD","3222AA37-A9E9-4420-AA11-00A351DBDAD2","SUPERFICIAL","TWELVE OCLOCK","TWELVE OCLOCK","PASSENGER CAR","MOVING CONSTANT SPEED","West","West","35","No","No","2012","HOND","TK","NO MISUSE","39.0783675","-77.12923317","
,  
(39.0783675, -77.12923317)"
"DD5652000N","220017978","Rockville Police Departme","Injury Crash","2022-04-28T08:41:00.000","Maryland (State)","VEIRS MILL RD","Municipality","EDMONSTON DR",,"ROCKVILLE",,"SAME DIR REAR END","CLEAR","DRY","DAYLIGHT","NO CONTROLS","NONE DETECTED",,"29C670E2-D01B-4558-BF00-8D1723585B12","No","POSSIBLE INJURY","N/A","NOT DISTRACTED","MD","FCCCD4B7-1D54-4A62-BECB-4FAF3997EF5A","SUPERFICIAL","SIX OCLOCK","SIX OCLOCK","PASSENGER CAR","MOVING CONSTANT SPEED","West","West","35","No","No","2013","FORD","TK","NO MISUSE","39.0783675","-77.12923317","
,  
(39.0783675, -77.12923317)"
"MCP263900F3","220017973","Montgomery County Police","Property Damage Crash","2022-04-28T08:01:00.000","Maryland (State)","WOODFIELD RD","County","CHURCHILL DOWNS RD",,"N/A",,"SAME DIR REAR END","CLEAR","DRY","DAYLIGHT","NO CONTROLS","NONE DETECTED",,"40202846-0B78-4E5B-A18F-2D5A775B05A0","No","NO APPARENT INJURY","N/A","NOT DISTRACTED","MD","955354BC-4D25-4F4F-8A50-3D8532240BAB","DISABLING","SIX OCLOCK","SIX OCLOCK","PASSENGER CAR","MAKING LEFT TURN","West","North","50","No","No","2007","TOYOTA","CAMRY","NO MISUSE","39.21686667","-77.173225","
,  
(39.21686667, -77.173225)"
"MCP263900F3","220017973","Montgomery County Police","Property Damage Crash","2022-04-28T08:01:00.000","Maryland (State)","WOODFIELD RD","County","CHURCHILL DOWNS RD",,"N/A",,"SAME DIR REAR END","CLEAR","DRY","DAYLIGHT","NO CONTROLS","NONE DETECTED",,"5944C1CB-3E06-469C-B386-9C61D9C00FA2","Yes","NO APPARENT INJURY","N/A","NOT DISTRACTED","MD","DFD96703-38B5-435E-9F73-63E52D8C098F","FUNCTIONAL","TWELVE OCLOCK","TWELVE OCLOCK","VAN","MOVING CONSTANT SPEED","North","North","50","No","No","2008","FORD","E250","NO MISUSE","39.21686667","-77.173225","
,  
(39.21686667, -77.173225)"
"MCP3235001Q","220017954","Montgomery County Police","Property Damage Crash","2022-04-27T23:54:00.000","US (State)","COLESVILLE RD","Maryland (State)","UNIVERSITY BLVD E",,"N/A",,"STRAIGHT MOVEMENT ANGLE","CLEAR","DRY","DARK LIGHTS ON","TRAFFIC SIGNAL","NONE DETECTED",,"740F34EB-5F76-49C5-B525-064A2E5184A3","Unknown","NO APPARENT INJURY","N/A","NOT DISTRACTED","MD","BD9CCCE8-121F-48F6-A72D-5D02593D1FF2","DISABLING","TWELVE OCLOCK","TWELVE OCLOCK","PASSENGER CAR","MOVING CONSTANT SPEED","South","South","40","No","No","2012","TOYOTA","CAMRY","NO MISUSE","39.01962161","-77.01321879","
,  
(39.01962161, -77.01321879)"
"MCP3235001Q","220017954","Montgomery County Police","Property Damage Crash","2022-04-27T23:54:00.000","US (State)","COLESVILLE RD","Maryland (State)","UNIVERSITY BLVD E",,"N/A",,"STRAIGHT MOVEMENT ANGLE","CLEAR","DRY","DARK LIGHTS ON","TRAFFIC SIGNAL","NONE DETECTED",,"977006F1-C331-4A99-B4E0-A443647FCF35","Unknown","NO APPARENT INJURY","N/A","NOT DISTRACTED","MD","218B7ECC-9A15-4DBA-A7CD-ABFB4E53A82D","DISABLING","NINE OCLOCK","NINE OCLOCK","PASSENGER CAR","ACCELERATING","East","East","40","No","No","2006","TOYOTA","SIENNA","NO MISUSE","39.01962161","-77.01321879","
,  
(39.01962161, -77.01321879)"
"MCP32920017","220017948","Montgomery County Police","Property Damage Crash","2022-04-27T22:24:00.000","Interstate (State)","NO NAME","Ramp","RAMP 6 FR IS 370 EB TO RAMP 7 (TO IS270)",,"N/A",,"SAME DIRECTION LEFT TURN","CLEAR","N/A","DARK LIGHTS ON","NO CONTROLS","NONE DETECTED",,"4C3B05F2-C7B8-4C8F-8DE5-8DFA4A5646AC","No","NO APPARENT INJURY","N/A","NOT DISTRACTED","MD","8DEE9A4E-C9D0-409F-BDE8-54FC979A37A1","FUNCTIONAL","FOUR OCLOCK","FOUR OCLOCK","PASSENGER CAR","MOVING CONSTANT SPEED","South","East","55","No","No","2019","HOND","4H","NO MISUSE","39.11992576","-77.2012367","
,  
(39.11992576, -77.2012367)"
"MCP32920017","220017948","Montgomery County Police","Property Damage Crash","2022-04-27T22:24:00.000","Interstate (State)","NO NAME","Ramp","RAMP 6 FR IS 370 EB TO RAMP 7 (TO IS270)",,"N/A",,"SAME DIRECTION LEFT TURN","CLEAR","N/A","DARK LIGHTS ON","NO CONTROLS","NONE DETECTED",,"A523A991-161B-4DEF-A3BE-D4BB1FBCAE6E","Yes","NO APPARENT INJURY","N/A","LOOKED BUT DID NOT SEE","MD","6568F240-84F4-418B-AAC1-5F053A607915","FUNCTIONAL","ELEVEN OCLOCK","ELEVEN OCLOCK","PASSENGER CAR","MOVING CONSTANT SPEED","East","East","55","No","No","2019","HONDA","CRV","NO MISUSE","39.11992576","-77.2012367","
,  
(39.11992576, -77.2012367)"
"MCP30530058","220017942","Montgomery County Police","Injury Crash","2022-04-27T21:34:00.000","County","WEISMAN RD","County","JUDSON RD",,"N/A",,"SAME DIR REAR END","CLEAR","DRY","DARK LIGHTS ON","NO CONTROLS","N/A",,"089F5243-33D7-408A-B1A0-06338C210F6F","Yes","POSSIBLE INJURY","N/A","NOT DISTRACTED","MD","2CD6A7B2-D927-4B22-AE91-E42232B55B3A","DISABLING","TWELVE OCLOCK","TWELVE OCLOCK","PASSENGER CAR","MOVING CONSTANT SPEED","East","East","20","No","No","2004","HONDA","CIVIC","NO MISUSE","39.05483833","-77.05696167","
,  
(39.05483833, -77.05696167)"
"MCP3311000R","220017939","Montgomery County Police","Injury Crash","2022-04-27T20:45:00.000","County","NICHOLSON LA","County","HUFF CT",,"N/A","PEDESTRIAN","OTHER","CLEAR","DRY","DARK LIGHTS ON","TRAFFIC SIGNAL","N/A","N/A","603C92B4-982A-4DCF-BCDB-3BFC46798330","No","NO APPARENT INJURY","N/A","NOT DISTRACTED","MD","291D8447-7F81-443E-9EAC-645EA1B420AF","NO DAMAGE","TWELVE OCLOCK","TWELVE OCLOCK","PASSENGER CAR","MOVING CONSTANT SPEED","West","West","30","No","No","2014","TOYOTA","CAMRY","N/A","39.04491764","-77.10768173","
,  
(39.04491764, -77.10768173)"
"MCP003600GG","220017911","Montgomery County Police","Property Damage Crash","2022-04-27T18:38:00.000","County","FENWICK LA","County","SECOND AVE",,"N/A",,"SAME DIRECTION SIDESWIPE","CLEAR","DRY","DAYLIGHT","NO CONTROLS","NONE DETECTED",,"B4AE98FD-7CAA-408E-B2D3-7986F6694427","Yes","NO APPARENT INJURY","N/A","NOT DISTRACTED","MD","A6230036-87BC-4FBE-8995-4CD6EE77BBC7","SUPERFICIAL","FIVE OCLOCK","FIVE OCLOCK","TRANSIT BUS","STARTING FROM LANE","West","North","25","No","No","2014","GILLIG","BUS","NO MISUSE","38.9978045","-77.03198533","
,  
(38.9978045, -77.03198533)"
"MCP003600GG","220017911","Montgomery County Police","Property Damage Crash","2022-04-27T18:38:00.000","County","FENWICK LA","County","SECOND AVE",,"N/A",,"SAME DIRECTION SIDESWIPE","CLEAR","DRY","DAYLIGHT","NO CONTROLS","NONE DETECTED",,"FA6B6DD7-3CE5-426F-B8E6-1F87DA763E05","No","NO APPARENT INJURY","N/A","NOT DISTRACTED","MD","CAD5C8D4-1598-4225-82AA-B667DFCDFF94","SUPERFICIAL","ELEVEN OCLOCK","ELEVEN OCLOCK","PASSENGER CAR","STOPPED IN TRAFFIC LANE","North","North","25","No","No","2017","ALFA","SD","NO MISUSE","38.9978045","-77.03198533","
,  
(38.9978045, -77.03198533)"
"MCP3059007X","220017903","Montgomery County Police","Injury Crash","2022-04-27T17:56:00.000",,,,,"PARKING LOT OF 20918 FREDERICK RD",,,"STRAIGHT MOVEMENT ANGLE","CLEAR",,"DAYLIGHT","NO CONTROLS","NONE DETECTED",,"3770AE32-F677-4B77-9E9E-7944E88871CD","Unknown","SUSPECTED MINOR INJURY","N/A","UNKNOWN","MD","CBA4EB73-8EBF-49DB-99F0-1CF1FCB55EC9","DESTROYED","ONE OCLOCK","ONE OCLOCK","PASSENGER CAR","MOVING CONSTANT SPEED","West","North","25","No","No","2012","HONDA","ACCORD","NO MISUSE","39.200435","-77.24986","
,  
(39.200435, -77.24986)"
"MCP3059007X","220017903","Montgomery County Police","Injury Crash","2022-04-27T17:56:00.000",,,,,"PARKING LOT OF 20918 FREDERICK RD",,,"STRAIGHT MOVEMENT ANGLE","CLEAR",,"DAYLIGHT","NO CONTROLS","NONE DETECTED",,"AD8EA040-24C5-4E53-B15A-F2967B5D093A","Unknown","SUSPECTED MINOR INJURY","N/A","UNKNOWN","MD","FF7D8449-30D4-4CE0-B395-423A2E88EBE1","DESTROYED","ELEVEN OCLOCK","ELEVEN OCLOCK","PASSENGER CAR","ACCELERATING","North","West","25","No","No","2014","HONDA","ACCORD","NO MISUSE","39.200435","-77.24986","
,  
(39.200435, -77.24986)"
"MCP3161003W","220017896","Montgomery County Police","Property Damage Crash","2022-04-27T17:00:00.000","County","WOODMONT AVE","County","RUGBY AVE",,"N/A",,"STRAIGHT MOVEMENT ANGLE","CLEAR","DRY","DAYLIGHT","STOP SIGN","NONE DETECTED",,"46DC5C38-A9A8-4FC9-8954-C07F1F5A3228","No","NO APPARENT INJURY","N/A","NOT DISTRACTED","MD","9869B148-435F-4E82-962C-07C0C6389EB2","DISABLING","ELEVEN OCLOCK","ELEVEN OCLOCK","PASSENGER CAR","MOVING CONSTANT SPEED","North","North","25","No","No","2011","FORD","TRANSIT","NO MISUSE","38.99129833","-77.096925","
,  
(38.99129833, -77.096925)"
"MCP3161003W","220017896","Montgomery County Police","Property Damage Crash","2022-04-27T17:00:00.000","County","WOODMONT AVE","County","RUGBY AVE",,"N/A",,"STRAIGHT MOVEMENT ANGLE","CLEAR","DRY","DAYLIGHT","STOP SIGN","UNKNOWN",,"BC2F6C27-6100-49D9-A095-E2F8092C6297","Yes","NO APPARENT INJURY","N/A","UNKNOWN","MD","B95A9FEC-0363-4E6D-82BB-431992712848","FUNCTIONAL","ONE OCLOCK","ONE OCLOCK","PASSENGER CAR","MAKING LEFT TURN","North","East","25","No","No","2017","BMW","M4","UNKNOWN","38.99129833","-77.096925","
,  
(38.99129833, -77.096925)"
"DD5617002S","220017927","Rockville Police Departme","Property Damage Crash","2022-04-27T16:12:00.000","Municipality","CHOKE CHERRY RD","Unknown","CROSSOVER",,"N/A",,"SAME DIRECTION SIDESWIPE","N/A","N/A","DAYLIGHT","N/A","N/A",,"B5F30538-5D5E-4055-8568-805C3458BF61","No","NO APPARENT INJURY","N/A","UNKNOWN","MD","D13ED3C5-44FE-40BB-84C2-85C97CFD16B0","SUPERFICIAL","FIVE OCLOCK","FIVE OCLOCK","N/A","STOPPED IN TRAFFIC LANE","East","East","30","No","No","2020","KIA","SEDAN","N/A","39.11316648","-77.18348867","
,  
(39.11316648, -77.18348867)"
"DD5617002S","220017927","Rockville Police Departme","Property Damage Crash","2022-04-27T16:12:00.000","Municipality","CHOKE CHERRY RD","Unknown","CROSSOVER",,"N/A",,"SAME DIRECTION SIDESWIPE","N/A","N/A","DAYLIGHT","N/A","UNKNOWN",,"77DC4A02-13E0-430B-90C9-9DB90CC93A5D","Yes","NO APPARENT INJURY","N/A","UNKNOWN",,"4177C408-71B4-451F-AD9A-AB2038D8F4BC","UNKNOWN","SEVEN OCLOCK","SEVEN OCLOCK","CARGO VAN/LIGHT TRUCK 2 AXLES (OVER 10,000LBS (4,536 KG))","MAKING RIGHT TURN","East","East","30","No","No","2004","FREI","TRUCK","UNKNOWN","39.11316648","-77.18348867","
,  
(39.11316648, -77.18348867)"
"MCP3024002G","220017750","Montgomery County Police","Injury Crash","2022-04-27T15:58:00.000","County","WISTERIA DR","Unknown","CIRCLE GATE DR",,"N/A","PEDESTRIAN","SINGLE VEHICLE","CLEAR","DRY","DAYLIGHT","NO CONTROLS","N/A","N/A","319446A9-1C8A-4CA8-9F15-3B14B5EE84D9","Unknown","NO APPARENT INJURY","N/A","NOT DISTRACTED","MD","CF36B175-583B-4255-8B9C-C3E114CFEECF","NO DAMAGE","TWELVE OCLOCK","TWELVE OCLOCK","PASSENGER CAR","MOVING CONSTANT SPEED","South","South","30","No","No","2018","TOYOTA","COROLLA","N/A","39.17272678","-77.26414402","
,  
(39.17272678, -77.26414402)"
"MCP1099004B","220017879","Montgomery County Police","Injury Crash","2022-04-27T14:41:00.000","Maryland (State)","MUNCASTER MILL RD","County","NEEDWOOD RD",,"N/A",,"SAME DIR REAR END","CLEAR","DRY","DAYLIGHT","N/A","NONE DETECTED",,"9C551032-9495-426D-8654-EDDE84EDF946","No","POSSIBLE INJURY","N/A","NOT DISTRACTED","MD","A4C71411-B794-4A7F-A6E9-35222A0C0343","DISABLING","FIVE OCLOCK","FIVE OCLOCK","PASSENGER CAR","SLOWING OR STOPPING","West","West","40","No","No","2022","HONDA","UT","NO MISUSE","39.13032833","-77.11921333","
,  
(39.13032833, -77.11921333)"
"MCP1099004B","220017879","Montgomery County Police","Injury Crash","2022-04-27T14:41:00.000","Maryland (State)","MUNCASTER MILL RD","County","NEEDWOOD RD",,"N/A",,"SAME DIR REAR END","CLEAR","DRY","DAYLIGHT","N/A","NONE DETECTED",,"DC8A1FFC-D91D-4342-B10F-21D7281B0610","Yes","NO APPARENT INJURY","N/A","LOOKED BUT DID NOT SEE","MD","2CCB99F7-E689-47B2-B896-78F54BC8809E","DISABLING","ELEVEN OCLOCK","ELEVEN OCLOCK","PASSENGER CAR","MOVING CONSTANT SPEED","West","West","40","No","No","2015","ACUR","SW","NO MISUSE","39.13032833","-77.11921333","
,  
(39.13032833, -77.11921333)"
"MCP1099004B","220017879","Montgomery County Police","Injury Crash","2022-04-27T14:41:00.000","Maryland (State)","MUNCASTER MILL RD","County","NEEDWOOD RD",,"N/A",,"SAME DIR REAR END","CLEAR","DRY","DAYLIGHT","N/A","NONE DETECTED",,"D0194383-C341-494B-80D9-FA3C79B39DD5","No","NO APPARENT INJURY","N/A","NOT DISTRACTED","MD","2635E33C-B40D-48AA-9129-E85E7873A537","FUNCTIONAL","SIX OCLOCK","SIX OCLOCK","PASSENGER CAR","SLOWING OR STOPPING","West","West","40","No","No","2013","HONDA","4S","NO MISUSE","39.13032833","-77.11921333","
,  
(39.13032833, -77.11921333)"
"MCP22280015","220017878","Montgomery County Police","Property Damage Crash","2022-04-27T14:26:00.000",,,,,"PARKING LOT 5939 MUNCASTER MILL RD",,,"OTHER","CLEAR",,"DAYLIGHT","N/A","NONE DETECTED",,"8920DE04-10DD-464A-9EFE-18E65A640B78","Yes","NO APPARENT INJURY","N/A","LOOKED BUT DID NOT SEE","MD","78A204FB-9CD1-416F-891E-3D143A98360E","SUPERFICIAL","SIX OCLOCK","SIX OCLOCK","SCHOOL BUS","ACCELERATING","East","East","5","No","No","2015","THOMAS","BLUEBIRD","NO MISUSE","39.1313586","-77.11832745","
,  
(39.1313586, -77.11832745)"
"MCP285900C4","220017872","Montgomery County Police","Property Damage Crash","2022-04-27T14:10:00.000","Maryland (State)","KEY WEST AVE","County","DIAMONDBACK DR",,"N/A",,"SAME DIR REAR END","CLEAR","DRY","DAYLIGHT","NO CONTROLS","NONE DETECTED",,"F3CE2169-C5E0-45A3-B9E4-AEEA8B2FAB38","No","NO APPARENT INJURY","N/A","NOT DISTRACTED","MD","805F81FB-943C-4724-9DB3-A715227D9B0C","FUNCTIONAL","SIX OCLOCK","SIX OCLOCK","PASSENGER CAR","SLOWING OR STOPPING","West","West","30","No","No","2010","CHEV","SUV","NO MISUSE","39.10484","-77.20202","
,  
(39.10484, -77.20202)"
"MCP285900C4","220017872","Montgomery County Police","Property Damage Crash","2022-04-27T14:10:00.000","Maryland (State)","KEY WEST AVE","County","DIAMONDBACK DR",,"N/A",,"SAME DIR REAR END","CLEAR","DRY","DAYLIGHT","NO CONTROLS","NONE DETECTED",,"8D0E5D50-92FF-4E07-8505-1115C940793E","No","NO APPARENT INJURY","N/A","NOT DISTRACTED","MD","77DD042B-E854-407B-A236-1E98DA0F477C","SUPERFICIAL","SIX OCLOCK","SIX OCLOCK","PASSENGER CAR","SLOWING OR STOPPING","West","West","30","No","No","2017","MERZ","SUV","NO MISUSE","39.10484","-77.20202","
,  
(39.10484, -77.20202)"
"MCP285900C4","220017872","Montgomery County Police","Property Damage Crash","2022-04-27T14:10:00.000","Maryland (State)","KEY WEST AVE","County","DIAMONDBACK DR",,"N/A",,"SAME DIR REAR END","CLEAR","DRY","DAYLIGHT","NO CONTROLS","NONE DETECTED",,"89BC5FFD-43B8-49E1-8236-3A3DD5585DFA","Yes","NO APPARENT INJURY","N/A","UNKNOWN","MD","3E4547B4-3E55-42E3-A58B-2AD35F8F43F4","DESTROYED","TWELVE OCLOCK","TWELVE OCLOCK","PASSENGER CAR","MOVING CONSTANT SPEED","West","West","30","No","No","2007","CADI","SUV","NO MISUSE","39.10484","-77.20202","
,  
(39.10484, -77.20202)"
"MCP20160065","220017857","Montgomery County Police","Injury Crash","2022-04-27T12:58:00.000","Maryland (State)","ROCKVILLE PIKE","Maryland (State)","FIRST ST",,"N/A","OTHER PEDALCYCLIST","OTHER","CLEAR","DRY","DAYLIGHT","N/A","N/A","N/A","7DEC4AF1-1002-4735-980D-C8E428E1AF3E","No","NO APPARENT INJURY","N/A","NOT DISTRACTED","MD","595848E5-F085-4F76-B575-9BCAA3AE76CF","FUNCTIONAL","TWO OCLOCK","TWO OCLOCK","PASSENGER CAR","MAKING RIGHT TURN","West","South","40","No","No","2019","CHRY","VN","NO MISUSE","39.11254","-77.23547667","
,  
(39.11254, -77.23547667)"
"MCP3307001C","220017837","Montgomery County Police","Property Damage Crash","2022-04-27T11:30:00.000","Maryland (State)","LAYHILL RD","County","GLENALLAN AVE",,"N/A",,"SINGLE VEHICLE","CLEAR","DRY","DAYLIGHT","N/A","NONE DETECTED",,"A5A0CDCE-93B3-4F9E-8190-3897DEFDE252","Yes","NO APPARENT INJURY","N/A","UNKNOWN","MD","A2B50A6B-C44B-406D-B5A1-F7A6913B32AF","DISABLING","ELEVEN OCLOCK","ELEVEN OCLOCK","PASSENGER CAR","MOVING CONSTANT SPEED","South","South","40","No","No","2015","TOYOTA","COROLLA","NO MISUSE","39.06242833","-77.05049833","
,  
(39.06242833, -77.05049833)"
"MCP2351004H","220017838","Montgomery County Police","Property Damage Crash","2022-04-27T11:00:00.000","County","AVERY RD","County","DIMES RD",,"N/A",,"OTHER","CLOUDY","DRY","DAYLIGHT","NO CONTROLS","NONE DETECTED",,"DB1A8A86-0BD0-4D7A-8987-2476399D836A","No","NO APPARENT INJURY","N/A","NOT DISTRACTED","MD","6AE50DC0-ADB3-4575-B8F7-4FA41469867D","SUPERFICIAL","ONE OCLOCK","ONE OCLOCK","FIRE VEHICLE/EMERGENCY","MOVING CONSTANT SPEED","North","North","40","No","No","2019","PIRC","TK","NO MISUSE","39.10948396","-77.12123894","
,  
(39.10948396, -77.12123894)"
"DD5653001M","220017840","Rockville Police Departme","Property Damage Crash","2022-04-27T10:30:00.000",,,,,"MONTGOMERY COUNTY COLLEGE LOT 5 PARKING LOT",,,"OTHER","CLOUDY",,"DAYLIGHT","NO CONTROLS","UNKNOWN",,"170242F1-4149-4599-A3B1-3306DE5B7F0E","Yes","NO APPARENT INJURY","N/A","UNKNOWN","MD","A5CF7C12-498E-4DE7-A157-11117FDA8154","N/A","SIX OCLOCK","SIX OCLOCK","VAN","BACKING","North","North","10","No","No","2022","HONDA","ODYSSEY","UNKNOWN","39.10022389","-77.15884385","
,  
(39.10022389, -77.15884385)"
"DD5652000M","220017831","Rockville Police Departme","Injury Crash","2022-04-27T10:14:00.000","Maryland (State)","HUNGERFORD DR","Municipality","COLLEGE PKWY",,"ROCKVILLE",,"STRAIGHT MOVEMENT ANGLE","CLEAR","DRY","DAYLIGHT","TRAFFIC SIGNAL","NONE DETECTED",,"C2E185E9-C4E2-447C-A43A-FDF1907C875C","No","POSSIBLE INJURY","N/A","NOT DISTRACTED","MD","C7FE24AA-EE27-4BB6-A8AC-8E5CDE5E7A01","DISABLING","TWELVE OCLOCK","TWELVE OCLOCK","PASSENGER CAR","MOVING CONSTANT SPEED","North","East","35","No","No","2018","MERZ","SD","NO MISUSE","39.10333983","-77.1561125","
,  
(39.10333983, -77.1561125)"
"DD5652000M","220017831","Rockville Police Departme","Injury Crash","2022-04-27T10:14:00.000","Maryland (State)","HUNGERFORD DR","Municipality","COLLEGE PKWY",,"ROCKVILLE",,"STRAIGHT MOVEMENT ANGLE","CLEAR","DRY","DAYLIGHT","TRAFFIC SIGNAL","NONE DETECTED",,"F704DFB5-F1B0-4D5F-9427-6F0792CBB2C0","Yes","NO APPARENT INJURY","N/A","NOT DISTRACTED","MD","AF8627C6-9C32-4208-AAAF-7C6925CF19B2","DISABLING","TWELVE OCLOCK","TWELVE OCLOCK","PASSENGER CAR","MOVING CONSTANT SPEED","South","South","35","No","No","1998","TOYT","4S","NO MISUSE","39.10333983","-77.1561125","
,  
(39.10333983, -77.1561125)"
"MCP3253001M","220017823","Montgomery County Police","Injury Crash","2022-04-27T09:16:00.000","Maryland (State)","CLOPPER RD","Unknown","SPUR FR MD 124",,"N/A",,"SAME DIR REAR END","CLEAR","DRY","DAYLIGHT","TRAFFIC SIGNAL","NONE DETECTED",,"2A2C205B-0989-4F1B-BC49-51B674B4A87C","Yes","NO APPARENT INJURY","N/A","OTHER DISTRACTION","MD","735E57D6-3806-401F-B591-2871E71D5488","SUPERFICIAL","TWELVE OCLOCK","TWELVE OCLOCK","PASSENGER CAR","SLOWING OR STOPPING","East","East","35","No","No","2018","NISSAN","SD","NO MISUSE","39.14268744","-77.22116787","
,  
(39.14268744, -77.22116787)"
"MCP3253001M","220017823","Montgomery County Police","Injury Crash","2022-04-27T09:16:00.000","Maryland (State)","CLOPPER RD","Unknown","SPUR FR MD 124",,"N/A",,"SAME DIR REAR END","CLEAR","DRY","DAYLIGHT","TRAFFIC SIGNAL","NONE DETECTED",,"66D8B1D7-12C4-4A40-9254-2E29C466E164","No","POSSIBLE INJURY","N/A","NOT DISTRACTED","MD","745A4226-B2DB-4394-8FC6-C2F2B25D27E1","SUPERFICIAL","SIX OCLOCK","SIX OCLOCK","PASSENGER CAR","SLOWING OR STOPPING","East","East","35","No","No","2013","BMW","SD","NO MISUSE","39.14268744","-77.22116787","
,  
(39.14268744, -77.22116787)"
"MCP3300001R","220017821","Montgomery County Police","Property Damage Crash","2022-04-27T08:20:00.000","County","RANDOLPH RD","County","FULLER ST",,"N/A",,"SAME DIRECTION SIDESWIPE","CLEAR","DRY","DAYLIGHT","TRAFFIC SIGNAL","NONE DETECTED",,"4567D74C-186E-4A1C-A8A7-2D84CF805FF1","No","NO APPARENT INJURY","N/A","NOT DISTRACTED","MD","1EE59E00-78EC-4354-BBA1-8D3650D2A793","SUPERFICIAL","SEVEN OCLOCK","SEVEN OCLOCK","VAN","SLOWING OR STOPPING","West","West","35","No","No","2019","MERCEDES","SPRINTER","N/A","39.05768688","-77.07212613","
,  
(39.05768688, -77.07212613)"
"MCP3300001R","220017821","Montgomery County Police","Property Damage Crash","2022-04-27T08:20:00.000","County","RANDOLPH RD","County","FULLER ST",,"N/A",,"SAME DIRECTION SIDESWIPE","CLEAR","DRY","DAYLIGHT","TRAFFIC SIGNAL","NONE DETECTED",,"79D0A427-45E7-418F-9AC7-319997FF9BF2","Yes","NO APPARENT INJURY","N/A","UNKNOWN","MD","7FBFD230-FD10-41E9-9415-A48146B84613","FUNCTIONAL","THREE OCLOCK","THREE OCLOCK","(SPORT) UTILITY VEHICLE","MOVING CONSTANT SPEED","West","West","35","No","No","2018","JEEP","RENEGADE","N/A","39.05768688","-77.07212613","
,  
(39.05768688, -77.07212613)"
"MCP3322000N","220017812","Montgomery County Police","Injury Crash","2022-04-27T06:41:00.000","Maryland (State)","GEORGIA AVE","County","HEWITT AVE",,"N/A",,"STRAIGHT MOVEMENT ANGLE","CLEAR","DRY","DAYLIGHT","STOP SIGN","N/A",,"B6D81898-DE20-406F-B8CF-D4E99C2E39E9","No","NO APPARENT INJURY","N/A","NOT DISTRACTED","MD","D4D949A7-4388-45F9-B245-5CC58D12ACB9","DISABLING","ONE OCLOCK","ONE OCLOCK","PASSENGER CAR","MOVING CONSTANT SPEED","South","South","25","No","No","2017","NISSAN","VERS","N/A","39.08015615","-77.06168346","
,  
(39.08015615, -77.06168346)"