"report_number","local_case_number","agency_name","acrs_report_type","crash_date_time","route_type","road_name","cross_street_type","cross_street_name","off_road_description","municipality","related_non_motorist","collision_type","weather","surface_condition","light","traffic_control","driver_substance_abuse","non_motorist_substance_abuse","person_id","driver_at_fault","injury_severity","circumstance","driver_distracted_by","drivers_license_state","vehicle_id","vehicle_damage_extent","vehicle_first_impact_location","vehicle_second_impact_location","vehicle_body_type","vehicle_movement","vehicle_continuing_dir","vehicle_going_dir","speed_limit","driverless_vehicle","parked_vehicle","vehicle_year","vehicle_make","vehicle_model","equipment_problems","latitude","longitude","geolocation"
"MCP3322000N","220017812","Montgomery County Police","Injury Crash","2022-04-27T06:41:00.000","Maryland (State)","GEORGIA AVE","County","HEWITT AVE",,"N/A",,"STRAIGHT MOVEMENT ANGLE","CLEAR","DRY","DAYLIGHT","STOP SIGN","N/A",,"AB01A136-B402-402F-B256-4E6526890EA5","Yes","POSSIBLE INJURY","N/A","LOOKED BUT DID NOT SEE","MD","864FD65E-8F65-4097-9E16-63FBFC5491EA","FUNCTIONAL","TWELVE OCLOCK","TWELVE OCLOCK","VAN","MAKING RIGHT TURN","South","South","25","No","No","2005","CHEVROLET","ASTRO","N/A","39.08015615","-77.06168346","
,  
(39.08015615, -77.06168346)"
"MCP2857003S","220017803","Montgomery County Police","Injury Crash","2022-04-27T00:14:00.000","County","AMITY DR","County","BOUNDING BEND CT",,"N/A",,"OTHER","CLEAR","DRY","DARK LIGHTS ON","NO CONTROLS","NONE DETECTED",,"C644FD9B-B3EB-4A81-A5B0-14E5286292D9","Yes","SUSPECTED MINOR INJURY","N/A","UNKNOWN","MD","8E606726-B11F-4C09-90C4-484A888AF48A","DISABLING","TWELVE OCLOCK","TWELVE OCLOCK","PASSENGER CAR","MOVING CONSTANT SPEED","North","North","25","No","No","2012","MERCEDES","4S","NO MISUSE","39.13741772","-77.1644697","
,  
(39.13741772, -77.1644697)"
"MCP291400C3","220017631","Montgomery County Police","Injury Crash","2022-04-26T23:52:00.000",,,,,"801 ELLSWORTH DR. SILVER SPRING MD 200910-  MONTGOMERY COUNTY PARKING GARAGE -LEVEL 2",,,"STRAIGHT MOVEMENT ANGLE","CLEAR",,"DARK LIGHTS ON","NO CONTROLS","N/A",,"A764C98E-BF9C-4FE2-8AEC-93DB9E584A97","Yes","POSSIBLE INJURY","N/A","NOT DISTRACTED","DC","841DAF5D-A8B0-4E4A-A00F-43402B8942C8","DESTROYED","ELEVEN OCLOCK","TWELVE OCLOCK","PASSENGER CAR","MOVING CONSTANT SPEED","West","West","10","No","No","2016","HONDA","CIVIC","NO MISUSE","39.00044","-77.02618833","
,  
(39.00044, -77.02618833)"
"MCP291400C3","220017631","Montgomery County Police","Injury Crash","2022-04-26T23:52:00.000",,,,,"801 ELLSWORTH DR. SILVER SPRING MD 200910-  MONTGOMERY COUNTY PARKING GARAGE -LEVEL 2",,,"STRAIGHT MOVEMENT ANGLE","CLEAR",,"DARK LIGHTS ON","NO CONTROLS","N/A",,"2FC39FDE-A8C3-4957-B2C4-84C48A8B7B03","Yes","NO APPARENT INJURY","N/A","NOT DISTRACTED","DC","CE859989-D30C-4B6F-833D-E62ED988631D","FUNCTIONAL","ONE OCLOCK","ONE OCLOCK","PASSENGER CAR","MAKING LEFT TURN","West","North","10","No","No","2003","ACURA","SEDAN","NO MISUSE","39.00044","-77.02618833","
,  
(39.00044, -77.02618833)"
"EJ7871005K","220017788","Gaithersburg Police Depar","Property Damage Crash","2022-04-26T21:30:00.000","Maryland (State)","FREDERICK RD","Municipality","CHESTNUT ST",,"GAITHERSBURG",,"SAME DIRECTION LEFT TURN","CLEAR","DRY","DARK LIGHTS ON","TRAFFIC SIGNAL","NONE DETECTED",,"9FDD96D3-AE10-4E8F-B3AF-746932259337","No","NO APPARENT INJURY","N/A","NOT DISTRACTED","MD","D7FE2B43-554A-4F4A-BC04-89A6383C4652","NO DAMAGE","TWELVE OCLOCK","TWELVE OCLOCK","TRANSIT BUS","MOVING CONSTANT SPEED","South","South","35","No","No","2014","GILLIG","TRANSIT BUS","NO MISUSE","39.14007058","-77.19561117","
,  
(39.14007058, -77.19561117)"
"EJ7871005K","220017788","Gaithersburg Police Depar","Property Damage Crash","2022-04-26T21:30:00.000","Maryland (State)","FREDERICK RD","Municipality","CHESTNUT ST",,"GAITHERSBURG",,"SAME DIRECTION LEFT TURN","CLEAR","DRY","DARK LIGHTS ON","TRAFFIC SIGNAL","NONE DETECTED",,"2CA131C2-5D7E-47E7-A05D-37BF763015FF","Yes","NO APPARENT INJURY","N/A","LOOKED BUT DID NOT SEE","VA","99AA606C-9F14-4538-9BD0-34DD89CC3A2B","SUPERFICIAL","EIGHT OCLOCK","EIGHT OCLOCK","PASSENGER CAR","CHANGING LANES","South","West","35","No","No","2020","HYUNDAI","ELANTRA","NO MISUSE","39.14007058","-77.19561117","
,  
(39.14007058, -77.19561117)"
"MCP31260036","220017786","Montgomery County Police","Property Damage Crash","2022-04-26T21:30:00.000","Maryland (State)","CLARKSBURG RD","Other Public Roadway","STRINGTOWN RD (AHEAD)",,"N/A",,"SINGLE VEHICLE","RAINING","WET","DARK NO LIGHTS","NO CONTROLS","NONE DETECTED",,"5F6C247F-3D9F-49AE-8B13-373B5CDEF295","Yes","NO APPARENT INJURY","RAIN, SNOW, WET","NOT DISTRACTED","CO","008EC373-1CA1-42A6-BDC5-D2D4E82116C9","DISABLING","TWELVE OCLOCK","TWELVE OCLOCK","PASSENGER CAR","MOVING CONSTANT SPEED","North","North","35","No","No","2006","TOYOTA","MATRIX","NO MISUSE","39.25547833","-77.27505667","
,  
(39.25547833, -77.27505667)"
"MCP271700X2","220017781","Montgomery County Police","Injury Crash","2022-04-26T20:23:00.000",,,,,"SHADY GROVE METRO STATION
(15903E SOMERVILLE DRIVE, DERWOOD, MD)",,,"SINGLE VEHICLE","RAINING",,"DARK LIGHTS ON","NO CONTROLS","NONE DETECTED",,"5040D1C8-31F1-4F8F-874E-061FDF3CD2CB","Yes","SUSPECTED MINOR INJURY","RAIN, SNOW, WET","NOT DISTRACTED","MD","15FFFA34-B2A0-4C3F-81E4-B8B9DF581355","DISABLING","TWELVE OCLOCK","TWELVE OCLOCK","PASSENGER CAR","OTHER","East","East","0","No","No","2012","BMW","528I","NO MISUSE","39.118997","-77.16289","
,  
(39.118997, -77.16289)"
"MCP3039005W","220017782","Montgomery County Police","Property Damage Crash","2022-04-26T19:49:00.000","Maryland (State)","GEORGIA AVE","County","FIDLER LA",,"N/A",,"SAME DIRECTION SIDESWIPE","CLEAR","WET","DARK LIGHTS ON","NO CONTROLS","UNKNOWN",,"8985D3D0-8A59-4C9A-AA67-78D9AA303B01","Yes","NO APPARENT INJURY","N/A","UNKNOWN",,"90C60E69-E398-4319-B27B-4A9E506D5E5A","UNKNOWN","UNKNOWN","UNKNOWN","PASSENGER CAR","MOVING CONSTANT SPEED","Unknown","South","35","No","No","2018","INFINITI","Q50","UNKNOWN","38.9966032","-77.02894913","
,  
(38.9966032, -77.02894913)"
"MCP3039005W","220017782","Montgomery County Police","Property Damage Crash","2022-04-26T19:49:00.000","Maryland (State)","GEORGIA AVE","County","FIDLER LA",,"N/A",,"SAME DIRECTION SIDESWIPE","CLEAR","WET","DARK LIGHTS ON","NO CONTROLS","NONE DETECTED",,"503FE985-B08E-43E2-8358-F07278D85793","No","NO APPARENT INJURY","N/A","NOT DISTRACTED","DC","0788FD2D-A1EB-41BC-AE10-113CC17174F3","SUPERFICIAL","TEN OCLOCK","TEN OCLOCK","PASSENGER CAR","PARKED",,,"35","No","Yes","2006","FORD","FUSION","N/A","38.9966032","-77.02894913","
,  
(38.9966032, -77.02894913)"
"MCP3232002R","220017780","Montgomery County Police","Property Damage Crash","2022-04-26T19:30:00.000","Maryland (State)","OLNEY SANDY SPRING RD","Unknown","VILLAGE CENTER DR",,"N/A",,"HEAD ON LEFT TURN","RAINING","WET","DAYLIGHT","TRAFFIC SIGNAL","NONE DETECTED",,"C0B28600-EF74-41E9-9824-EFC203EE2AF8","No","NO APPARENT INJURY","N/A, WET","NOT DISTRACTED","MD","39C6D7C0-FFD2-4CB8-9E15-FA22FFFE4A44","SUPERFICIAL","TWELVE OCLOCK","TWELVE OCLOCK","VAN","OTHER","North","North","35","No","No","2006","HOND","OD","NO MISUSE","39.15168583","-77.0640445","
,  
(39.15168583, -77.0640445)"
"MCP3232002R","220017780","Montgomery County Police","Property Damage Crash","2022-04-26T19:30:00.000","Maryland (State)","OLNEY SANDY SPRING RD","Unknown","VILLAGE CENTER DR",,"N/A",,"HEAD ON LEFT TURN","RAINING","WET","DAYLIGHT","TRAFFIC SIGNAL","NONE DETECTED",,"236A2EE7-D4CD-467B-BEF5-9FC9AC4C84BE","No","NO APPARENT INJURY","N/A, WET","NOT DISTRACTED","VA","EF7012E2-3E0C-4FE9-81BA-77F069852EC1","FUNCTIONAL","FOUR OCLOCK","FOUR OCLOCK","PASSENGER CAR","ACCELERATING","South","South","35","No","No","2021","SUBA","LEGACY","NO MISUSE","39.15168583","-77.0640445","
,  
(39.15168583, -77.0640445)"
"MCP3232002R","220017780","Montgomery County Police","Property Damage Crash","2022-04-26T19:30:00.000","Maryland (State)","OLNEY SANDY SPRING RD","Unknown","VILLAGE CENTER DR",,"N/A",,"HEAD ON LEFT TURN","RAINING","WET","DAYLIGHT","TRAFFIC SIGNAL","NONE DETECTED",,"EE46FB8F-58D4-4F6B-B0A5-FDB68E75E761","Yes","NO APPARENT INJURY","N/A, WET","UNKNOWN","MD","69649EF1-7C39-45FC-8E84-62EBAF2B86A8","DISABLING","TWELVE OCLOCK","TWELVE OCLOCK","PASSENGER CAR","MOVING CONSTANT SPEED","East","East","35","No","No","2006","CHRY","300","NO MISUSE","39.15168583","-77.0640445","
,  
(39.15168583, -77.0640445)"
"MCP3308000R","220017775","Montgomery County Police","Injury Crash","2022-04-26T19:00:00.000","County","MIDCOUNTY HWY","Maryland (State)","WOODFIELD RD",,"N/A",,"SAME DIR REAR END","RAINING","WET","DAYLIGHT","TRAFFIC SIGNAL","NONE DETECTED",,"712B9F56-08BC-4C00-A409-8713D8D5635D","No","NO APPARENT INJURY","N/A, WET","NOT DISTRACTED","MD","30E621C1-4660-45E8-80F1-84E82E64572A","FUNCTIONAL","SIX OCLOCK","SIX OCLOCK","PASSENGER CAR","STOPPED IN TRAFFIC LANE","South","South","35","No","No","2009","TOYOTA","CAMERY","N/A","39.151145","-77.17407667","
,  
(39.151145, -77.17407667)"
"MCP3308000R","220017775","Montgomery County Police","Injury Crash","2022-04-26T19:00:00.000","County","MIDCOUNTY HWY","Maryland (State)","WOODFIELD RD",,"N/A",,"SAME DIR REAR END","RAINING","WET","DAYLIGHT","TRAFFIC SIGNAL","NONE DETECTED",,"78AD952C-4E8E-4E8B-8314-916D5EF17979","No","POSSIBLE INJURY","N/A, WET","NOT DISTRACTED","MD","41D787DF-8363-406A-93FB-136392DE2D80","FUNCTIONAL","SIX OCLOCK","SIX OCLOCK","PASSENGER CAR","STOPPED IN TRAFFIC LANE","South","South","35","No","No","2010","HONDA","ACCORD","NO MISUSE","39.151145","-77.17407667","
,  
(39.151145, -77.17407667)"
"MCP3308000R","220017775","Montgomery County Police","Injury Crash","2022-04-26T19:00:00.000","County","MIDCOUNTY HWY","Maryland (State)","WOODFIELD RD",,"N/A",,"SAME DIR REAR END","RAINING","WET","DAYLIGHT","TRAFFIC SIGNAL","NONE DETECTED",,"C7ECB21F-831C-4E97-A97A-44E8021687D0","Yes","NO APPARENT INJURY","N/A, WET","OTHER DISTRACTION","MD","545D5BBE-785C-462F-A6FB-EDB32F9E1B9F","FUNCTIONAL","TWELVE OCLOCK","TWELVE OCLOCK","PASSENGER CAR","STARTING FROM LANE","South","South","35","No","No","2016","SUBARU","SPORT WAGON","NO MISUSE","39.151145","-77.17407667","
,  
(39.151145, -77.17407667)"
"MCP3309000T","220017776","Montgomery County Police","Property Damage Crash","2022-04-26T18:50:00.000","Municipality","VEIRS DR","County","GLEN MILL RD",,"N/A",,"SINGLE VEHICLE","RAINING","WET","DAYLIGHT","NO CONTROLS","NONE DETECTED",,"97144FFA-DD7B-4D1E-8C0A-FD010290635F","Yes","NO APPARENT INJURY","N/A, WET","NOT DISTRACTED","MD","451A45E4-1F5E-4259-AEFA-E039D767532A","DISABLING","ONE OCLOCK","ONE OCLOCK","PASSENGER CAR","MOVING CONSTANT SPEED","East","East","25","No","No","2010","TOYT","TK","NO MISUSE","39.07985762","-77.19864334","
,  
(39.07985762, -77.19864334)"
"MCP28950028","220017778","Montgomery County Police","Property Damage Crash","2022-04-26T18:33:00.000","County","CRYSTAL ROCK DR","Other Public Roadway","CRYSTAL ROCK DR (AHEAD)",,"N/A",,"STRAIGHT MOVEMENT ANGLE","N/A","DRY","DAYLIGHT","NO CONTROLS","NONE DETECTED",,"A133DC68-5D3F-45B8-AE64-83B94ECB0643","No","NO APPARENT INJURY","N/A","NOT DISTRACTED","MD","A9502463-B015-47A4-B221-D05103A9FC65","SUPERFICIAL","FOUR OCLOCK","FOUR OCLOCK","PASSENGER CAR","MOVING CONSTANT SPEED","South","South","10","No","No","2014","TOYT","TK","NO MISUSE","39.1787917","-77.26122088","
,  
(39.1787917, -77.26122088)"
"MCP28950028","220017778","Montgomery County Police","Property Damage Crash","2022-04-26T18:33:00.000","County","CRYSTAL ROCK DR","Other Public Roadway","CRYSTAL ROCK DR (AHEAD)",,"N/A",,"STRAIGHT MOVEMENT ANGLE","N/A","DRY","DAYLIGHT","NO CONTROLS","NONE DETECTED",,"E5F095E5-9762-4A70-84C9-825B9981D51C","Yes","NO APPARENT INJURY","N/A","NOT DISTRACTED","WV","98D525B1-0C40-4A56-B347-C8E93A70F613","SUPERFICIAL","TWELVE OCLOCK","TWELVE OCLOCK","PASSENGER CAR","ACCELERATING","East","East","20","No","No","1998","DODGE","NEON","UNKNOWN","39.1787917","-77.26122088","
,  
(39.1787917, -77.26122088)"
"MCP3232002Q","220017760","Montgomery County Police","Injury Crash","2022-04-26T18:00:00.000","Maryland (State)","OLNEY SANDY SPRING RD","County","SPARTAN RD",,"N/A",,"HEAD ON LEFT TURN","RAINING","WET","DAYLIGHT","TRAFFIC SIGNAL","NONE DETECTED",,"AD36176E-514B-4EA1-A40C-CC14B74753AC","Yes","POSSIBLE INJURY","N/A","LOOKED BUT DID NOT SEE","MD","E734B438-B2DD-4A6F-8EE8-DF33633D315D","DISABLING","TWO OCLOCK","TWO OCLOCK","(SPORT) UTILITY VEHICLE","ACCELERATING","South","South","35","No","No","2012","TOYOTA","RAV 4","NO MISUSE","39.1506635","-77.0622395","
,  
(39.1506635, -77.0622395)"
"MCP3232002Q","220017760","Montgomery County Police","Injury Crash","2022-04-26T18:00:00.000","Maryland (State)","OLNEY SANDY SPRING RD","County","SPARTAN RD",,"N/A",,"HEAD ON LEFT TURN","RAINING","WET","DAYLIGHT","TRAFFIC SIGNAL","NONE DETECTED",,"F1FC2D14-BFC4-47E0-9398-1EE824287E3F","No","POSSIBLE INJURY","N/A","NOT DISTRACTED","MD","9E546685-C1BD-4D92-8657-F20E2F9BC4D9","DISABLING","TWELVE OCLOCK","TWELVE OCLOCK","PASSENGER CAR","MOVING CONSTANT SPEED","East","East","35","No","No","2012","VOLKSWAGON","PASSAT","NO MISUSE","39.1506635","-77.0622395","
,  
(39.1506635, -77.0622395)"
"MCP289200C1","220017766","Montgomery County Police","Property Damage Crash","2022-04-26T17:41:00.000","Maryland (State)","GEORGIA AVE","Ramp","RAMP 3 FR IS 495 EB TO MD 97 NB",,"N/A",,"SAME DIRECTION SIDESWIPE","RAINING","WET","DAYLIGHT","NO CONTROLS","UNKNOWN",,"70BB6C94-127F-4D6A-AE49-883A820B0D46","Yes","NO APPARENT INJURY","N/A, WET","UNKNOWN","MD","9D71A60C-E3EC-4A36-B57B-5014B5B39BB1","UNKNOWN","UNKNOWN","UNKNOWN","PASSENGER CAR","MOVING CONSTANT SPEED","North","North","30","No","No","2014","FORD","4S","UNKNOWN","39.01469167","-77.04222833","
,  
(39.01469167, -77.04222833)"
"MCP289200C1","220017766","Montgomery County Police","Property Damage Crash","2022-04-26T17:41:00.000","Maryland (State)","GEORGIA AVE","Ramp","RAMP 3 FR IS 495 EB TO MD 97 NB",,"N/A",,"SAME DIRECTION SIDESWIPE","RAINING","WET","DAYLIGHT","NO CONTROLS","NONE DETECTED",,"C3A927FD-4C36-4C45-8C36-CE49DE62835C","No","NO APPARENT INJURY","N/A, WET","NOT DISTRACTED","MD","A341CA48-4050-4DE5-848B-EC93CB4A74CF","SUPERFICIAL","SEVEN OCLOCK","SEVEN OCLOCK","PASSENGER CAR","STOPPED IN TRAFFIC LANE","North","North","30","No","No","2014","VOLK","4S","NO MISUSE","39.01469167","-77.04222833","
,  
(39.01469167, -77.04222833)"
"MCP2756004B","220017757","Montgomery County Police","Property Damage Crash","2022-04-26T16:45:00.000","Maryland (State)","VEIRS MILL RD","Maryland (State)","UNIVERSITY BLVD W",,"N/A",,"SAME DIRECTION SIDESWIPE","RAINING","WET","DAYLIGHT","NO CONTROLS","NONE DETECTED",,"AFD4DA18-F6C3-4B4F-9D42-B8D5589ED6B5","Yes","NO APPARENT INJURY","RAIN, SNOW, WET","LOOKED BUT DID NOT SEE","MD","BC04B437-F6A0-41CD-9292-3C36ADC84724","FUNCTIONAL","TWO OCLOCK","TWO OCLOCK","OTHER LIGHT TRUCKS (10,000LBS (4,536KG) OR LESS)","MOVING CONSTANT SPEED","West","West","35","No","No","2021","CHEVY","SILVERADO","NO MISUSE","39.04015385","-77.05549059","
,  
(39.04015385, -77.05549059)"
"MCP2756004B","220017757","Montgomery County Police","Property Damage Crash","2022-04-26T16:45:00.000","Maryland (State)","VEIRS MILL RD","Maryland (State)","UNIVERSITY BLVD W",,"N/A",,"SAME DIRECTION SIDESWIPE","RAINING","WET","DAYLIGHT","NO CONTROLS","NONE DETECTED",,"4D2AEA5C-4ABA-403D-B84F-57728130652C","No","NO APPARENT INJURY","RAIN, SNOW, WET","NOT DISTRACTED","MD","7D60A6EF-CBB9-40E1-89BF-3E39A0FD23B0","FUNCTIONAL","TEN OCLOCK","TEN OCLOCK","TRANSIT BUS","STOPPED IN TRAFFIC LANE","West","West","35","No","No","2009","NWFL","BUS","NO MISUSE","39.04015385","-77.05549059","
,  
(39.04015385, -77.05549059)"
"MCP3125003K","220017748","Montgomery County Police","Property Damage Crash","2022-04-26T16:30:00.000","County","WOODSBORO DR","County","MONTECREST LA",,"N/A",,"OTHER","RAINING","WET","DAYLIGHT","STOP SIGN","N/A",,"5D07744F-14F3-4A89-AF68-C68F6093C57B","Yes","NO APPARENT INJURY","N/A","UNKNOWN","MD","952769AF-3342-4093-8162-EBED5A6165ED","NO DAMAGE","TEN OCLOCK","TEN OCLOCK","SCHOOL BUS","MOVING CONSTANT SPEED","East","East","25","No","No","2021","THMS","SB","NO MISUSE","39.12531167","-77.27005667","
,  
(39.12531167, -77.27005667)"
"MCP3125003K","220017748","Montgomery County Police","Property Damage Crash","2022-04-26T16:30:00.000","County","WOODSBORO DR","County","MONTECREST LA",,"N/A",,"OTHER","RAINING","WET","DAYLIGHT","STOP SIGN","N/A",,"0ADA3C34-1D46-4D05-86AD-0E506CD450E4","No","NO APPARENT INJURY","N/A","NOT DISTRACTED","MD","4D96AB53-DF51-45EF-A9B2-DA988C242DE1","NO DAMAGE","TEN OCLOCK","TEN OCLOCK","SCHOOL BUS","STOPPED IN TRAFFIC LANE","West","West","25","No","No","2015","FRHT","BUS","NO MISUSE","39.12531167","-77.27005667","
,  
(39.12531167, -77.27005667)"
"DD5644002Q","220017745","Rockville Police Departme","Property Damage Crash","2022-04-26T16:20:00.000","Municipality","W EDMONSTON DR","Maryland (State)","ROCKVILLE PIKE",,"N/A",,"SAME DIRECTION SIDESWIPE","CLOUDY","DRY","DAYLIGHT","NO CONTROLS","NONE DETECTED",,"CD118EB7-32BC-4DE9-9657-811CDA47B160","No","NO APPARENT INJURY","BACKUP DUE TO REGULAR CONGESTION, N/A","NOT DISTRACTED","MD","CEE24F08-7507-4635-8241-616772BC67A6","FUNCTIONAL","FOUR OCLOCK","FOUR OCLOCK","(SPORT) UTILITY VEHICLE","STOPPED IN TRAFFIC LANE","East","East","25","No","No","2019","HONDA","PILOT","NO MISUSE","39.07373583","-77.13664917","
,  
(39.07373583, -77.13664917)"
"DD5644002Q","220017745","Rockville Police Departme","Property Damage Crash","2022-04-26T16:20:00.000","Municipality","W EDMONSTON DR","Maryland (State)","ROCKVILLE PIKE",,"N/A",,"SAME DIRECTION SIDESWIPE","CLOUDY","DRY","DAYLIGHT","NO CONTROLS","NONE DETECTED",,"BEC68D41-1661-402E-81BF-926BD714D42E","Yes","NO APPARENT INJURY","BACKUP DUE TO REGULAR CONGESTION, N/A","INATTENTIVE OR LOST IN THOUGHT","MD","870A9D45-E7BE-46E3-9FAD-1963455F0E9E","FUNCTIONAL","TWELVE OCLOCK","TWELVE OCLOCK","(SPORT) UTILITY VEHICLE","MAKING LEFT TURN","East","South","25","No","No","2013","FORD","TK","NO MISUSE","39.07373583","-77.13664917","
,  
(39.07373583, -77.13664917)"
"DD5644002Q","220017745","Rockville Police Departme","Property Damage Crash","2022-04-26T16:20:00.000","Municipality","W EDMONSTON DR","Maryland (State)","ROCKVILLE PIKE",,"N/A",,"SAME DIRECTION SIDESWIPE","CLOUDY","DRY","DAYLIGHT","NO CONTROLS","NONE DETECTED",,"0C3DE6BB-4C66-4FE6-9F3F-1C156CA3CAA0","No","NO APPARENT INJURY","BACKUP DUE TO REGULAR CONGESTION, N/A","NOT DISTRACTED","VA","13546925-4AF8-40D0-82B6-241ABD455492","SUPERFICIAL","FIVE OCLOCK","FIVE OCLOCK","PASSENGER CAR","STOPPED IN TRAFFIC LANE","East","East","25","No","No","2015","TOYOTA","COROLLA","NO MISUSE","39.07373583","-77.13664917","
,  
(39.07373583, -77.13664917)"
"MCP3230002V","220017739","Montgomery County Police","Injury Crash","2022-04-26T16:00:00.000","County","RANDOLPH RD","County","LIVINGSTON ST",,"N/A",,"STRAIGHT MOVEMENT ANGLE","RAINING","WET","DAYLIGHT","TRAFFIC SIGNAL","NONE DETECTED",,"09397E8D-E560-4FF4-872D-94DB8513BC1F","No","NO APPARENT INJURY","RAIN, SNOW, WET","NOT DISTRACTED","MD","C8CF917F-64C6-43D2-A458-75EACB4F23C1","SUPERFICIAL","TWELVE OCLOCK","TWELVE OCLOCK","PASSENGER CAR","MOVING CONSTANT SPEED","East","East","35","No","No","2004","TOYOTA","CAMRY","NO MISUSE","39.058331","-77.05561417","
,  
(39.058331, -77.05561417)"
"MCP3230002V","220017739","Montgomery County Police","Injury Crash","2022-04-26T16:00:00.000","County","RANDOLPH RD","County","LIVINGSTON ST",,"N/A",,"STRAIGHT MOVEMENT ANGLE","RAINING","WET","DAYLIGHT","TRAFFIC SIGNAL","NONE DETECTED",,"6AAC5E06-AD34-4F6E-B632-602D6ACCD55F","Yes","SUSPECTED MINOR INJURY","RAIN, SNOW, WET","NOT DISTRACTED","MD","54B64512-2923-4106-831E-F28C73878EA9","DISABLING","FIVE OCLOCK","FIVE OCLOCK","PASSENGER CAR","MAKING LEFT TURN","South","South","35","No","No","2019","HONDA","CIVIC","NO MISUSE","39.058331","-77.05561417","
,  
(39.058331, -77.05561417)"
"MCP3124005H","220017736","Montgomery County Police","Injury Crash","2022-04-26T15:51:00.000","County","RANDOLPH RD","County","BUSHEY DR",,"N/A",,"STRAIGHT MOVEMENT ANGLE","RAINING","WET","DAYLIGHT","STOP SIGN","NONE DETECTED",,"5A512681-6E88-41ED-8DF8-74D0BF2BE0F1","Yes","SUSPECTED MINOR INJURY","RAIN, SNOW, WET","NOT DISTRACTED","MD","8F233D18-33C3-4BF9-A460-E9792C7FBA9F","FUNCTIONAL","EIGHT OCLOCK","EIGHT OCLOCK","PASSENGER CAR","MAKING LEFT TURN","East","South","35","No","No","2015","HYUNDAI","4S","N/A","39.05746167","-77.078035","
,  
(39.05746167, -77.078035)"
"MCP3124005H","220017736","Montgomery County Police","Injury Crash","2022-04-26T15:51:00.000","County","RANDOLPH RD","County","BUSHEY DR",,"N/A",,"STRAIGHT MOVEMENT ANGLE","RAINING","WET","DAYLIGHT","STOP SIGN","NONE DETECTED",,"5D7408F3-B4C3-4ED6-A619-130D40902AAA","No","SUSPECTED MINOR INJURY","RAIN, SNOW, WET","NOT DISTRACTED","MD","F875E7B9-09E6-41D7-9AD5-C3D8DC3F4000","FUNCTIONAL","TWELVE OCLOCK","TWELVE OCLOCK","PASSENGER CAR","MOVING CONSTANT SPEED","West","West","35","No","No","2016","HONDA","TK","N/A","39.05746167","-77.078035","
,  
(39.05746167, -77.078035)"
"MCP3308000Q","220017734","Montgomery County Police","Property Damage Crash","2022-04-26T15:50:00.000","County","AIRPARK RD","County","STRATOS LA",,"N/A",,"SINGLE VEHICLE","RAINING","WET","DAYLIGHT","NO CONTROLS","NONE DETECTED",,"7909A549-D7B2-469E-BEBC-097064B26108","Yes","NO APPARENT INJURY","SLEET, HAIL, FREEZ. RAIN, WET","NOT DISTRACTED","MD","399B7AED-095B-4AAC-B704-4623DB7A79C8","DISABLING","ONE OCLOCK","ONE OCLOCK","PASSENGER CAR","MOVING CONSTANT SPEED","South","South","50","No","No","2010","HONDA","ACCORD","NO MISUSE","39.15466","-77.14224333","
,  
(39.15466, -77.14224333)"
"MCP2552004K","220017733","Montgomery County Police","Property Damage Crash","2022-04-26T15:47:00.000","County","SHADY GROVE RD","Municipality","CHOKE CHERRY RD",,"ROCKVILLE",,"SAME DIR REAR END","RAINING","WET","DAYLIGHT","N/A","N/A",,"BE3BDA80-F81B-4D09-9E9A-0319B0B77839","Yes","NO APPARENT INJURY","RAIN, SNOW, WET","UNKNOWN","MD","1CE3519C-6026-4895-8E6D-87131503B277","DISABLING","TWELVE OCLOCK","TWELVE OCLOCK","PASSENGER CAR","SLOWING OR STOPPING","North","North","35","No","No","2010","HONDA","ACCORD","N/A","39.113845","-77.18621","
,  
(39.113845, -77.18621)"
"MCP2552004K","220017733","Montgomery County Police","Property Damage Crash","2022-04-26T15:47:00.000","County","SHADY GROVE RD","Municipality","CHOKE CHERRY RD",,"ROCKVILLE",,"SAME DIR REAR END","RAINING","WET","DAYLIGHT","N/A","N/A",,"FC6E4F73-9D50-404D-86C6-94E34ADFAB84","No","NO APPARENT INJURY","RAIN, SNOW, WET","NOT DISTRACTED","MD","1B279A86-7234-49A6-BDEC-8C9F61CC618D","FUNCTIONAL","SIX OCLOCK","SIX OCLOCK","TRANSIT BUS","STOPPED IN TRAFFIC LANE","North","North","35","No","No","2022","ECONOLINE","BUS","N/A","39.113845","-77.18621","
,  
(39.113845, -77.18621)"
"EJ7876004K","220017728","Gaithersburg Police Depar","Injury Crash","2022-04-26T15:30:00.000","Municipality","E DIAMOND AVE","Municipality","ALLEY #3",,"GAITHERSBURG","PEDESTRIAN","OTHER","CLOUDY","WET","DAYLIGHT","NO CONTROLS","NONE DETECTED","NONE DETECTED","54460DE1-632A-47B8-B12C-5AF7CDF0D371","No","NO APPARENT INJURY","N/A, WET","NOT DISTRACTED","MD","4D838BAF-67BB-4E8B-86F6-229A932D46E9","SUPERFICIAL","TWELVE OCLOCK","TWELVE OCLOCK","PASSENGER CAR","MOVING CONSTANT SPEED","West","West","30","No","No","2008","TOYOTA","COROLLA","NO MISUSE","39.14206915","-77.19098168","
,  
(39.14206915, -77.19098168)"