"report_number","local_case_number","agency_name","acrs_report_type","crash_date_time","route_type","road_name","cross_street_type","cross_street_name","off_road_description","municipality","related_non_motorist","collision_type","weather","surface_condition","light","traffic_control","driver_substance_abuse","non_motorist_substance_abuse","person_id","driver_at_fault","injury_severity","circumstance","driver_distracted_by","drivers_license_state","vehicle_id","vehicle_damage_extent","vehicle_first_impact_location","vehicle_second_impact_location","vehicle_body_type","vehicle_movement","vehicle_continuing_dir","vehicle_going_dir","speed_limit","driverless_vehicle","parked_vehicle","vehicle_year","vehicle_make","vehicle_model","equipment_problems","latitude","longitude","geolocation"
"MCP2674002Z","220017563","Montgomery County Police","Property Damage Crash","2022-04-25T15:41:00.000","County","GERMANTOWN RD","Unknown","SHAKESPEARE BLVD",,"N/A",,"HEAD ON LEFT TURN","CLEAR","DRY","DAYLIGHT","STOP SIGN","NONE DETECTED",,"8016D1BD-A67E-438B-B946-91FBA694A4C4","No","NO APPARENT INJURY","N/A","NOT DISTRACTED","MD","14B851EB-7F9D-4E3B-83CE-A2061B8A0727","DISABLING","TWELVE OCLOCK","TWELVE OCLOCK","(SPORT) UTILITY VEHICLE","MOVING CONSTANT SPEED","North","North","40","No","No","2019","VW","SUV","NO MISUSE","39.19291767","-77.23845533","
,  
(39.19291767, -77.23845533)"
"MCP3051005M","220017560","Montgomery County Police","Property Damage Crash","2022-04-25T15:10:00.000","County","MARINELLI RD","County","CITADEL AVE",,"N/A",,"STRAIGHT MOVEMENT ANGLE","CLEAR","DRY","DAYLIGHT","STOP SIGN","NONE DETECTED",,"EA1B02A5-5A7A-4C2E-82F2-98D36D1004BD","Unknown","NO APPARENT INJURY","N/A","UNKNOWN","MD","15050EB3-E796-4527-83BF-C6310F31D130","DISABLING","ELEVEN OCLOCK","ELEVEN OCLOCK","PASSENGER CAR","MOVING CONSTANT SPEED","East","East","25","No","No","2014","HYUNDAI","ELANTRA","NO MISUSE","39.04741167","-77.10947","
,  
(39.04741167, -77.10947)"
"MCP3051005M","220017560","Montgomery County Police","Property Damage Crash","2022-04-25T15:10:00.000","County","MARINELLI RD","County","CITADEL AVE",,"N/A",,"STRAIGHT MOVEMENT ANGLE","CLEAR","DRY","DAYLIGHT","STOP SIGN","NONE DETECTED",,"D5C66AEA-9517-46AB-849B-5E1B3275AA20","Unknown","NO APPARENT INJURY","N/A","UNKNOWN","MD","C83EAD22-008E-4E12-BD33-82A650D04298","DISABLING","TWELVE OCLOCK","TWELVE OCLOCK","PASSENGER CAR","MOVING CONSTANT SPEED","South","South","25","No","No","2009","MERCEDES","CL550","NO MISUSE","39.04741167","-77.10947","
,  
(39.04741167, -77.10947)"
"MCP2291005Z","220017548","Montgomery County Police","Property Damage Crash","2022-04-25T14:33:00.000","County","FRIENDSHIP BLVD","County","WILLARD AVE",,"N/A",,"SAME DIRECTION SIDESWIPE","CLEAR","DRY","DAYLIGHT","N/A","NONE DETECTED",,"E78E9F9A-ECF3-4734-B388-D5811F5CFD0D","No","NO APPARENT INJURY","N/A","NOT DISTRACTED","PA","D0B7CBEB-F837-4686-80B7-7E4FC93EA0A5","DISABLING","TWO OCLOCK","TWO OCLOCK","VAN","MOVING CONSTANT SPEED","North","North","25","No","No","2020","GMC","SAVANA","NO MISUSE","38.96174751","-77.08887267","
,  
(38.96174751, -77.08887267)"
"MCP2291005Z","220017548","Montgomery County Police","Property Damage Crash","2022-04-25T14:33:00.000","County","FRIENDSHIP BLVD","County","WILLARD AVE",,"N/A",,"SAME DIRECTION SIDESWIPE","CLEAR","DRY","DAYLIGHT","N/A","NONE DETECTED",,"110D4289-4F49-4C8F-9DAE-49287FF512A2","Yes","NO APPARENT INJURY","N/A","LOOKED BUT DID NOT SEE","FL","92BAAC3A-696F-4360-A8D8-143BF0BF46B2","DISABLING","TEN OCLOCK","TEN OCLOCK","(SPORT) UTILITY VEHICLE","CHANGING LANES","North","North","25","No","No","2015","JEEP","SUV","NO MISUSE","38.96174751","-77.08887267","
,  
(38.96174751, -77.08887267)"
"MCP29360059","220017545","Montgomery County Police","Injury Crash","2022-04-25T14:20:00.000","Other Public Roadway","MONTROSE PKWY","County","E JEFFERSON ST",,"N/A",,"SAME DIR REAR END","CLEAR","DRY","DAYLIGHT","TRAFFIC SIGNAL","NONE DETECTED",,"8907EB1E-30A7-4833-8C7A-20873A8F528A","No","POSSIBLE INJURY","N/A","NOT DISTRACTED","IT","7BA7EBE1-C17B-484C-94B9-EBAD6C2ABD61","FUNCTIONAL","SIX OCLOCK","SIX OCLOCK","PASSENGER CAR","STOPPED IN TRAFFIC LANE","East","East","35","No","No","2018","KIA","FORTE","NO MISUSE","39.0507581","-77.12640887","
,  
(39.0507581, -77.12640887)"
"MCP29360059","220017545","Montgomery County Police","Injury Crash","2022-04-25T14:20:00.000","Other Public Roadway","MONTROSE PKWY","County","E JEFFERSON ST",,"N/A",,"SAME DIR REAR END","CLEAR","DRY","DAYLIGHT","TRAFFIC SIGNAL","NONE DETECTED",,"03DFEC85-AAA3-4151-AF9C-1C61D8F7BA5B","Yes","NO APPARENT INJURY","N/A","INATTENTIVE OR LOST IN THOUGHT","MD","125897CC-DF26-46D1-857D-763678D426BA","FUNCTIONAL","TWELVE OCLOCK","TWELVE OCLOCK","OTHER","SLOWING OR STOPPING","East","East","35","No","No","2001","HOND","ACCORD","NO MISUSE","39.0507581","-77.12640887","
,  
(39.0507581, -77.12640887)"
"MCP3129004H","220017539","Montgomery County Police","Property Damage Crash","2022-04-25T13:55:00.000","Maryland (State)","OLNEY SANDY SPRING RD","Unknown","VILLAGE CENTER DR",,"N/A",,"STRAIGHT MOVEMENT ANGLE","CLEAR","DRY","DAYLIGHT","TRAFFIC SIGNAL","NONE DETECTED",,"97206119-DBCD-4536-9647-27F0EB40606D","No","NO APPARENT INJURY","N/A","NOT DISTRACTED","MD","BCE89887-B78E-49F6-857B-1DB59162DA31","SUPERFICIAL","TWELVE OCLOCK","TWELVE OCLOCK","PASSENGER CAR","MOVING CONSTANT SPEED","West","West","30","No","No","2022","HYUN","SD","NO MISUSE","39.15207167","-77.06416333","
,  
(39.15207167, -77.06416333)"
"MCP3129004H","220017539","Montgomery County Police","Property Damage Crash","2022-04-25T13:55:00.000","Maryland (State)","OLNEY SANDY SPRING RD","Unknown","VILLAGE CENTER DR",,"N/A",,"STRAIGHT MOVEMENT ANGLE","CLEAR","DRY","DAYLIGHT","TRAFFIC SIGNAL","NONE DETECTED",,"CDCBC704-A1B8-42AF-94D7-694FA429C940","Yes","NO APPARENT INJURY","N/A","LOOKED BUT DID NOT SEE","MD","628D360B-54B9-4FDC-8438-B00C77E62D1B","FUNCTIONAL","TWO OCLOCK","TWO OCLOCK","PASSENGER CAR","MAKING LEFT TURN","North","East","30","No","No","2008","CHEVY","SW","NO MISUSE","39.15207167","-77.06416333","
,  
(39.15207167, -77.06416333)"
"MCP2689008F","220017541","Montgomery County Police","Injury Crash","2022-04-25T13:50:00.000","County","SHADY GROVE RD","Other Public Roadway","CORPORATE BLVD",,"N/A",,"HEAD ON LEFT TURN","CLEAR","DRY","DAYLIGHT","TRAFFIC SIGNAL","NONE DETECTED",,"8715DB0F-3DF8-4A26-9DED-D8D6F908D6C2","No","SUSPECTED MINOR INJURY","N/A","NOT DISTRACTED","MD","501CAC3A-054A-4A35-9E11-81BAB9C3E6D9","DISABLING","TWELVE OCLOCK","TWELVE OCLOCK","PASSENGER CAR","MOVING CONSTANT SPEED","North","North","40","No","No","2017","NISSAN","ALTIMA","NO MISUSE","39.107405","-77.189385","
,  
(39.107405, -77.189385)"
"MCP2689008F","220017541","Montgomery County Police","Injury Crash","2022-04-25T13:50:00.000","County","SHADY GROVE RD","Other Public Roadway","CORPORATE BLVD",,"N/A",,"HEAD ON LEFT TURN","CLEAR","DRY","DAYLIGHT","TRAFFIC SIGNAL","NONE DETECTED",,"A8335940-F840-4E30-889D-A64E8A0F017D","Yes","NO APPARENT INJURY","N/A","UNKNOWN","VA","3F963DB6-EC13-4AD5-8482-ECDB3B8DA620","DISABLING","TWELVE OCLOCK","TWELVE OCLOCK","PASSENGER CAR","MAKING LEFT TURN","East","South","40","No","No","2016","VOLKSWAGEN","PASSAT","NO MISUSE","39.107405","-77.189385","
,  
(39.107405, -77.189385)"
"MCP2612004G","220017538","Montgomery County Police","Property Damage Crash","2022-04-25T13:35:00.000",,,,,"PARKING LOT OF 15311 BEAVERBROOK CT SILVER SPRING, MD 20906",,,"OTHER","CLEAR",,"DAYLIGHT","N/A","NONE DETECTED",,"2252A197-39B8-42E1-A21E-7EFFFA618C8F","Yes","NO APPARENT INJURY","N/A","UNKNOWN","MD","74478A72-22D8-43FB-ABB4-6AC40C2D8669","DISABLING","SIX OCLOCK","TWELVE OCLOCK","PASSENGER CAR","BACKING","Unknown","Unknown","5","No","No","2005","HONDA","ACCORD","NO MISUSE","39.10748","-77.06149167","
,  
(39.10748, -77.06149167)"
"DD56330071","220017542","Rockville Police Departme","Property Damage Crash","2022-04-25T12:00:00.000",,,,,"51 MONROE ST (PARKING GARAGE)",,,"UNKNOWN","CLEAR",,"DARK LIGHTS ON","N/A","UNKNOWN",,"166ECD5B-9915-4E51-96B4-D3E26404048F","Yes","NO APPARENT INJURY","N/A","UNKNOWN","MD","4F17C5AB-3A94-448B-B7EB-CCEDB6B38683","UNKNOWN","UNKNOWN","UNKNOWN","UNKNOWN","UNKNOWN","Unknown","Unknown","10","Unknown","No","2022","UNKNOWN","UNKNOWN","UNKNOWN","39.08378501","-77.14855697","
,  
(39.08378501, -77.14855697)"
"MCP2365002Q","220017521","Montgomery County Police","Injury Crash","2022-04-25T11:55:00.000","County","GRACEFIELD RD","Maryland (State)","GRACEFIELD RD (AHEAD)",,"N/A",,"STRAIGHT MOVEMENT ANGLE","CLEAR","DRY","DAYLIGHT","STOP SIGN","NONE DETECTED",,"2C903326-2B06-40D2-9BC9-2E1710E3AB2D","Yes","SUSPECTED MINOR INJURY","N/A","LOOKED BUT DID NOT SEE","MD","03B0D157-B15B-4997-9B4A-FF8F8D65ED64","DESTROYED","TWELVE OCLOCK","TWELVE OCLOCK","PASSENGER CAR","STARTING FROM LANE","West","West","30","No","No","2004","HYUNDAI","ELANTRA","NO MISUSE","39.05260167","-76.95099833","
,  
(39.05260167, -76.95099833)"
"MCP2365002Q","220017521","Montgomery County Police","Injury Crash","2022-04-25T11:55:00.000","County","GRACEFIELD RD","Maryland (State)","GRACEFIELD RD (AHEAD)",,"N/A",,"STRAIGHT MOVEMENT ANGLE","CLEAR","DRY","DAYLIGHT","STOP SIGN","NONE DETECTED",,"8827116B-8B67-4228-92B1-DC10027DA462","No","NO APPARENT INJURY","N/A","NOT DISTRACTED","MD","7D435E42-5EE0-4C31-9BE1-D683A40B13F3","DESTROYED","THREE OCLOCK","THREE OCLOCK","PASSENGER CAR","STARTING FROM LANE","North","North","30","No","No","2021","TOYOTA","RAV4","NO MISUSE","39.05260167","-76.95099833","
,  
(39.05260167, -76.95099833)"
"MCP33120011","220017513","Montgomery County Police","Property Damage Crash","2022-04-25T11:15:00.000","Maryland (State)","NEW HAMPSHIRE AVE","County","OAKVIEW DR",,"N/A",,"SAME DIR REAR END","CLOUDY","DRY","DAYLIGHT","TRAFFIC SIGNAL","N/A",,"E9F823EB-6D5B-4C91-B8BE-C82AC51FB737","Yes","NO APPARENT INJURY","N/A","LOOKED BUT DID NOT SEE","MD","B6A22661-7A50-48E9-83F1-634C89914C15","DISABLING","TWELVE OCLOCK","TWELVE OCLOCK","PASSENGER CAR","ACCELERATING","North","North","45","No","No","2012","CADI","UT","NO MISUSE","39.01485167","-76.97795667","
,  
(39.01485167, -76.97795667)"
"MCP33120011","220017513","Montgomery County Police","Property Damage Crash","2022-04-25T11:15:00.000","Maryland (State)","NEW HAMPSHIRE AVE","County","OAKVIEW DR",,"N/A",,"SAME DIR REAR END","CLOUDY","DRY","DAYLIGHT","TRAFFIC SIGNAL","N/A",,"67807E20-ADAE-45AD-A70E-2A05D8B1C0FB","No","NO APPARENT INJURY","N/A","NOT DISTRACTED","MD","E2184995-9841-4973-975F-B840A3904F7A","SUPERFICIAL","SIX OCLOCK","SIX OCLOCK","PASSENGER CAR","STOPPED IN TRAFFIC LANE","North","North","45","No","No","2015","NISS","4S","NO MISUSE","39.01485167","-76.97795667","
,  
(39.01485167, -76.97795667)"
"MCP2987006Y","220017600","Montgomery County Police","Property Damage Crash","2022-04-25T09:30:00.000","US (State)","COLUMBIA PIKE","County","STEWART LA",,"N/A",,"OPPOSITE DIRECTION SIDESWIPE","CLEAR","DRY","DAYLIGHT","NO CONTROLS","NONE DETECTED",,"C3B92821-D9D0-4C68-97FE-61601AA196A2","No","NO APPARENT INJURY","N/A","NOT DISTRACTED","MD","6F608E82-71D1-4C30-9D25-90356944828C","FUNCTIONAL","SEVEN OCLOCK","SEVEN OCLOCK","PASSENGER CAR","SLOWING OR STOPPING","South","South","30","No","No","2015","CHRYSLER","300","NO MISUSE","39.04461759","-76.98904228","
,  
(39.04461759, -76.98904228)"
"MCP2987006Y","220017600","Montgomery County Police","Property Damage Crash","2022-04-25T09:30:00.000","US (State)","COLUMBIA PIKE","County","STEWART LA",,"N/A",,"OPPOSITE DIRECTION SIDESWIPE","CLEAR","DRY","DAYLIGHT","NO CONTROLS","UNKNOWN",,"4B221F36-F0E1-4547-8F19-C391EF0D9E40","Yes","NO APPARENT INJURY","N/A","UNKNOWN","MD","2FCF6C61-A660-46B5-A6EA-00EACCBF7709","FUNCTIONAL","ONE OCLOCK","ONE OCLOCK","PASSENGER CAR","MOVING CONSTANT SPEED","North","North","30","No","No","2001","HONDA","ACCORD","UNKNOWN","39.04461759","-76.98904228","
,  
(39.04461759, -76.98904228)"
"MCP3119003L","220017503","Montgomery County Police","Property Damage Crash","2022-04-25T09:15:00.000","County","SHADY GROVE RD","Ramp","RAMP 8 FR RAMP 5 TO SHADY GROVE RD WB",,"N/A",,"SAME DIR REAR END","CLOUDY","DRY","DAYLIGHT","TRAFFIC SIGNAL","NONE DETECTED",,"743E4686-3695-4FFE-8D67-0E3E6DC02919","No","NO APPARENT INJURY","N/A","NOT DISTRACTED","MD","72EE38B0-7728-4917-A425-E08EB5DBBD26","SUPERFICIAL","SIX OCLOCK","SIX OCLOCK","PASSENGER CAR","STOPPED IN TRAFFIC LANE","North","North","40","No","No","2017","TOYR","4S","UNKNOWN","39.12996883","-77.16299417","
,  
(39.12996883, -77.16299417)"
"MCP3119003L","220017503","Montgomery County Police","Property Damage Crash","2022-04-25T09:15:00.000","County","SHADY GROVE RD","Ramp","RAMP 8 FR RAMP 5 TO SHADY GROVE RD WB",,"N/A",,"SAME DIR REAR END","CLOUDY","DRY","DAYLIGHT","TRAFFIC SIGNAL","NONE DETECTED",,"A448FAF3-D4C7-4083-B933-15CA467A9FDF","Yes","NO APPARENT INJURY","N/A","DISTRACTED BY OUTSIDE PERSON OBJECT OR EVENT","MD","01AC4820-5CED-43E1-B8A1-FD2BA6372AEA","SUPERFICIAL","TWELVE OCLOCK","TWELVE OCLOCK","MEDIUM/HEAVY TRUCKS 3 AXLES (OVER 10,000LBS (4,536KG))","STOPPED IN TRAFFIC LANE","North","North","40","No","No","2018","KW","TK","NO MISUSE","39.12996883","-77.16299417","
,  
(39.12996883, -77.16299417)"
"MCP3109006L","220017495","Montgomery County Police","Property Damage Crash","2022-04-25T08:40:00.000","Maryland (State)","NEW HAMPSHIRE AVE","Interstate (State)","CAPITAL BELTWAY",,"N/A",,"SAME DIR REAR END","CLOUDY","DRY","DAYLIGHT","TRAFFIC SIGNAL","NONE DETECTED",,"1C0AE442-437D-4272-A302-EA918C375AEF","No","NO APPARENT INJURY","N/A","NOT DISTRACTED","MD","74F4BEA0-B630-4573-B624-C3C94EEE626B","FUNCTIONAL","SIX OCLOCK","SIX OCLOCK","PASSENGER CAR","SLOWING OR STOPPING","South","South","35","No","No","2010","TOYOTA","PRIUS","NO MISUSE","39.01772833","-76.9771135","
,  
(39.01772833, -76.9771135)"
"MCP3109006L","220017495","Montgomery County Police","Property Damage Crash","2022-04-25T08:40:00.000","Maryland (State)","NEW HAMPSHIRE AVE","Interstate (State)","CAPITAL BELTWAY",,"N/A",,"SAME DIR REAR END","CLOUDY","DRY","DAYLIGHT","TRAFFIC SIGNAL","NONE DETECTED",,"924330D2-0D70-4700-A9CF-EEF60FC0E8B4","Yes","NO APPARENT INJURY","N/A","NOT DISTRACTED","DC","673B9C86-4B29-4D89-98B1-6E11C8C3370D","DISABLING","TWELVE OCLOCK","TWELVE OCLOCK","PASSENGER CAR","MOVING CONSTANT SPEED","South","South","35","No","No","2015","JEEP","4X4","NO MISUSE","39.01772833","-76.9771135","
,  
(39.01772833, -76.9771135)"
"MCP3109006L","220017495","Montgomery County Police","Property Damage Crash","2022-04-25T08:40:00.000","Maryland (State)","NEW HAMPSHIRE AVE","Interstate (State)","CAPITAL BELTWAY",,"N/A",,"SAME DIR REAR END","CLOUDY","DRY","DAYLIGHT","TRAFFIC SIGNAL","NONE DETECTED",,"D72EC122-DDB1-4E29-A1D0-1EC27442B151","No","NO APPARENT INJURY","N/A","NOT DISTRACTED","MD","B0E56888-6A06-41C2-828A-252CC5E41FA6","DISABLING","SIX OCLOCK","SIX OCLOCK","PASSENGER CAR","SLOWING OR STOPPING","South","South","35","No","No","2013","NISSAN","ALTIMA","NO MISUSE","39.01772833","-76.9771135","
,  
(39.01772833, -76.9771135)"
"MCP2411008Z","220017492","Montgomery County Police","Injury Crash","2022-04-25T08:35:00.000","Municipality","PINNEBERG AVE","Municipality","GRUENTHER AVE",,"ROCKVILLE",,"STRAIGHT MOVEMENT ANGLE","CLOUDY","DRY","DAYLIGHT","STOP SIGN","NONE DETECTED",,"9C65ED61-3C4C-42A5-BCF5-C6F397B1E306","No","NO APPARENT INJURY","N/A","NOT DISTRACTED","MD","4DC41816-5118-4ED8-9E93-99AA2F7E4E86","DISABLING","TWELVE OCLOCK","TWELVE OCLOCK","PASSENGER CAR","MOVING CONSTANT SPEED","South","South","25","No","No","2018","HONDA","PILOT","NO MISUSE","39.07809167","-77.11417333","
,  
(39.07809167, -77.11417333)"
"MCP2411008Z","220017492","Montgomery County Police","Injury Crash","2022-04-25T08:35:00.000","Municipality","PINNEBERG AVE","Municipality","GRUENTHER AVE",,"ROCKVILLE",,"STRAIGHT MOVEMENT ANGLE","CLOUDY","DRY","DAYLIGHT","STOP SIGN","NONE DETECTED",,"A866033A-BB18-4F49-A897-F8644DB8A62C","Yes","SUSPECTED MINOR INJURY","N/A","UNKNOWN","MD","A3408FFB-9CD1-41C0-8CA3-67EC419C30AF","DISABLING","THREE OCLOCK","THREE OCLOCK","PASSENGER CAR","MOVING CONSTANT SPEED","West","West","25","No","No","2008","CHRYSLER","TOWN N COUNTRY","N/A","39.07809167","-77.11417333","
,  
(39.07809167, -77.11417333)"
"EJ7858006P","220017486","Gaithersburg Police Depar","Injury Crash","2022-04-25T07:35:00.000","Maryland (State)","W DIAMOND AVE","Interstate (State)","EISENHOWER MEMORIAL HWY",,"N/A",,"HEAD ON","CLOUDY","DRY","DAYLIGHT","N/A","N/A",,"E64F8AC5-A92E-4938-9930-AF24077C900E","Yes","SUSPECTED MINOR INJURY","N/A","UNKNOWN","MD","22C67645-803C-495F-BA88-8C274E852DFE","DISABLING","TWELVE OCLOCK","TWELVE OCLOCK","PASSENGER CAR","MOVING CONSTANT SPEED","East","East","35","No","No","2018","TOYT","SD","N/A","39.14055423","-77.21213088","
,  
(39.14055423, -77.21213088)"
"EJ7858006P","220017486","Gaithersburg Police Depar","Injury Crash","2022-04-25T07:35:00.000","Maryland (State)","W DIAMOND AVE","Interstate (State)","EISENHOWER MEMORIAL HWY",,"N/A",,"HEAD ON","CLOUDY","DRY","DAYLIGHT","N/A","NONE DETECTED",,"14543DD0-7D70-482D-8343-FA3009898226","No","POSSIBLE INJURY","N/A","NOT DISTRACTED","MD","8BF7403F-E8CA-485C-B3DF-13A5E3633B2B","DISABLING","TWELVE OCLOCK","TWELVE OCLOCK","VAN","SLOWING OR STOPPING","West","West","35","No","No","2019","CHEV","TK","NO MISUSE","39.14055423","-77.21213088","
,  
(39.14055423, -77.21213088)"
"MCP2503001B","220017464","Montgomery County Police","Injury Crash","2022-04-24T22:12:00.000","Maryland (State)","BEALLSVILLE RD","County","LYNDENWOOD AVE",,"N/A",,"SINGLE VEHICLE","N/A","DRY","DARK NO LIGHTS","NO CONTROLS","NONE DETECTED",,"B4AA1C48-D9C6-4BEB-A143-5990BE4041D9","Yes","POSSIBLE INJURY","N/A","NOT DISTRACTED","MD","E43B9A1A-32D5-4EA0-9C48-D097828A6444","FUNCTIONAL","ELEVEN OCLOCK","ELEVEN OCLOCK","PASSENGER CAR","MOVING CONSTANT SPEED","North","North","40","No","No","2019","JEEP","CHEROKEE","NO MISUSE","39.16396167","-77.41809333","
,  
(39.16396167, -77.41809333)"
"DD5527003Z","220017460","Rockville Police Departme","Property Damage Crash","2022-04-24T21:25:00.000","Maryland (State)","ROCKVILLE PIKE","Maryland (State)","VEIRS MILL RD",,"N/A",,"OTHER","N/A","DRY","DARK LIGHTS ON","TRAFFIC SIGNAL","NONE DETECTED",,"93DCE6A1-CA26-40CD-8A60-8C5B2350BA44","Yes","NO APPARENT INJURY","N/A","LOOKED BUT DID NOT SEE","MD","FFC8F0D8-E15A-4CF5-BFC4-0C5D8FCB117D","FUNCTIONAL","SIX OCLOCK","SIX OCLOCK","AMBULANCE/EMERGENCY","BACKING","South","South","30","No","No","2018","FRHT","TK","NO MISUSE","39.08079386","-77.14480025","
,  
(39.08079386, -77.14480025)"
"EJ785600B4","220017459","Gaithersburg Police Depar","Property Damage Crash","2022-04-24T21:14:00.000",,,,,"PARKING LOT OF 405 N. FREDERICK AVE, GAITHERSBURG, MD 20877",,,"STRAIGHT MOVEMENT ANGLE","CLEAR",,"DARK LIGHTS ON","N/A","N/A",,"2A919D63-5D14-45B6-AB66-8B079E88531B","Yes","NO APPARENT INJURY","N/A","LOOKED BUT DID NOT SEE","MD","74490577-2DA2-4D8A-BD10-38CADD4A2452","FUNCTIONAL","TWELVE OCLOCK","TWELVE OCLOCK","(SPORT) UTILITY VEHICLE","STARTING FROM PARKED","North","North","15","No","No","2020","CHEV","UT","NO MISUSE","39.14632083","-77.20379212","
,  
(39.14632083, -77.20379212)"
"EJ785600B4","220017459","Gaithersburg Police Depar","Property Damage Crash","2022-04-24T21:14:00.000",,,,,"PARKING LOT OF 405 N. FREDERICK AVE, GAITHERSBURG, MD 20877",,,"STRAIGHT MOVEMENT ANGLE","CLEAR",,"DARK LIGHTS ON","N/A","N/A",,"5F2F7DE8-B99D-4EAE-AED3-FE9558DC5CD1","No","NO APPARENT INJURY","N/A","NOT DISTRACTED","MD","E086E924-E0CD-4BD9-B136-219EA7EA14B8","FUNCTIONAL","TEN OCLOCK","TEN OCLOCK","PASSENGER CAR","MOVING CONSTANT SPEED","West","West","15","No","No","2008","HONDA","4S","NO MISUSE","39.14632083","-77.20379212","
,  
(39.14632083, -77.20379212)"
"DD5645001T","220017457","Rockville Police Departme","Injury Crash","2022-04-24T21:11:00.000","Maryland (State)","ROCKVILLE PIKE","Maryland (State)","VEIRS MILL RD",,"N/A",,"SAME DIR REAR END","CLEAR","DRY","DARK LIGHTS ON","NO CONTROLS","NONE DETECTED",,"2E883BEB-CB1A-443C-835C-3562B3ADC5F7","Yes","NO APPARENT INJURY","N/A","UNKNOWN","MD","298A7D3D-CFF4-4CA2-8E9D-545DCD8912F1","FUNCTIONAL","TWELVE OCLOCK","TWELVE OCLOCK","(SPORT) UTILITY VEHICLE","STARTING FROM LANE","East","South","35","No","No","2013","NISSAN","ROGUE","NO MISUSE","39.08183867","-77.14614067","
,  
(39.08183867, -77.14614067)"
"DD5645001T","220017457","Rockville Police Departme","Injury Crash","2022-04-24T21:11:00.000","Maryland (State)","ROCKVILLE PIKE","Maryland (State)","VEIRS MILL RD",,"N/A",,"SAME DIR REAR END","CLEAR","DRY","DARK LIGHTS ON","NO CONTROLS","NONE DETECTED",,"47EFF661-DB51-4132-A182-42C1B7AD6D1E","No","NO APPARENT INJURY","N/A","NOT DISTRACTED","MD","4F1B05EA-AC87-47BD-8023-F1C1691CE84B","FUNCTIONAL","SIX OCLOCK","SIX OCLOCK","(SPORT) UTILITY VEHICLE","STOPPED IN TRAFFIC LANE","East","South","35","No","No","2021","FORD","UT","NO MISUSE","39.08183867","-77.14614067","
,  
(39.08183867, -77.14614067)"
"MCP32180033","220017448","Montgomery County Police","Injury Crash","2022-04-24T19:50:00.000","Maryland (State)","GEORGIA AVE","County","ARCOLA AVE",,"N/A",,"STRAIGHT MOVEMENT ANGLE","CLEAR","DRY","DUSK","TRAFFIC SIGNAL","NONE DETECTED",,"B75E99B5-FCD4-402D-9596-2B3B67FB0A8E","No","NO APPARENT INJURY","N/A","UNKNOWN","MD","3B41BE63-0E03-4EC3-AB21-2730F420495A","DISABLING","TWELVE OCLOCK","TWELVE OCLOCK","PASSENGER CAR","MOVING CONSTANT SPEED","South","South","35","No","No","2020","TOYOTA","COROLLA","NO MISUSE","39.04722633","-77.052198","
,  
(39.04722633, -77.052198)"
"MCP32180033","220017448","Montgomery County Police","Injury Crash","2022-04-24T19:50:00.000","Maryland (State)","GEORGIA AVE","County","ARCOLA AVE",,"N/A",,"STRAIGHT MOVEMENT ANGLE","CLEAR","DRY","DUSK","TRAFFIC SIGNAL","NONE DETECTED",,"D8C70F3E-AD09-46A9-A55A-A352B0CC4BD3","Yes","POSSIBLE INJURY","N/A","UNKNOWN","MD","E540CA7A-28C7-4924-BECD-E20F8953FAAC","DISABLING","ONE OCLOCK","ONE OCLOCK","PASSENGER CAR","MAKING LEFT TURN","West","West","25","No","No","2011","TOYOTA","RAV4","NO MISUSE","39.04722633","-77.052198","
,  
(39.04722633, -77.052198)"
"MCP3207002M","220017426","Montgomery County Police","Property Damage Crash","2022-04-24T17:01:00.000","County","LOCKWOOD DR","Unknown","ENT TO WHITE OAK PROFESSIONAL BUILDING",,"N/A",,"SAME DIR REAR END","CLEAR","DRY","DAYLIGHT","NO CONTROLS","NONE DETECTED",,"3C5585EC-28F8-4DF9-91EA-5070EFF41FD6","No","NO APPARENT INJURY","N/A","NOT DISTRACTED","MD","7804A0A4-43C8-4B6F-9EB5-770D30EC35DD","FUNCTIONAL","SEVEN OCLOCK","SEVEN OCLOCK","PASSENGER CAR","SLOWING OR STOPPING","West","West","25","No","No","2020","CHEV","SD","N/A","39.03904083","-76.9922045","
,  
(39.03904083, -76.9922045)"
"MCP3207002M","220017426","Montgomery County Police","Property Damage Crash","2022-04-24T17:01:00.000","County","LOCKWOOD DR","Unknown","ENT TO WHITE OAK PROFESSIONAL BUILDING",,"N/A",,"SAME DIR REAR END","CLEAR","DRY","DAYLIGHT","NO CONTROLS","NONE DETECTED",,"99991B9A-AC48-4475-9355-8358DFB18436","Yes","NO APPARENT INJURY","N/A","NOT DISTRACTED","MD","829E1968-64F8-4013-8B5E-6851295BD8DE","SUPERFICIAL","TEN OCLOCK","TEN OCLOCK","FIRE VEHICLE/EMERGENCY","MOVING CONSTANT SPEED","East","East","25","No","No","2019","PIERCE","TRUCK","NO MISUSE","39.03904083","-76.9922045","
,  
(39.03904083, -76.9922045)"