"report_number","local_case_number","agency_name","acrs_report_type","crash_date_time","route_type","road_name","cross_street_type","cross_street_name","off_road_description","municipality","related_non_motorist","collision_type","weather","surface_condition","light","traffic_control","driver_substance_abuse","non_motorist_substance_abuse","person_id","driver_at_fault","injury_severity","circumstance","driver_distracted_by","drivers_license_state","vehicle_id","vehicle_damage_extent","vehicle_first_impact_location","vehicle_second_impact_location","vehicle_body_type","vehicle_movement","vehicle_continuing_dir","vehicle_going_dir","speed_limit","driverless_vehicle","parked_vehicle","vehicle_year","vehicle_make","vehicle_model","equipment_problems","latitude","longitude","geolocation"
"MCP25560048","220017422","Montgomery County Police","Injury Crash","2022-04-24T16:28:00.000","County","SHADY GROVE RD","County","BRIARDALE RD",,"N/A",,"STRAIGHT MOVEMENT ANGLE","CLEAR","DRY","DAYLIGHT","TRAFFIC SIGNAL","NONE DETECTED",,"A7B085BF-6687-49CB-8508-C8C63A91C6BC","No","NO APPARENT INJURY","N/A","NOT DISTRACTED","MD","40E164BE-E3E6-4C6C-9A2D-B90716D16464","DISABLING","ELEVEN OCLOCK","ELEVEN OCLOCK","PASSENGER CAR","MOVING CONSTANT SPEED","West","West","45","No","No","2009","TOYOTA","CAMRY","N/A","39.13364021","-77.15817994","
,  
(39.13364021, -77.15817994)"
"MCP25560048","220017422","Montgomery County Police","Injury Crash","2022-04-24T16:28:00.000","County","SHADY GROVE RD","County","BRIARDALE RD",,"N/A",,"STRAIGHT MOVEMENT ANGLE","CLEAR","DRY","DAYLIGHT","TRAFFIC SIGNAL","NONE DETECTED",,"8231DCAD-F0BF-4D1C-83F8-912141D19C6E","Yes","POSSIBLE INJURY","N/A","UNKNOWN","MD","4C9FB8D9-A585-450C-85C4-4FBEE284A46C","DISABLING","TWELVE OCLOCK","TWELVE OCLOCK","PASSENGER CAR","SLOWING OR STOPPING","North","North","45","No","No","2010","TOYOTA","CAMRY","NO MISUSE","39.13364021","-77.15817994","
,  
(39.13364021, -77.15817994)"
"MCP3207002L","220017405","Montgomery County Police","Property Damage Crash","2022-04-24T14:40:00.000","County","LOCKWOOD DR","Unknown","ENT TO SHOPPING CENTER",,"N/A",,"SAME DIR REAR END","CLEAR","DRY","DAYLIGHT","NO CONTROLS","NONE DETECTED",,"C15BE672-C15F-4CE1-868B-9C76EC815EA9","No","NO APPARENT INJURY","N/A","NOT DISTRACTED","MD","AA3DBFCF-4531-408F-91CF-14DBBD3987F0","FUNCTIONAL","SIX OCLOCK","SIX OCLOCK","PASSENGER CAR","SLOWING OR STOPPING","West","West","25","No","No","2007","HOND","SD","NO MISUSE","39.04103533","-76.98767817","
,  
(39.04103533, -76.98767817)"
"MCP3207002L","220017405","Montgomery County Police","Property Damage Crash","2022-04-24T14:40:00.000","County","LOCKWOOD DR","Unknown","ENT TO SHOPPING CENTER",,"N/A",,"SAME DIR REAR END","CLEAR","DRY","DAYLIGHT","NO CONTROLS","NONE DETECTED",,"9A63CBF4-1597-4B3D-B0BA-6C4800691388","Yes","NO APPARENT INJURY","N/A","NOT DISTRACTED","MD","65A8F454-979B-4D51-9707-274BA63D43A6","DISABLING","TWELVE OCLOCK","TWELVE OCLOCK","PASSENGER CAR","MOVING CONSTANT SPEED","West","West","25","No","No","2006","NISSAN","ALTIMA","NO MISUSE","39.04103533","-76.98767817","
,  
(39.04103533, -76.98767817)"
"MCP32720019","220017404","Montgomery County Police","Property Damage Crash","2022-04-24T14:30:00.000","US (State)","COLESVILLE RD","County","LORAIN AVE",,"N/A",,"STRAIGHT MOVEMENT ANGLE","N/A","DRY","DAYLIGHT","NO CONTROLS","NONE DETECTED",,"AF28E89A-24F7-479B-8BB2-99111DB86FF6","No","NO APPARENT INJURY","N/A","NOT DISTRACTED","MD","6F857F78-6274-43DB-8B51-8D1B509711DB","FUNCTIONAL","TWELVE OCLOCK","TWELVE OCLOCK","PASSENGER CAR","MOVING CONSTANT SPEED","North","North","35","No","No","2014","TOYOTA","CAMRY","NO MISUSE","39.02392667","-77.0110015","
,  
(39.02392667, -77.0110015)"
"MCP32720019","220017404","Montgomery County Police","Property Damage Crash","2022-04-24T14:30:00.000","US (State)","COLESVILLE RD","County","LORAIN AVE",,"N/A",,"STRAIGHT MOVEMENT ANGLE","N/A","DRY","DAYLIGHT","NO CONTROLS","NONE DETECTED",,"9F1DF8D0-228C-4418-B127-E646EBC8442A","Yes","NO APPARENT INJURY","N/A","LOOKED BUT DID NOT SEE","MD","4AF46175-996A-4350-BC88-E92C555FC2AF","DISABLING","FIVE OCLOCK","FIVE OCLOCK","PASSENGER CAR","ACCELERATING","East","East","35","No","No","2016","HONDA","CRV","NO MISUSE","39.02392667","-77.0110015","
,  
(39.02392667, -77.0110015)"
"MCP2231006J","220017400","Montgomery County Police","Injury Crash","2022-04-24T14:16:00.000","Maryland (State)","GREAT SENECA HWY","County","LONGDRAFT RD",,"N/A",,"HEAD ON LEFT TURN","CLEAR","DRY","DAYLIGHT","TRAFFIC SIGNAL","NONE DETECTED",,"4FE0416D-8562-4FD4-BBCF-D9E6662D2C25","No","SUSPECTED MINOR INJURY","N/A","NOT DISTRACTED","MD","DED896E5-2A8B-460F-BF2B-E6A2336529ED","DISABLING","ELEVEN OCLOCK","ELEVEN OCLOCK","PASSENGER CAR","MOVING CONSTANT SPEED","North","North","50","No","No","2022","HYUNDAI","TUCSON","NO MISUSE","39.13445","-77.24714667","
,  
(39.13445, -77.24714667)"
"MCP2231006J","220017400","Montgomery County Police","Injury Crash","2022-04-24T14:16:00.000","Maryland (State)","GREAT SENECA HWY","County","LONGDRAFT RD",,"N/A",,"HEAD ON LEFT TURN","CLEAR","DRY","DAYLIGHT","TRAFFIC SIGNAL","NONE DETECTED",,"599C0683-F5F0-4C76-8937-84F01749B597","Yes","SUSPECTED MINOR INJURY","N/A","UNKNOWN","MD","F3E374C4-A197-44E7-A34C-F7248E4C3775","DISABLING","TWELVE OCLOCK","ONE OCLOCK","PASSENGER CAR","MAKING LEFT TURN","East","South","50","No","No","2019","NISSAN","ROGUE","NO MISUSE","39.13445","-77.24714667","
,  
(39.13445, -77.24714667)"
"MCP2805004Z","220017397","Montgomery County Police","Property Damage Crash","2022-04-24T13:45:00.000","County","CENTERWAY RD","County","CLUB HOUSE RD",,"N/A",,"SINGLE VEHICLE","CLEAR","DRY","DAYLIGHT","TRAFFIC SIGNAL","ALCOHOL PRESENT",,"DF29C124-149A-4AB3-8439-75E6CE50843C","Yes","NO APPARENT INJURY","N/A","NOT DISTRACTED","MD","8204FF29-749E-4B92-BAA8-1C4F91F8EC8A","DISABLING","TWELVE OCLOCK","TWELVE OCLOCK","PASSENGER CAR","MAKING LEFT TURN","South","West","35","No","No","2000","MITS","GALANT","NO MISUSE","39.1722475","-77.20165517","
,  
(39.1722475, -77.20165517)"
"MCP3220002G","220017398","Montgomery County Police","Property Damage Crash","2022-04-24T13:26:00.000","Maryland (State)","MUNCASTER MILL RD","County","AIRPARK RD",,"N/A",,"SAME DIRECTION LEFT TURN","CLEAR","DRY","DAYLIGHT","TRAFFIC SIGNAL","NONE DETECTED",,"9CED2A8C-9386-45B7-8134-0C8CDAD5FCD7","No","NO APPARENT INJURY","N/A","NOT DISTRACTED","MD","AF8B6047-71E0-4445-82A8-C93B82563780","FUNCTIONAL","TWELVE OCLOCK","TWELVE OCLOCK","VAN","MOVING CONSTANT SPEED","West","West","35","No","No","2006","HONDA","ODYSSEY","NO MISUSE","39.14805437","-77.14610799","
,  
(39.14805437, -77.14610799)"
"MCP3220002G","220017398","Montgomery County Police","Property Damage Crash","2022-04-24T13:26:00.000","Maryland (State)","MUNCASTER MILL RD","County","AIRPARK RD",,"N/A",,"SAME DIRECTION LEFT TURN","CLEAR","DRY","DAYLIGHT","TRAFFIC SIGNAL","UNKNOWN",,"33FA5CD6-60E1-474C-8F42-C9FD090CDFFA","Yes","NO APPARENT INJURY","N/A","UNKNOWN",,"216DBE06-9D91-4E7B-B9C5-4FF443F03F93","SUPERFICIAL","TEN OCLOCK","TEN OCLOCK","(SPORT) UTILITY VEHICLE","MOVING CONSTANT SPEED","West","West","35","No","No","2013","FORD","EXPLORER","UNKNOWN","39.14805437","-77.14610799","
,  
(39.14805437, -77.14610799)"
"MCP3111005B","220017399","Montgomery County Police","Injury Crash","2022-04-24T13:00:00.000","Maryland (State)","OLD GEORGETOWN RD","County","MCKINLEY ST",,"N/A","PEDESTRIAN","SINGLE VEHICLE","CLEAR","DRY","DAYLIGHT","TRAFFIC SIGNAL","UNKNOWN","NONE DETECTED","267CE7AE-9483-4506-85C8-5187EDC16510","Yes","NO APPARENT INJURY","N/A","UNKNOWN",,"3BA3A607-A777-447E-B094-B698A6238722","UNKNOWN","TWELVE OCLOCK","TWELVE OCLOCK",,"UNKNOWN","North","North","35","No","No","0","UNKNOWN","UNKNOWN","UNKNOWN","38.99655795","-77.10891447","
,  
(38.99655795, -77.10891447)"
"MCP3165003Q","220017387","Montgomery County Police","Property Damage Crash","2022-04-24T12:45:00.000","County","ROBEY RD","County","BRIGGS CHANEY RD",,"N/A",,"STRAIGHT MOVEMENT ANGLE","CLEAR","DRY","DAYLIGHT","STOP SIGN","N/A",,"991AFBF6-7712-4859-B7EC-9E554F28FD64","No","NO APPARENT INJURY","N/A","NOT DISTRACTED","MD","CB21F73D-7CC3-4FDC-B276-12D725BBD6C9","DISABLING","TWELVE OCLOCK","TWELVE OCLOCK","(SPORT) UTILITY VEHICLE","STOPPED IN TRAFFIC LANE","West","South","40","No","No","2006","TOYT","SU","N/A","39.07962283","-76.94518883","
,  
(39.07962283, -76.94518883)"
"MCP3165003Q","220017387","Montgomery County Police","Property Damage Crash","2022-04-24T12:45:00.000","County","ROBEY RD","County","BRIGGS CHANEY RD",,"N/A",,"STRAIGHT MOVEMENT ANGLE","CLEAR","DRY","DAYLIGHT","STOP SIGN","NONE DETECTED",,"44650AB7-6A72-4298-A2FB-D0EB1E5D9924","Yes","NO APPARENT INJURY","N/A","NOT DISTRACTED","MD","36AE7474-CD56-49AD-9FAA-FA1126169BF3","DISABLING","TWELVE OCLOCK","TWELVE OCLOCK","PASSENGER CAR","MOVING CONSTANT SPEED","North","East","40","No","No","2020","TOYOTA","COROLLA","N/A","39.07962283","-76.94518883","
,  
(39.07962283, -76.94518883)"
"DD56490023","220017374","Rockville Police Departme","Property Damage Crash","2022-04-24T10:10:00.000","Municipality","HURLEY AVE","Maryland (State)","W MONTGOMERY AVE",,"N/A",,"OTHER","N/A","DRY","DAYLIGHT","NO CONTROLS","N/A",,"DB6BD45C-4B45-40DA-A7DE-2E945ED35839","No","NO APPARENT INJURY","N/A","NOT DISTRACTED","US","0429AC93-64DA-4D96-A7F3-47ABC97A7636","FUNCTIONAL","SIX OCLOCK","SIX OCLOCK","(SPORT) UTILITY VEHICLE","MOVING CONSTANT SPEED","East","East","45","No","No","2015","BMW","BX3SD2","N/A","39.088965","-77.17759167","
,  
(39.088965, -77.17759167)"
"DD56490023","220017374","Rockville Police Departme","Property Damage Crash","2022-04-24T10:10:00.000","Municipality","HURLEY AVE","Maryland (State)","W MONTGOMERY AVE",,"N/A",,"OTHER","N/A","DRY","DAYLIGHT","NO CONTROLS","N/A",,"0BAA2A7D-B845-44ED-BEEB-1F2C4C18EDD2","Yes","NO APPARENT INJURY","N/A","NOT DISTRACTED","VA","A531C006-41E6-4707-9D4B-E8599380126E","DISABLING","TWELVE OCLOCK","TWELVE OCLOCK","(SPORT) UTILITY VEHICLE","CHANGING LANES","East","East","45","No","No","2013","AUDI","UT","N/A","39.088965","-77.17759167","
,  
(39.088965, -77.17759167)"
"MCP30060077","220017368","Montgomery County Police","Property Damage Crash","2022-04-24T09:00:00.000","Maryland (State)","GEORGIA AVE","County","SHOREFIELD RD",,"N/A",,"ANGLE MEETS LEFT TURN","CLEAR","DRY","DAYLIGHT","TRAFFIC SIGNAL","NONE DETECTED",,"0AADC2C9-362A-4A4C-8348-022232DFF64E","Yes","NO APPARENT INJURY","N/A","UNKNOWN","MD","AB93C82D-452E-4127-AA64-F98DB99C72F5","DISABLING","ONE OCLOCK","ONE OCLOCK","PASSENGER CAR","MAKING U TURN","North","South","35","No","No","2001","LEXUS","IS300","NO MISUSE","39.05348833","-77.05072667","
,  
(39.05348833, -77.05072667)"
"MCP30060077","220017368","Montgomery County Police","Property Damage Crash","2022-04-24T09:00:00.000","Maryland (State)","GEORGIA AVE","County","SHOREFIELD RD",,"N/A",,"ANGLE MEETS LEFT TURN","CLEAR","DRY","DAYLIGHT","TRAFFIC SIGNAL","NONE DETECTED",,"79FB76CB-944A-4560-A728-AD3384BAAA34","No","NO APPARENT INJURY","N/A","NOT DISTRACTED","MD","6725435F-F1DB-4F78-B668-B8D6A88B20DD","DISABLING","EIGHT OCLOCK","EIGHT OCLOCK","(SPORT) UTILITY VEHICLE","MOVING CONSTANT SPEED","North","North","35","No","No","2016","FORD","ESCAPE","NO MISUSE","39.05348833","-77.05072667","
,  
(39.05348833, -77.05072667)"
"MCP2805004Y","220017365","Montgomery County Police","Property Damage Crash","2022-04-24T08:35:00.000","County","SNOUFFERS SCHOOL RD","County","MALLORY PL",,"N/A",,"HEAD ON LEFT TURN","CLEAR","DRY","DAYLIGHT","NO CONTROLS","NONE DETECTED",,"4B577CE8-A90B-4D42-8269-47A45D1B0966","No","NO APPARENT INJURY","N/A","NOT DISTRACTED","MD","E217BBBF-AC02-4FE7-BBE1-C390ACC9E56C","DISABLING","TEN OCLOCK","TEN OCLOCK","PASSENGER CAR","MOVING CONSTANT SPEED","East","East","40","No","No","2004","ACUR","RSX","NO MISUSE","39.16526033","-77.16860933","
,  
(39.16526033, -77.16860933)"
"MCP2805004Y","220017365","Montgomery County Police","Property Damage Crash","2022-04-24T08:35:00.000","County","SNOUFFERS SCHOOL RD","County","MALLORY PL",,"N/A",,"HEAD ON LEFT TURN","CLEAR","DRY","DAYLIGHT","NO CONTROLS","NONE DETECTED",,"6E491536-DAB5-4489-99DE-BC4FE19F5FE2","No","NO APPARENT INJURY","N/A","NOT DISTRACTED","MD","79B100D3-95D3-4159-AE70-4D4AEF9DE725","DISABLING","FOUR OCLOCK","FOUR OCLOCK","PICKUP TRUCK","STOPPED IN TRAFFIC LANE","East","East","40","No","No","2009","FORD","F150","NO MISUSE","39.16526033","-77.16860933","
,  
(39.16526033, -77.16860933)"
"MCP1354001P","220017366","Montgomery County Police","Property Damage Crash","2022-04-24T08:35:00.000","County","SHADY GROVE RD","Unknown","CROSSOVER",,"N/A",,"SAME DIR REAR END","N/A","DRY","DAYLIGHT","N/A","NONE DETECTED",,"57DC9903-A732-433F-8B7C-6B4E78EC8589","Yes","NO APPARENT INJURY","N/A","UNKNOWN","MD","A0EE6E5A-B13D-47C8-B326-57C1E43B94FB","DISABLING","TWELVE OCLOCK","TWELVE OCLOCK","PASSENGER CAR","MOVING CONSTANT SPEED","East","East","45","No","No","2015","HOND","CIVIC","NO MISUSE","39.129575","-77.16416333","
,  
(39.129575, -77.16416333)"
"MCP2805004Y","220017365","Montgomery County Police","Property Damage Crash","2022-04-24T08:35:00.000","County","SNOUFFERS SCHOOL RD","County","MALLORY PL",,"N/A",,"HEAD ON LEFT TURN","CLEAR","DRY","DAYLIGHT","NO CONTROLS","NONE DETECTED",,"D28A86F5-19A4-4BD5-A1E1-E8D48543AE5E","Yes","NO APPARENT INJURY","N/A","NOT DISTRACTED","MD","13313415-4B84-4E0B-99D9-BA37BCBF16AD","SUPERFICIAL","TWELVE OCLOCK","TWELVE OCLOCK","PICKUP TRUCK","MAKING LEFT TURN","South","West","40","No","No","2009","TOYOTA","TACOMA","NO MISUSE","39.16526033","-77.16860933","
,  
(39.16526033, -77.16860933)"
"MCP1354001P","220017366","Montgomery County Police","Property Damage Crash","2022-04-24T08:35:00.000","County","SHADY GROVE RD","Unknown","CROSSOVER",,"N/A",,"SAME DIR REAR END","N/A","DRY","DAYLIGHT","N/A","NONE DETECTED",,"4F317FBB-DBCA-4FA9-9841-D18250524C7E","No","NO APPARENT INJURY","N/A","NOT DISTRACTED","MD","593A157A-5169-4900-AC2B-1715829D75CC","SUPERFICIAL","SIX OCLOCK","SIX OCLOCK","PASSENGER CAR","STOPPED IN TRAFFIC LANE","West","East","45","No","No","2003","DODG","DURANGO","NO MISUSE","39.129575","-77.16416333","
,  
(39.129575, -77.16416333)"
"MCP2231006K","220017489","Montgomery County Police","Injury Crash","2022-04-24T08:17:00.000","Maryland (State)","QUINCE ORCHARD RD","Unknown","SPUR TO MD 117",,"N/A",,"SAME DIR REAR END","CLOUDY","DRY","DAYLIGHT","YIELD SIGN","NONE DETECTED",,"AEB12D84-42E1-4042-B182-7BC9003D55B1","Yes","NO APPARENT INJURY","N/A","NOT DISTRACTED","MD","C21586A0-420A-4098-B436-40C9FB852582","SUPERFICIAL","TWELVE OCLOCK","TWELVE OCLOCK","PASSENGER CAR","ACCELERATING","East","North","35","No","No","2003","HONDA","ODYSSEY","NO MISUSE","39.14238","-77.22085833","
,  
(39.14238, -77.22085833)"
"MCP2231006K","220017489","Montgomery County Police","Injury Crash","2022-04-24T08:17:00.000","Maryland (State)","QUINCE ORCHARD RD","Unknown","SPUR TO MD 117",,"N/A",,"SAME DIR REAR END","CLOUDY","DRY","DAYLIGHT","YIELD SIGN","NONE DETECTED",,"A78BF622-5530-4F82-AC7A-5D082CF2BC9A","No","POSSIBLE INJURY","N/A","NOT DISTRACTED","MD","7DDCE6F5-9596-4CEC-861E-6CF8FD3276C9","SUPERFICIAL","SIX OCLOCK","SIX OCLOCK","PASSENGER CAR","STOPPED IN TRAFFIC LANE","East","North","35","No","No","1999","TOYOTA","COROLLA","NO MISUSE","39.14238","-77.22085833","
,  
(39.14238, -77.22085833)"
"MCP3254001V","220017358","Montgomery County Police","Injury Crash","2022-04-24T06:35:00.000","County","MIDDLEBROOK RD","Unknown","FETLOCK DR",,"N/A",,"STRAIGHT MOVEMENT ANGLE","CLEAR","DRY","DAYLIGHT","STOP SIGN","NONE DETECTED",,"EC044F07-C43F-47B3-B5D9-E4D7D971B96F","No","SUSPECTED MINOR INJURY","N/A","NOT DISTRACTED","MD","6ECE3186-AF2C-41E2-A21B-29C39A1AD08E","DESTROYED","TWELVE OCLOCK","TWELVE OCLOCK","VAN","MOVING CONSTANT SPEED","West","West","35","No","No","2016","TOYT","VN","NO MISUSE","39.17523","-77.26133167","
,  
(39.17523, -77.26133167)"
"MCP3254001V","220017358","Montgomery County Police","Injury Crash","2022-04-24T06:35:00.000","County","MIDDLEBROOK RD","Unknown","FETLOCK DR",,"N/A",,"STRAIGHT MOVEMENT ANGLE","CLEAR","DRY","DAYLIGHT","STOP SIGN","UNKNOWN",,"6CFF218F-7F5C-49B5-ACF7-EF01AF63CF53","Yes","NO APPARENT INJURY","N/A","NO DRIVER PRESENT","MD","EB67988A-A6CC-4D19-82A6-CABC1373F854","DESTROYED","SEVEN OCLOCK","SEVEN OCLOCK","PASSENGER CAR","MOVING CONSTANT SPEED","South","South","35","No","No","2016","TOYT","4S","NO MISUSE","39.17523","-77.26133167","
,  
(39.17523, -77.26133167)"
"MCP26780036","220017350","Montgomery County Police","Injury Crash","2022-04-24T03:13:00.000","Maryland (State)","NORBECK RD","County","BARN RIDGE DR",,"N/A",,"SINGLE VEHICLE","CLEAR","N/A","DARK LIGHTS ON","NO CONTROLS","NONE DETECTED",,"A1DA5C20-F487-4CFB-B91F-AAE0769458F3","Yes","POSSIBLE INJURY","N/A","NOT DISTRACTED","MD","2CBA0444-7400-4AAE-B686-D152C2CEE0E4","DESTROYED","TWELVE OCLOCK","TWELVE OCLOCK","MOTORCYCLE","SKIDDING","East","East","45","No","No","2021","KAWAZAKI","ZX1002","NO MISUSE","39.11982618","-77.0413725","
,  
(39.11982618, -77.0413725)"
"MCP91180037","220017348","Montgomery County Police","Property Damage Crash","2022-04-24T02:43:00.000","Maryland (State)","GEORGIA AVE","County","LINDELL ST",,"N/A",,"STRAIGHT MOVEMENT ANGLE","CLEAR","DRY","DARK -- UNKNOWN LIGHTING","NO CONTROLS","NONE DETECTED",,"13854857-B449-45D5-AB70-6C09B4E68F05","No","NO APPARENT INJURY","N/A","UNKNOWN","MD","8D92BA8A-F70D-457F-A75B-FBA5DD9B885B","DISABLING","TWELVE OCLOCK","TWELVE OCLOCK","(SPORT) UTILITY VEHICLE","MOVING CONSTANT SPEED","South","South","35","No","No","2005","NISS","PATHFINDER","NO MISUSE","39.05452419","-77.05036057","
,  
(39.05452419, -77.05036057)"
"MCP91180037","220017348","Montgomery County Police","Property Damage Crash","2022-04-24T02:43:00.000","Maryland (State)","GEORGIA AVE","County","LINDELL ST",,"N/A",,"STRAIGHT MOVEMENT ANGLE","CLEAR","DRY","DARK -- UNKNOWN LIGHTING","NO CONTROLS","NONE DETECTED",,"C6B72B0D-3CF1-4680-9363-522459A8195A","Yes","NO APPARENT INJURY","N/A","UNKNOWN","MD","067C098B-1652-44E0-B752-47BD5A2584EC","DISABLING","TWELVE OCLOCK","TWELVE OCLOCK","PASSENGER CAR","MAKING LEFT TURN","West","North","35","No","No","2015","HONDA","CIVIC","NO MISUSE","39.05452419","-77.05036057","
,  
(39.05452419, -77.05036057)"
"MCP3317000G","220017349","Montgomery County Police","Property Damage Crash","2022-04-24T02:31:00.000","County","BLUE SKY DR","County","GRANITE ROCK RD",,"N/A",,"HEAD ON","CLEAR","DRY","DARK LIGHTS ON","NO CONTROLS","UNKNOWN",,"3D28C5CA-C0BE-4BE3-BBA7-4465827780BE","Yes","NO APPARENT INJURY","N/A","UNKNOWN",,"38088802-2798-4E76-A211-00AC5465A572","DESTROYED","ELEVEN OCLOCK","ELEVEN OCLOCK","PASSENGER CAR","UNKNOWN","North","North","25","No","No","2009","TOYOTA","RAV4","N/A","39.23868833","-77.26164833","
,  
(39.23868833, -77.26164833)"
"MCP25820042","220017341","Montgomery County Police","Property Damage Crash","2022-04-24T00:46:00.000","County","IRIS ST","County","GRENOBLE DR",,"N/A",,"SINGLE VEHICLE","CLEAR","DRY","DARK LIGHTS ON","NO CONTROLS","ALCOHOL CONTRIBUTED",,"8E28E3BE-CF1B-420E-BF50-79D5183966B2","Yes","NO APPARENT INJURY","N/A","UNKNOWN","MD","B215C4A7-6BCB-4DE7-99F9-98628C2BC21F","DISABLING","TWELVE OCLOCK","TWELVE OCLOCK","PASSENGER CAR","MOVING CONSTANT SPEED","West","West","25","No","No","2013","FORD","MUSTANG","NO MISUSE","39.07483438","-77.09232479","
,  
(39.07483438, -77.09232479)"
"HA2483000S","22000610","Maryland-National Capital","Injury Crash","2022-04-23T23:05:00.000","Maryland (State)","GEORGIA AVE","County","HATHAWAY DR",,"N/A",,"HEAD ON LEFT TURN","CLEAR","DRY","DARK LIGHTS ON","TRAFFIC SIGNAL","N/A",,"C4609FF0-2A74-4121-A2E3-CBD9D51F87A1","No","SUSPECTED MINOR INJURY","N/A","NOT DISTRACTED","MD","EAB4014A-3A6F-4DBD-8980-D44EF38D70A5","DISABLING","NINE OCLOCK","NINE OCLOCK","POLICE VEHICLE/NON EMERGENCY","MOVING CONSTANT SPEED","North","North","35","No","No","2014","DODGE","CHARGER","NO MISUSE","39.0682635","-77.060994","
,  
(39.0682635, -77.060994)"
"HA2483000S","22000610","Maryland-National Capital","Injury Crash","2022-04-23T23:05:00.000","Maryland (State)","GEORGIA AVE","County","HATHAWAY DR",,"N/A",,"HEAD ON LEFT TURN","CLEAR","DRY","DARK LIGHTS ON","TRAFFIC SIGNAL","NONE DETECTED",,"E9EB084D-72D0-4EF3-831A-51CD1C927D6C","Yes","NO APPARENT INJURY","N/A","LOOKED BUT DID NOT SEE","MD","BA3626FA-5783-4E5F-838B-B464D34BBEA3","SUPERFICIAL","TWELVE OCLOCK","TWELVE OCLOCK","PASSENGER CAR","MAKING LEFT TURN","West","West","35","No","No","2006","MAZDA","MAZDA 3","NO MISUSE","39.0682635","-77.060994","
,  
(39.0682635, -77.060994)"
"MCP2335001P","220017329","Montgomery County Police","Property Damage Crash","2022-04-23T23:00:00.000","Maryland (State)","RIDGE RD","Maryland (State)","FREDERICK RD",,"N/A",,"STRAIGHT MOVEMENT ANGLE","CLEAR","DRY","N/A","TRAFFIC SIGNAL","NONE DETECTED",,"370AC8F1-0E89-4D47-B31A-9849FF8B1938","Yes","NO APPARENT INJURY","N/A","NOT DISTRACTED","MD","066403D4-055C-4701-A4F7-A515AD4F9230","DISABLING","FIVE OCLOCK","FIVE OCLOCK","PASSENGER CAR","MOVING CONSTANT SPEED","North","North","45","No","No","2017","SUBA","SIOUX","NO MISUSE","39.20457833","-77.24604","
,  
(39.20457833, -77.24604)"
"MCP2335001P","220017329","Montgomery County Police","Property Damage Crash","2022-04-23T23:00:00.000","Maryland (State)","RIDGE RD","Maryland (State)","FREDERICK RD",,"N/A",,"STRAIGHT MOVEMENT ANGLE","CLEAR","DRY","N/A","TRAFFIC SIGNAL","NONE DETECTED",,"45908E17-9922-478A-A914-2E42B4C627DB","No","NO APPARENT INJURY","N/A","NOT DISTRACTED","MD","83AF7610-2528-4FE2-AD22-1C9D755B25E0","SUPERFICIAL","TWELVE OCLOCK","TWELVE OCLOCK","PASSENGER CAR","MOVING CONSTANT SPEED","North","North","45","No","No","2020","HONDA","CIVIC","N/A","39.20457833","-77.24604","
,  
(39.20457833, -77.24604)"
"MCP3325000N","220017319","Montgomery County Police","Property Damage Crash","2022-04-23T21:24:00.000","County","OLD COLUMBIA PIKE","County","INDUSTRIAL PKWY",,"N/A",,"SAME DIR REAR END","CLEAR","DRY","DARK LIGHTS ON","TRAFFIC SIGNAL","NONE DETECTED",,"2FA01ACE-B72D-4B07-BB3D-2E636C4507D9","No","NO APPARENT INJURY","N/A","NOT DISTRACTED","MD","BED81C19-ACD5-4085-971E-00E8EA25B925","DISABLING","SIX OCLOCK","SIX OCLOCK","PASSENGER CAR","STOPPED IN TRAFFIC LANE","North","North","50","No","No","2006","BMW","SD","NO MISUSE","39.05597","-76.97148","
,  
(39.05597, -76.97148)"
"MCP3325000N","220017319","Montgomery County Police","Property Damage Crash","2022-04-23T21:24:00.000","County","OLD COLUMBIA PIKE","County","INDUSTRIAL PKWY",,"N/A",,"SAME DIR REAR END","CLEAR","DRY","DARK LIGHTS ON","TRAFFIC SIGNAL","NONE DETECTED",,"399F0F1A-FF95-4231-A762-2AB0A61FB008","Yes","NO APPARENT INJURY","N/A","INATTENTIVE OR LOST IN THOUGHT","MD","9F4B1155-B49C-4EC1-A4F0-6DECD85BA7CA","DISABLING","TWELVE OCLOCK","TWELVE OCLOCK","PASSENGER CAR","MOVING CONSTANT SPEED","North","North","50","No","No","2021","FORD","PC","NO MISUSE","39.05597","-76.97148","
,  
(39.05597, -76.97148)"
"MCP3226002J","220017311","Montgomery County Police","Property Damage Crash","2022-04-23T19:39:00.000","Maryland (State)","NEW HAMPSHIRE AVE","Maryland (State)","INTERCOUNTY CONNECTOR",,"N/A",,"SAME DIRECTION SIDESWIPE","CLEAR","DRY","DUSK","NO CONTROLS","NONE DETECTED",,"6AF903AB-BDF4-4D41-8016-A58B8AFE1857","No","NO APPARENT INJURY","N/A","NOT DISTRACTED","MD","F80BB47A-03A0-4939-90A5-000304EB9152","SUPERFICIAL","TWO OCLOCK","TWO OCLOCK","PASSENGER CAR","MOVING CONSTANT SPEED","South","South","45","No","No","2017","TOYOTA","4S","NO MISUSE","39.08632091","-76.99953746","
,  
(39.08632091, -76.99953746)"