"report_number","local_case_number","agency_name","acrs_report_type","crash_date_time","route_type","road_name","cross_street_type","cross_street_name","off_road_description","municipality","related_non_motorist","collision_type","weather","surface_condition","light","traffic_control","driver_substance_abuse","non_motorist_substance_abuse","person_id","driver_at_fault","injury_severity","circumstance","driver_distracted_by","drivers_license_state","vehicle_id","vehicle_damage_extent","vehicle_first_impact_location","vehicle_second_impact_location","vehicle_body_type","vehicle_movement","vehicle_continuing_dir","vehicle_going_dir","speed_limit","driverless_vehicle","parked_vehicle","vehicle_year","vehicle_make","vehicle_model","equipment_problems","latitude","longitude","geolocation"
"MCP3226002J","220017311","Montgomery County Police","Property Damage Crash","2022-04-23T19:39:00.000","Maryland (State)","NEW HAMPSHIRE AVE","Maryland (State)","INTERCOUNTY CONNECTOR",,"N/A",,"SAME DIRECTION SIDESWIPE","CLEAR","DRY","DUSK","NO CONTROLS","ALCOHOL PRESENT",,"20486D93-255F-46B5-B2BE-723D96AE24DA","Yes","NO APPARENT INJURY","N/A","INATTENTIVE OR LOST IN THOUGHT","MD","CFF188FB-212D-46CB-93FB-F47A60469465","FUNCTIONAL","TEN OCLOCK","TEN OCLOCK","PASSENGER CAR","MOVING CONSTANT SPEED","South","South","45","No","No","2001","HONDA","CIVIC","NO MISUSE","39.08632091","-76.99953746","
,  
(39.08632091, -76.99953746)"
"MCP3019004P","220017301","Montgomery County Police","Property Damage Crash","2022-04-23T18:30:00.000","County","WILLOW LA","Maryland (State)","WISCONSIN AVE",,"N/A",,"SINGLE VEHICLE","CLEAR","DRY","DAYLIGHT","NO CONTROLS","N/A",,"275F455B-71E5-4430-8536-BCB2762FA68D","Yes","NO APPARENT INJURY","N/A","UNKNOWN","MD","43155C93-B778-4F14-8AF1-43602193ACEA","SUPERFICIAL","ONE OCLOCK","THREE OCLOCK","PASSENGER CAR","ACCELERATING","East","East","25","No","No","2013","CADI","4S","NO MISUSE","38.98151","-77.091215","
,  
(38.98151, -77.091215)"
"MCP3255003C","220017293","Montgomery County Police","Property Damage Crash","2022-04-23T17:00:00.000","County","WATKINS MILL RD","Unknown","MILLSTREAM DR",,"N/A",,"SAME DIR REAR END","CLEAR","DRY","DAYLIGHT","NO CONTROLS","UNKNOWN",,"69A159B8-7404-41A9-B039-FD59C8261C6C","Yes","NO APPARENT INJURY","N/A","UNKNOWN",,"794ECC67-2D27-4CBA-9372-E5C173BDFC72","UNKNOWN","UNKNOWN","UNKNOWN",,"MOVING CONSTANT SPEED","South","South","35","No","No","0","UNKNOWN","UNKNOWN","UNKNOWN","39.1833183","-77.2105988","
,  
(39.1833183, -77.2105988)"
"MCP2810001L","220017295","Montgomery County Police","Injury Crash","2022-04-23T17:00:00.000","Maryland (State)","MUNCASTER MILL RD","County","SHADY GROVE RD",,"N/A",,"OTHER","CLEAR","DRY","DAYLIGHT","TRAFFIC SIGNAL","N/A",,"43401C5E-C0AA-44CD-9105-07E35FFDD199","Yes","NO APPARENT INJURY","N/A","NOT DISTRACTED","MD","D3DD8309-C7B4-40AB-B93A-714515C7B5D2","DISABLING","TWELVE OCLOCK","TWELVE OCLOCK","PASSENGER CAR","MOVING CONSTANT SPEED","East","East","45","No","No","2018","INFI","CP","N/A","39.148924","-77.14725167","
,  
(39.148924, -77.14725167)"
"MCP2810001L","220017295","Montgomery County Police","Injury Crash","2022-04-23T17:00:00.000","Maryland (State)","MUNCASTER MILL RD","County","SHADY GROVE RD",,"N/A",,"OTHER","CLEAR","DRY","DAYLIGHT","TRAFFIC SIGNAL","N/A",,"935E41DC-AE67-41AB-BA4C-00A620BD75E6","No","POSSIBLE INJURY","N/A","NOT DISTRACTED","MD","671190B9-6B0E-40FB-A94E-A9A7D1A332E6","DISABLING","TWELVE OCLOCK","TWELVE OCLOCK","PASSENGER CAR","MOVING CONSTANT SPEED","South","South","45","No","No","2010","TOYOTA","SIENNA","N/A","39.148924","-77.14725167","
,  
(39.148924, -77.14725167)"
"MCP3255003C","220017293","Montgomery County Police","Property Damage Crash","2022-04-23T17:00:00.000","County","WATKINS MILL RD","Unknown","MILLSTREAM DR",,"N/A",,"SAME DIR REAR END","CLEAR","DRY","DAYLIGHT","NO CONTROLS","N/A",,"4E217D63-D2E7-4B25-8317-BCCFF1320B7B","Yes","NO APPARENT INJURY","N/A","UNKNOWN","MD","9AC6D545-2293-46E4-B341-6C1EF08D0713","FUNCTIONAL","TWELVE OCLOCK","TWELVE OCLOCK","MOTORCYCLE","MOVING CONSTANT SPEED","South","South","35","No","No","2013","HONDA","MOTORCYCLE","N/A","39.1833183","-77.2105988","
,  
(39.1833183, -77.2105988)"
"MCP3207002K","220017282","Montgomery County Police","Property Damage Crash","2022-04-23T15:35:00.000","County","LOCKWOOD DR","Unknown","ENT TO SHOPPING CENTER",,"N/A",,"SAME DIRECTION SIDESWIPE","CLEAR","DRY","DAYLIGHT","NO CONTROLS","NONE DETECTED",,"73160C3F-5E96-4D58-8CB4-5E0D9E3C1D5B","No","NO APPARENT INJURY","N/A","NOT DISTRACTED","MD","4475092A-8E27-4FBA-BE93-C613F06B4210","DISABLING","ONE OCLOCK","ONE OCLOCK","PASSENGER CAR","MOVING CONSTANT SPEED","East","East","30","No","No","2014","HYUN","4S","NO MISUSE","39.0413075","-76.98445833","
,  
(39.0413075, -76.98445833)"
"MCP3207002K","220017282","Montgomery County Police","Property Damage Crash","2022-04-23T15:35:00.000","County","LOCKWOOD DR","Unknown","ENT TO SHOPPING CENTER",,"N/A",,"SAME DIRECTION SIDESWIPE","CLEAR","DRY","DAYLIGHT","NO CONTROLS","NONE DETECTED",,"D8CECC6B-EABB-4888-BC84-E606D58E8EE8","Yes","NO APPARENT INJURY","N/A","NOT DISTRACTED","MD","44AEDE7C-9B8E-4076-9A17-8A0E628C1821","FUNCTIONAL","TWELVE OCLOCK","TWELVE OCLOCK","PASSENGER CAR","MAKING RIGHT TURN","East","East","30","No","No","2003","TOYT","4S","NO MISUSE","39.0413075","-76.98445833","
,  
(39.0413075, -76.98445833)"
"EJ7889002D","220017280","Gaithersburg Police Depar","Injury Crash","2022-04-23T15:31:00.000","Maryland (State)","FREDERICK RD","Unknown","SPUR FR CHRISTOPHER AVE",,"N/A",,"OTHER","CLEAR","DRY","DAYLIGHT","TRAFFIC SIGNAL","ALCOHOL PRESENT",,"4F4C2D59-ECCA-46AC-B474-357D966C807A","Yes","NO APPARENT INJURY","N/A","NOT DISTRACTED","MD","2CB343CD-AC7A-4889-9EDD-5E2BC1758955","FUNCTIONAL","TWELVE OCLOCK","TWELVE OCLOCK","PASSENGER CAR","ACCELERATING","North","East","40","No","No","2010","NISSAN","ALTIMA","NO MISUSE","39.15619268","-77.21632822","
,  
(39.15619268, -77.21632822)"
"EJ7889002D","220017280","Gaithersburg Police Depar","Injury Crash","2022-04-23T15:31:00.000","Maryland (State)","FREDERICK RD","Unknown","SPUR FR CHRISTOPHER AVE",,"N/A",,"OTHER","CLEAR","DRY","DAYLIGHT","TRAFFIC SIGNAL","NONE DETECTED",,"407593D1-AD97-4545-A0B2-EE78D6791940","No","SUSPECTED MINOR INJURY","N/A","NOT DISTRACTED","MD","E2B9110B-C5FF-4347-B8E8-B46017C23827","DISABLING","FOUR OCLOCK","FOUR OCLOCK","PASSENGER CAR","MOVING CONSTANT SPEED","North","North","40","No","No","2001","TOYT","4S","NO MISUSE","39.15619268","-77.21632822","
,  
(39.15619268, -77.21632822)"
"MCP295400BK","220017279","Montgomery County Police","Property Damage Crash","2022-04-23T15:28:00.000","US (State)","COLESVILLE RD","County","CRESTMOOR DR",,"N/A",,"SAME DIRECTION SIDESWIPE","CLEAR","DRY","DAYLIGHT","NO CONTROLS","NONE DETECTED",,"67864A89-C43F-4E99-BE24-07C050725089","Yes","NO APPARENT INJURY","BACKUP DUE TO NON-RECURRING INCIDENT, N/A","NOT DISTRACTED","MD","CEC37323-7DD5-4879-B643-BEADB1056E53","DISABLING","EIGHT OCLOCK","EIGHT OCLOCK","PASSENGER CAR","CHANGING LANES","North","North","40","No","No","2007","TOYOTA","YARIS","NO MISUSE","39.02915167","-77.00720167","
,  
(39.02915167, -77.00720167)"
"MCP295400BK","220017279","Montgomery County Police","Property Damage Crash","2022-04-23T15:28:00.000","US (State)","COLESVILLE RD","County","CRESTMOOR DR",,"N/A",,"SAME DIRECTION SIDESWIPE","CLEAR","DRY","DAYLIGHT","NO CONTROLS","NONE DETECTED",,"3EE6335B-3C44-449E-872D-B3DE6C36CEA8","No","NO APPARENT INJURY","BACKUP DUE TO NON-RECURRING INCIDENT, N/A","NOT DISTRACTED","DC","C646A5D3-2683-4954-B9AB-D89262D5307B","SUPERFICIAL","ONE OCLOCK","ONE OCLOCK","PASSENGER CAR","SLOWING OR STOPPING","North","North","40","No","No","2019","NISS","CG","N/A","39.02915167","-77.00720167","
,  
(39.02915167, -77.00720167)"
"MCP30730063","220017276","Montgomery County Police","Property Damage Crash","2022-04-23T15:08:00.000","Maryland (State)","GEORGIA AVE","County","ROSSMOOR BLVD",,"N/A",,"SAME DIR REAR END","N/A","N/A","DAYLIGHT","TRAFFIC SIGNAL","NONE DETECTED",,"14C89115-E853-4CB0-9A83-CC2FDAC59FCA","Yes","NO APPARENT INJURY","N/A","UNKNOWN","MD","F21FC7ED-D71B-44B3-8373-27F4D92A881C","SUPERFICIAL","TWELVE OCLOCK","TWELVE OCLOCK","PASSENGER CAR","SLOWING OR STOPPING","South","South","45","No","No","2014","TOYOTA","CAMRY","N/A","39.10123167","-77.077615","
,  
(39.10123167, -77.077615)"
"MCP30730063","220017276","Montgomery County Police","Property Damage Crash","2022-04-23T15:08:00.000","Maryland (State)","GEORGIA AVE","County","ROSSMOOR BLVD",,"N/A",,"SAME DIR REAR END","N/A","N/A","DAYLIGHT","TRAFFIC SIGNAL","NONE DETECTED",,"D0E64574-F1A8-4B2C-B449-B8F2AB107164","No","NO APPARENT INJURY","N/A","NOT DISTRACTED","MD","436F7C55-9494-4D44-9ED5-F7E2DC7F9508","SUPERFICIAL","SIX OCLOCK","SIX OCLOCK","PASSENGER CAR","STOPPED IN TRAFFIC LANE","South","South","45","No","No","2016","FORD","INTERCEPTOR","N/A","39.10123167","-77.077615","
,  
(39.10123167, -77.077615)"
"MCP913000CF","220017267","Montgomery County Police","Property Damage Crash","2022-04-23T13:46:00.000","County","FLOWER AVE","Maryland (State)","PINEY BRANCH RD",,"N/A",,"STRAIGHT MOVEMENT ANGLE","CLOUDY","DRY","DAYLIGHT","NO CONTROLS","NONE DETECTED",,"D1A75FAC-DCC2-4614-974E-27551706BA32","No","NO APPARENT INJURY","N/A","NOT DISTRACTED","MD","A5AE7811-D138-4B8A-90C9-4E755D740FEA","DISABLING","TWO OCLOCK","TWO OCLOCK","(SPORT) UTILITY VEHICLE","MOVING CONSTANT SPEED","South","South","25","No","No","2013","CHEVROLET","EQUINOX","NO MISUSE","38.99873833","-77.00367167","
,  
(38.99873833, -77.00367167)"
"MCP913000CF","220017267","Montgomery County Police","Property Damage Crash","2022-04-23T13:46:00.000","County","FLOWER AVE","Maryland (State)","PINEY BRANCH RD",,"N/A",,"STRAIGHT MOVEMENT ANGLE","CLOUDY","DRY","DAYLIGHT","NO CONTROLS","NONE DETECTED",,"3EA4263C-F469-456F-9200-33219FE087B8","Yes","NO APPARENT INJURY","N/A","UNKNOWN","MD","0F0810D5-7E7B-4E9A-950C-1BBF58FFD223","FUNCTIONAL","TWELVE OCLOCK","TWELVE OCLOCK","PASSENGER CAR","MAKING LEFT TURN","North","East","25","No","No","2022","TOYOTA","COROLLA","NO MISUSE","38.99873833","-77.00367167","
,  
(38.99873833, -77.00367167)"
"MCP3254001S","220017259","Montgomery County Police","Property Damage Crash","2022-04-23T12:35:00.000",,,,,"PARKING LOT OF DSW WAREHOUSE 12922 MIDDLEBROOK RD GERMANTOWN MD",,,"STRAIGHT MOVEMENT ANGLE","CLEAR",,"DAYLIGHT","STOP SIGN","NONE DETECTED",,"899136BD-9C52-4683-8882-7A4452E2F912","Yes","NO APPARENT INJURY","N/A","LOOKED BUT DID NOT SEE","MD","972F757C-D5F3-4175-8707-3DBC62C5DA63","FUNCTIONAL","ELEVEN OCLOCK","ELEVEN OCLOCK","(SPORT) UTILITY VEHICLE","MAKING LEFT TURN","South","West","15","No","No","2019","MERCEDES","GLE400","NO MISUSE","39.17964","-77.26947667","
,  
(39.17964, -77.26947667)"
"MCP3254001S","220017259","Montgomery County Police","Property Damage Crash","2022-04-23T12:35:00.000",,,,,"PARKING LOT OF DSW WAREHOUSE 12922 MIDDLEBROOK RD GERMANTOWN MD",,,"STRAIGHT MOVEMENT ANGLE","CLEAR",,"DAYLIGHT","STOP SIGN","NONE DETECTED",,"AB6531EF-CD22-4D1A-BC05-5F9EFD1BD692","No","NO APPARENT INJURY","N/A","NOT DISTRACTED","MD","24C5367A-702E-4636-8BB4-5C1FC9927A7C","DISABLING","ELEVEN OCLOCK","ELEVEN OCLOCK","(SPORT) UTILITY VEHICLE","MOVING CONSTANT SPEED","South","South","15","No","No","2019","ACUR","UT","NO MISUSE","39.17964","-77.26947667","
,  
(39.17964, -77.26947667)"
"MCP2726006K","220017253","Montgomery County Police","Injury Crash","2022-04-23T11:37:00.000","Maryland (State)","FREDERICK RD","County","SHADY GROVE RD",,"N/A",,"SAME DIR REAR END","CLEAR","DRY","DAYLIGHT","TRAFFIC SIGNAL","NONE DETECTED",,"5B446E84-6C2B-4DC9-B148-0EAFDC53DAF5","No","NO APPARENT INJURY","N/A","NOT DISTRACTED","MD","949321D5-D41F-4EA6-92E9-C925D8451C3C","SUPERFICIAL","SIX OCLOCK","SIX OCLOCK","PASSENGER CAR","SLOWING OR STOPPING","North","North","40","No","No","2020","SUBARU","CROSSTREK","NO MISUSE","39.12216585","-77.1769159","
,  
(39.12216585, -77.1769159)"
"MCP2726006K","220017253","Montgomery County Police","Injury Crash","2022-04-23T11:37:00.000","Maryland (State)","FREDERICK RD","County","SHADY GROVE RD",,"N/A",,"SAME DIR REAR END","CLEAR","DRY","DAYLIGHT","TRAFFIC SIGNAL","NONE DETECTED",,"0231E76B-CFCF-422C-AB96-C6A060449ACD","Yes","NO APPARENT INJURY","N/A","NOT DISTRACTED","MD","37D8DF24-C986-4281-9A30-360143CCA01F","SUPERFICIAL","TWELVE OCLOCK","TWELVE OCLOCK","TRANSIT BUS","SLOWING OR STOPPING","North","North","40","No","No","2016","GILL","BUS","NO MISUSE","39.12216585","-77.1769159","
,  
(39.12216585, -77.1769159)"
"MCP2940005Q","22007251","Montgomery County Police","Injury Crash","2022-04-23T11:25:00.000","County","SEVEN LOCKS RD","County","BELLS MILL RD",,"N/A",,"SINGLE VEHICLE","CLEAR","DRY","DAYLIGHT","TRAFFIC SIGNAL","NONE DETECTED",,"44CFFB98-3962-4D98-9A76-37CD759DD6AB","Yes","POSSIBLE INJURY","N/A","UNKNOWN","MD","A6FF8B26-77B6-4F55-BA0E-2D2C553B7028","DISABLING","TWELVE OCLOCK","TWELVE OCLOCK","(SPORT) UTILITY VEHICLE","MOVING CONSTANT SPEED","North","North","35","No","No","2008","JEEP","GRAND CHEROKEE","NO MISUSE","39.03254133","-77.1611145","
,  
(39.03254133, -77.1611145)"
"MCP32880024","220017333","Montgomery County Police","Property Damage Crash","2022-04-23T11:15:00.000","County","GOSHEN RD","County","BRINK RD",,"N/A",,"HEAD ON","CLEAR","DRY","DARK NO LIGHTS","NO CONTROLS","NONE DETECTED",,"34F3C1A1-A05E-447E-8C14-FF1248EB478A","No","NO APPARENT INJURY","N/A","NOT DISTRACTED","MD","18BB155D-2658-4678-A2EC-E0968E60D184","DISABLING","TEN OCLOCK","TEN OCLOCK","(SPORT) UTILITY VEHICLE","MOVING CONSTANT SPEED","South","South","35","No","No","2019","TOYOTA","SUV","NO MISUSE","39.20365833","-77.18743667","
,  
(39.20365833, -77.18743667)"
"MCP32880024","220017333","Montgomery County Police","Property Damage Crash","2022-04-23T11:15:00.000","County","GOSHEN RD","County","BRINK RD",,"N/A",,"HEAD ON","CLEAR","DRY","DARK NO LIGHTS","NO CONTROLS","NONE DETECTED",,"B721B12B-8ADC-4F08-955A-4FDA260B8228","Yes","NO APPARENT INJURY","N/A","UNKNOWN","MD","FE0095F1-679E-4DC5-92FA-773F8FE4AC3F","DISABLING","ELEVEN OCLOCK","ELEVEN OCLOCK","PASSENGER CAR","MOVING CONSTANT SPEED","North","North","35","No","No","2016","HOND","4H","NO MISUSE","39.20365833","-77.18743667","
,  
(39.20365833, -77.18743667)"
"MCP31120060","220017247","Montgomery County Police","Property Damage Crash","2022-04-23T10:45:00.000","Maryland (State)","OLD GEORGETOWN RD","County","WOODMONT AVE",,"N/A",,"SAME DIRECTION RIGHT TURN","CLEAR","DRY","DAYLIGHT","TRAFFIC SIGNAL","NONE DETECTED",,"16EC7AD7-4C8B-485E-AA2D-8F088840EFC5","Yes","NO APPARENT INJURY","N/A","LOOKED BUT DID NOT SEE","MD","7B30EBC0-2D0D-4419-9ACA-12EA45A8361E","SUPERFICIAL","THREE OCLOCK","THREE OCLOCK","TRANSIT BUS","MAKING RIGHT TURN","West","South","25","No","No","2016","GILL","BUS","NO MISUSE","38.98658133","-77.096683","
,  
(38.98658133, -77.096683)"
"MCP31120060","220017247","Montgomery County Police","Property Damage Crash","2022-04-23T10:45:00.000","Maryland (State)","OLD GEORGETOWN RD","County","WOODMONT AVE",,"N/A",,"SAME DIRECTION RIGHT TURN","CLEAR","DRY","DAYLIGHT","TRAFFIC SIGNAL","NONE DETECTED",,"5DF2531C-E5C5-4B60-8636-A7D2F63F5BF6","No","NO APPARENT INJURY","N/A","NOT DISTRACTED","MD","5C0FA61A-054B-4FB1-AD2F-2E07237D726C","DISABLING","ELEVEN OCLOCK","ELEVEN OCLOCK","(SPORT) UTILITY VEHICLE","MAKING RIGHT TURN","West","South","25","No","No","2022","VOLVO","V60","NO MISUSE","38.98658133","-77.096683","
,  
(38.98658133, -77.096683)"
"MCP2991006L","220017242","Montgomery County Police","Property Damage Crash","2022-04-23T10:00:00.000","County","RANDOLPH RD","Maryland (State)","GEORGIA AVE",,"N/A",,"SAME DIR REND RIGHT TURN","N/A","DRY","DAYLIGHT","NO CONTROLS","NONE DETECTED",,"12FA890D-D96D-47C2-94D4-A447A9AB75D0","No","NO APPARENT INJURY","N/A","NOT DISTRACTED","MD","5A08025A-08B7-4F98-AACC-E9AEFCC8E72D","DISABLING","SIX OCLOCK","SIX OCLOCK","PASSENGER CAR","MAKING RIGHT TURN","West","West","35","No","No","2014","HONDA","ACCORD","NO MISUSE","39.05892833","-77.04858333","
,  
(39.05892833, -77.04858333)"
"MCP2991006L","220017242","Montgomery County Police","Property Damage Crash","2022-04-23T10:00:00.000","County","RANDOLPH RD","Maryland (State)","GEORGIA AVE",,"N/A",,"SAME DIR REND RIGHT TURN","N/A","DRY","DAYLIGHT","NO CONTROLS","NONE DETECTED",,"D7EFC695-1EF2-495C-BB8F-923BA53A9ECE","Yes","NO APPARENT INJURY","N/A","NOT DISTRACTED","MD","69E0974A-2D24-4AD0-9C56-4DF7E674684F","DISABLING","TWELVE OCLOCK","TWELVE OCLOCK","PASSENGER CAR","MOVING CONSTANT SPEED","West","West","35","No","No","2014","VOLKSWAGEN","PASSAT","NO MISUSE","39.05892833","-77.04858333","
,  
(39.05892833, -77.04858333)"
"MCP3149003D","220017233","Montgomery County Police","Property Damage Crash","2022-04-23T08:20:00.000","Maryland (State)","UNIVERSITY BLVD E","Municipality","MERRIMAC DR",,"TAKOMA PARK",,"STRAIGHT MOVEMENT ANGLE","CLOUDY","DRY","DAYLIGHT","STOP SIGN","NONE DETECTED",,"DC77E82F-F79E-47A1-84D9-79CDB6FBE7CE","No","NO APPARENT INJURY","N/A","NOT DISTRACTED","MD","01204ACC-CD5F-4C38-B598-77BEA366A098","DISABLING","TWELVE OCLOCK","TWELVE OCLOCK","(SPORT) UTILITY VEHICLE","MOVING CONSTANT SPEED","East","East","30","No","No","2004","HONDA","CRV","NO MISUSE","38.99259167","-76.991675","
,  
(38.99259167, -76.991675)"
"MCP3149003D","220017233","Montgomery County Police","Property Damage Crash","2022-04-23T08:20:00.000","Maryland (State)","UNIVERSITY BLVD E","Municipality","MERRIMAC DR",,"TAKOMA PARK",,"STRAIGHT MOVEMENT ANGLE","CLOUDY","DRY","DAYLIGHT","STOP SIGN","NONE DETECTED",,"D749AE1D-6B3A-4527-A62F-82CD7C4A2D71","Yes","NO APPARENT INJURY","N/A","UNKNOWN","MD","1AC8E5AC-C0D2-42E6-B0E7-375C239EABF2","DISABLING","TWELVE OCLOCK","TWELVE OCLOCK","PASSENGER CAR","MOVING CONSTANT SPEED","South","South","30","No","No","2017","TOYOTA","PRIUS","NO MISUSE","38.99259167","-76.991675","
,  
(38.99259167, -76.991675)"
"MCP3299001V","220017225","Montgomery County Police","Property Damage Crash","2022-04-23T06:04:00.000","Maryland (State)","NEW HAMPSHIRE AVE","County","MIDLAND RD",,"N/A",,"SAME DIR REAR END","CLEAR","DRY","DAWN","TRAFFIC SIGNAL","NONE DETECTED",,"38973238-9404-4AC8-9F33-7FA735A7CB50","Yes","NO APPARENT INJURY","N/A","LOOKED BUT DID NOT SEE","MD","0FDCD48F-F396-4646-B621-25F9C8D7137D","SUPERFICIAL","TWELVE OCLOCK","TWELVE OCLOCK","PASSENGER CAR","MOVING CONSTANT SPEED","South","South","45","No","No","2015","FORD","F550","NO MISUSE","39.07756029","-77.00155831","
,  
(39.07756029, -77.00155831)"
"MCP3299001V","220017225","Montgomery County Police","Property Damage Crash","2022-04-23T06:04:00.000","Maryland (State)","NEW HAMPSHIRE AVE","County","MIDLAND RD",,"N/A",,"SAME DIR REAR END","CLEAR","DRY","DAWN","TRAFFIC SIGNAL","NONE DETECTED",,"9E304201-F27F-456B-AD2F-58E2FF4673F2","No","NO APPARENT INJURY","N/A","NOT DISTRACTED","MD","01C123F7-45ED-45B0-B7D8-2D685590C3CB","DISABLING","SIX OCLOCK","SIX OCLOCK","PASSENGER CAR","STOPPED IN TRAFFIC LANE","South","South","45","No","No","2015","KIA","OPTIMA","NO MISUSE","39.07756029","-77.00155831","
,  
(39.07756029, -77.00155831)"
"MCP3299001V","220017225","Montgomery County Police","Property Damage Crash","2022-04-23T06:04:00.000","Maryland (State)","NEW HAMPSHIRE AVE","County","MIDLAND RD",,"N/A",,"SAME DIR REAR END","CLEAR","DRY","DAWN","TRAFFIC SIGNAL","NONE DETECTED",,"8457ADB1-A8F5-4ABF-B6A5-027DC7DBB2FE","No","NO APPARENT INJURY","N/A","NOT DISTRACTED","MD","24F45021-7D43-4CF9-AD9F-44D273287ABD","SUPERFICIAL","SIX OCLOCK","SIX OCLOCK","PASSENGER CAR","STOPPED IN TRAFFIC LANE","South","South","45","No","No","2014","DODGE","TRUCK","NO MISUSE","39.07756029","-77.00155831","
,  
(39.07756029, -77.00155831)"
"MCP25820041","220017222","Montgomery County Police","Property Damage Crash","2022-04-23T04:36:00.000","County","BRIGGS CHANEY RD","County","GOOD HOPE RD",,"N/A",,"HEAD ON","CLEAR","DRY","DARK LIGHTS ON","NO CONTROLS","NONE DETECTED",,"A3C6CDD5-55AE-4C63-BFE3-587AF2E4626B","No","NO APPARENT INJURY","N/A","NOT DISTRACTED","MD","8513BE80-C3A7-4A75-9C1F-DEE45705E043","DISABLING","TWELVE OCLOCK","TWELVE OCLOCK","PASSENGER CAR","MOVING CONSTANT SPEED","East","East","35","No","No","2008","NISSAN","ALTIMA","NO MISUSE","39.10131633","-76.97955633","
,  
(39.10131633, -76.97955633)"
"MCP25820041","220017222","Montgomery County Police","Property Damage Crash","2022-04-23T04:36:00.000","County","BRIGGS CHANEY RD","County","GOOD HOPE RD",,"N/A",,"HEAD ON","CLEAR","DRY","DARK LIGHTS ON","NO CONTROLS","N/A",,"4FF56BCD-9C63-4397-A655-E016574DF7BE","Yes","NO APPARENT INJURY","N/A","UNKNOWN","MD","514312BF-C177-4E5F-A767-4BDF2F766A4B","DISABLING","TWELVE OCLOCK","TWELVE OCLOCK","PASSENGER CAR","MOVING CONSTANT SPEED","West","West","35","No","No","2016","CHEVY","TRAX","UNKNOWN","39.10131633","-76.97955633","
,  
(39.10131633, -76.97955633)"
"MCP1595001W","220017220","Montgomery County Police","Property Damage Crash","2022-04-23T04:22:00.000","County","TABER ST","County","FRANWALL AVE",,"N/A",,"SAME DIRECTION SIDESWIPE","CLEAR","DRY","DARK LIGHTS ON","NO CONTROLS","UNKNOWN",,"3E90FE22-B923-4483-B4CD-65619750955C","Yes","NO APPARENT INJURY","N/A","UNKNOWN",,"78606948-6A0D-469E-88B2-6452EA223B21","DISABLING","ONE OCLOCK","ONE OCLOCK","PASSENGER CAR","MOVING CONSTANT SPEED","North","North","15","No","No","2005","HYUNDAI","SONATA","UNKNOWN","39.04440994","-77.04481682","
,  
(39.04440994, -77.04481682)"
"MCP3035002Z","220017219","Montgomery County Police","Property Damage Crash","2022-04-23T04:22:00.000","County","GOSHEN RD","County","CENTERWAY RD",,"N/A",,"STRAIGHT MOVEMENT ANGLE","CLEAR","DRY","DARK LIGHTS ON","FLASHING TRAFFIC SIGNAL","UNKNOWN",,"E7EF5140-E7B4-4FA9-BC5C-58C756555C7E","Yes","NO APPARENT INJURY","N/A","UNKNOWN",,"AFC109BA-CFE3-4875-9A1B-023DD0E41A5B","FUNCTIONAL","TWELVE OCLOCK","TWELVE OCLOCK",,"MOVING CONSTANT SPEED","North","North","35","No","No","0","UNKNOWN","UNKNOWN","UNKNOWN","39.16929773","-77.19057005","
,  
(39.16929773, -77.19057005)"
"MCP3035002Z","220017219","Montgomery County Police","Property Damage Crash","2022-04-23T04:22:00.000","County","GOSHEN RD","County","CENTERWAY RD",,"N/A",,"STRAIGHT MOVEMENT ANGLE","CLEAR","DRY","DARK LIGHTS ON","FLASHING TRAFFIC SIGNAL","N/A",,"75495F01-809B-4A9C-A178-9AF35FA4880F","No","NO APPARENT INJURY","N/A","NOT DISTRACTED","MD","37295365-40C5-4252-A380-553BA1F180A5","FUNCTIONAL","TWO OCLOCK","TWO OCLOCK","PASSENGER CAR","ACCELERATING","East","East","35","No","No","2009","HOND","CIV","NO MISUSE","39.16929773","-77.19057005","
,  
(39.16929773, -77.19057005)"
"MCP2662002P","220017218","Montgomery County Police","Property Damage Crash","2022-04-23T03:19:00.000","Maryland (State)","MONTGOMERY VILLAGE AVE","Maryland (State)","FREDERICK RD",,"N/A",,"SAME DIR REAR END","CLEAR","DRY","DARK LIGHTS ON","TRAFFIC SIGNAL","NONE DETECTED",,"EA94AA09-372D-4B0B-89A7-8B9AB6D486BF","No","NO APPARENT INJURY","N/A","NOT DISTRACTED","MD","030A64FF-7D17-43E7-9719-93FA7FE123F0","FUNCTIONAL","FIVE OCLOCK","FIVE OCLOCK","PASSENGER CAR","STOPPED IN TRAFFIC LANE","East","East","35","No","No","2019","HYUN","SD","NO MISUSE","39.15231967","-77.21234417","
,  
(39.15231967, -77.21234417)"