"report_number","local_case_number","agency_name","acrs_report_type","crash_date_time","route_type","road_name","cross_street_type","cross_street_name","off_road_description","municipality","related_non_motorist","collision_type","weather","surface_condition","light","traffic_control","driver_substance_abuse","non_motorist_substance_abuse","person_id","driver_at_fault","injury_severity","circumstance","driver_distracted_by","drivers_license_state","vehicle_id","vehicle_damage_extent","vehicle_first_impact_location","vehicle_second_impact_location","vehicle_body_type","vehicle_movement","vehicle_continuing_dir","vehicle_going_dir","speed_limit","driverless_vehicle","parked_vehicle","vehicle_year","vehicle_make","vehicle_model","equipment_problems","latitude","longitude","geolocation"
"MCP2662002P","220017218","Montgomery County Police","Property Damage Crash","2022-04-23T03:19:00.000","Maryland (State)","MONTGOMERY VILLAGE AVE","Maryland (State)","FREDERICK RD",,"N/A",,"SAME DIR REAR END","CLEAR","DRY","DARK LIGHTS ON","TRAFFIC SIGNAL","NONE DETECTED",,"DCA8474C-C30A-49DF-8606-39AF25EAEC99","Yes","NO APPARENT INJURY","N/A","OTHER DISTRACTION","MD","4A126472-E47A-42E8-B998-BE91AD566BE1","DISABLING","TWELVE OCLOCK","TWELVE OCLOCK","PASSENGER CAR","SLOWING OR STOPPING","East","East","35","No","No","2018","HOND","CIVIC","NO MISUSE","39.15231967","-77.21234417","
,  
(39.15231967, -77.21234417)"
"MCP2539001Y","220017203","Montgomery County Police","Property Damage Crash","2022-04-22T22:49:00.000",,,,,"PARKING LOT OF 7820 WISCONSIN AVENUE",,,"OTHER","CLEAR",,"DARK LIGHTS ON","NO CONTROLS","NONE DETECTED",,"81EF65C6-4B29-4E4B-95E2-17F010203571","No","NO APPARENT INJURY","N/A","NOT DISTRACTED","MD","F285C55B-A8DC-4A85-B797-A024C80A94A4","FUNCTIONAL","SEVEN OCLOCK","SEVEN OCLOCK","PASSENGER CAR","PARKED",,,"5","No","Yes","2017","VOLKSWAGEN","JETTA","NO MISUSE","38.9922095","-77.09702067","
,  
(38.9922095, -77.09702067)"
"MCP2539001Y","220017203","Montgomery County Police","Property Damage Crash","2022-04-22T22:49:00.000",,,,,"PARKING LOT OF 7820 WISCONSIN AVENUE",,,"OTHER","CLEAR",,"DARK LIGHTS ON","NO CONTROLS","UNKNOWN",,"B5CFE69A-5E0E-480E-BB3F-54964B658A23","Yes","NO APPARENT INJURY","N/A","UNKNOWN",,"C9590854-E511-419B-915A-E8917E31FD63","UNKNOWN","SIX OCLOCK","SIX OCLOCK","PASSENGER CAR","BACKING","South","West","5","No","No","2004","NISSAN","TK","UNKNOWN","38.9922095","-77.09702067","
,  
(38.9922095, -77.09702067)"
"MCP2940005P","220017201","Montgomery County Police","Property Damage Crash","2022-04-22T21:30:00.000","Interstate (State)","CAPITAL BELTWAY","Interstate (State)","EISENHOWER MEMORIAL HWY",,"N/A",,"OTHER","CLEAR","DRY","DARK LIGHTS ON","N/A","NONE DETECTED",,"8D617D5A-83CA-48FB-BB77-744475E0FF13","No","NO APPARENT INJURY","N/A","NOT DISTRACTED","MD","986407C4-49A2-47F3-890E-7930C54E93F8","FUNCTIONAL","ROOF TOP","ROOF TOP","PASSENGER CAR","MOVING CONSTANT SPEED","North","West","55","No","No","2017","MERZ","SD","NO MISUSE","39.01598439","-77.09702649","
,  
(39.01598439, -77.09702649)"
"MCP3129004F","220017194","Montgomery County Police","Property Damage Crash","2022-04-22T20:40:00.000","County","BEL PRE RD","Maryland (State)","LAYHILL RD",,"N/A",,"HEAD ON LEFT TURN","CLEAR","DRY","DARK LIGHTS ON","TRAFFIC SIGNAL","NONE DETECTED",,"6FB0AEBF-D5A5-4765-A6A2-11B48AD1DCCE","Yes","NO APPARENT INJURY","N/A","LOOKED BUT DID NOT SEE","MD","E8364AA5-DCB7-42E2-A499-A791A2A9B5AB","FUNCTIONAL","TWELVE OCLOCK","TWELVE OCLOCK","PASSENGER CAR","MAKING LEFT TURN","North","East","35","No","No","2013","TOYT","UT","NO MISUSE","39.09056188","-77.04479981","
,  
(39.09056188, -77.04479981)"
"MCP3129004F","220017194","Montgomery County Police","Property Damage Crash","2022-04-22T20:40:00.000","County","BEL PRE RD","Maryland (State)","LAYHILL RD",,"N/A",,"HEAD ON LEFT TURN","CLEAR","DRY","DARK LIGHTS ON","TRAFFIC SIGNAL","NONE DETECTED",,"19DBFFE5-86B2-49E5-8507-4385DC698BED","No","NO APPARENT INJURY","N/A","NOT DISTRACTED","MD","2A18938F-8F24-44E5-B3A5-38948639704E","FUNCTIONAL","TWELVE OCLOCK","TWELVE OCLOCK","PASSENGER CAR","MOVING CONSTANT SPEED","West","West","35","No","No","2019","FORD","EXPLORER","NO MISUSE","39.09056188","-77.04479981","
,  
(39.09056188, -77.04479981)"
"MCP27560049","220017195","Montgomery County Police","Property Damage Crash","2022-04-22T20:17:00.000","Maryland (State)","VEIRS MILL RD","County","FERRARA AVE",,"N/A",,"SAME DIR REAR END","N/A","DRY","DARK LIGHTS ON","TRAFFIC SIGNAL","NONE DETECTED",,"2EE4B63A-DE73-4A3D-A162-27DE953CAAE9","Yes","NO APPARENT INJURY","N/A","NOT DISTRACTED","MD","76506B48-5247-4881-AFDC-218A961867AE","FUNCTIONAL","TWELVE OCLOCK","SIX OCLOCK","PASSENGER CAR","MOVING CONSTANT SPEED","East","East","40","No","No","2012","TOYOTA","COROLLA","NO MISUSE","39.05259167","-77.07607333","
,  
(39.05259167, -77.07607333)"
"MCP27560049","220017195","Montgomery County Police","Property Damage Crash","2022-04-22T20:17:00.000","Maryland (State)","VEIRS MILL RD","County","FERRARA AVE",,"N/A",,"SAME DIR REAR END","N/A","DRY","DARK LIGHTS ON","TRAFFIC SIGNAL","NONE DETECTED",,"3364A927-5130-469B-9DDF-36C4E0527C68","Yes","NO APPARENT INJURY","N/A","NOT DISTRACTED","MD","16E6EF70-E11B-4ECF-A616-C1846A047453","FUNCTIONAL","TWELVE OCLOCK","TWELVE OCLOCK","PASSENGER CAR","MOVING CONSTANT SPEED","East","East","40","No","No","2008","HONDA","PILOT","NO MISUSE","39.05259167","-77.07607333","
,  
(39.05259167, -77.07607333)"
"MCP27560049","220017195","Montgomery County Police","Property Damage Crash","2022-04-22T20:17:00.000","Maryland (State)","VEIRS MILL RD","County","FERRARA AVE",,"N/A",,"SAME DIR REAR END","N/A","DRY","DARK LIGHTS ON","TRAFFIC SIGNAL","NONE DETECTED",,"8725DD9C-AD67-436D-BAF5-AF9862224B9E","No","NO APPARENT INJURY","N/A","NOT DISTRACTED","MD","D70E7936-E782-4B16-AEE2-5A613119CF23","FUNCTIONAL","SIX OCLOCK","SIX OCLOCK","PASSENGER CAR","SLOWING OR STOPPING","East","East","40","No","No","2018","TOYOTA","CAMRY","NO MISUSE","39.05259167","-77.07607333","
,  
(39.05259167, -77.07607333)"
"MCP11740056","220017188","Montgomery County Police","Property Damage Crash","2022-04-22T19:30:00.000","Maryland (State)","BRADLEY LA","Municipality","HILLCREST PL #2",,"CHEVY CHASE #4",,"STRAIGHT MOVEMENT ANGLE","CLEAR","DRY","DUSK","NO CONTROLS","N/A",,"E2EAA9E1-9AF1-44DC-9FE2-06844CDBF4FA","Yes","NO APPARENT INJURY","N/A","NOT DISTRACTED","MD","CFFEA78F-49A1-495F-A49C-A761416CFA4E","SUPERFICIAL","ONE OCLOCK","ONE OCLOCK","PASSENGER CAR","MOVING CONSTANT SPEED","South","South","25","No","No","2017","BMW","X3","NO MISUSE","38.97698003","-77.08032811","
,  
(38.97698003, -77.08032811)"
"MCP2656005X","220017181","Montgomery County Police","Property Damage Crash","2022-04-22T18:30:00.000",,"WOODCOCK WAY",,"REDPOLE ALY",,"N/A",,"OTHER","CLEAR","DRY","DAYLIGHT","N/A","UNKNOWN",,"4F2FFB83-8B00-4B22-8728-4CEF52A5DC46","Yes","NO APPARENT INJURY","N/A","UNKNOWN","MD","278A4CA2-FA1F-41C3-96B7-B94543CCAF6D","FUNCTIONAL","ELEVEN OCLOCK","ELEVEN OCLOCK","(SPORT) UTILITY VEHICLE","STARTING FROM PARKED","North","North","15","No","No","2011","LINCOLN","NAVIGATOR","UNKNOWN","39.22001167","-77.29583167","
,  
(39.22001167, -77.29583167)"
"MCP3295001G","220017164","Montgomery County Police","Injury Crash","2022-04-22T18:00:00.000","US (State)","COLESVILLE RD","County","LORAIN AVE",,"N/A",,"OPPOSITE DIRECTION SIDESWIPE","CLEAR","DRY","DAYLIGHT","NO CONTROLS","NONE DETECTED",,"E9010FAF-548B-4C4E-80C3-E4931990CF09","Yes","NO APPARENT INJURY","N/A","UNKNOWN","MD","C4D8E3C5-49DD-4D6E-AD71-BC9DFF9EE815","FUNCTIONAL","EIGHT OCLOCK","EIGHT OCLOCK","PASSENGER CAR","MAKING LEFT TURN","North","East","35","No","No","2006","HONDA","ACCORD","NO MISUSE","39.02412333","-77.01113","
,  
(39.02412333, -77.01113)"
"MCP3295001G","220017164","Montgomery County Police","Injury Crash","2022-04-22T18:00:00.000","US (State)","COLESVILLE RD","County","LORAIN AVE",,"N/A",,"OPPOSITE DIRECTION SIDESWIPE","CLEAR","DRY","DAYLIGHT","NO CONTROLS","NONE DETECTED",,"83664324-F788-4F5E-AD1E-5E32933B5FC9","Yes","SUSPECTED MINOR INJURY","N/A","UNKNOWN","MD","CAFFB55E-B9F7-47F8-AD65-B332130F11B5","DISABLING","TWELVE OCLOCK","TWELVE OCLOCK","MOTORCYCLE","CHANGING LANES","South","South","35","No","No","2003","YAMA","MC","NO MISUSE","39.02412333","-77.01113","
,  
(39.02412333, -77.01113)"
"MCP32630023","220017165","Montgomery County Police","Property Damage Crash","2022-04-22T17:57:00.000","County","WOODMONT AVE","County","BATTERY LA",,"N/A",,"STRAIGHT MOVEMENT ANGLE","CLEAR","DRY","DAYLIGHT","TRAFFIC SIGNAL","NONE DETECTED",,"57942354-0CCD-4CE6-B2CB-D088B6B7EAA5","Unknown","NO APPARENT INJURY","N/A","LOOKED BUT DID NOT SEE","MD","DC848DC5-7D13-4F0F-9574-15934B639454","DISABLING","TWELVE OCLOCK","TWELVE OCLOCK","PASSENGER CAR","MOVING CONSTANT SPEED","North","North","30","No","No","2021","SUBARU","CROSSTREK","NO MISUSE","38.99273667","-77.09682333","
,  
(38.99273667, -77.09682333)"
"MCP32630023","220017165","Montgomery County Police","Property Damage Crash","2022-04-22T17:57:00.000","County","WOODMONT AVE","County","BATTERY LA",,"N/A",,"STRAIGHT MOVEMENT ANGLE","CLEAR","DRY","DAYLIGHT","TRAFFIC SIGNAL","NONE DETECTED",,"3420184D-F791-4AB3-9FBD-80EE1EDB2E15","Unknown","NO APPARENT INJURY","N/A","LOOKED BUT DID NOT SEE","MD","6F9DCDE1-6970-4CCC-9F5C-493831D76EE8","DISABLING","TWELVE OCLOCK","TWELVE OCLOCK","PASSENGER CAR","MOVING CONSTANT SPEED","East","East","30","No","No","2020","HYUNDIA","TUCSAN","NO MISUSE","38.99273667","-77.09682333","
,  
(38.99273667, -77.09682333)"
"MCP3225002L","220017146","Montgomery County Police","Property Damage Crash","2022-04-22T16:35:00.000","County","ASPEN HILL RD","Maryland (State)","CONNECTICUT AVE",,"N/A",,"STRAIGHT MOVEMENT ANGLE","CLEAR","DRY","DAYLIGHT","NO CONTROLS","NONE DETECTED",,"3AB3048E-05EA-425D-9C99-D9C0253D0E3C","Yes","NO APPARENT INJURY","N/A","OTHER DISTRACTION","MD","D126FF47-ABA5-4B7F-A325-D8332743DE8D","FUNCTIONAL","TWELVE OCLOCK","TWELVE OCLOCK","PASSENGER CAR","ACCELERATING","West","West","35","No","No","2012","FORD","FIESTA","NO MISUSE","39.0800885","-77.07991733","
,  
(39.0800885, -77.07991733)"
"MCP3225002L","220017146","Montgomery County Police","Property Damage Crash","2022-04-22T16:35:00.000","County","ASPEN HILL RD","Maryland (State)","CONNECTICUT AVE",,"N/A",,"STRAIGHT MOVEMENT ANGLE","CLEAR","DRY","DAYLIGHT","NO CONTROLS","NONE DETECTED",,"8B49C303-D25C-45EB-AE39-C4D421D39DC3","No","NO APPARENT INJURY","N/A","NOT DISTRACTED","MD","1C24F585-8A36-40B5-BD06-1800212EC318","FUNCTIONAL","TEN OCLOCK","TEN OCLOCK","PASSENGER CAR","ACCELERATING","South","South","35","No","No","2000","HONDA","CIVIC","NO MISUSE","39.0800885","-77.07991733","
,  
(39.0800885, -77.07991733)"
"MCP22860049","220017425","Montgomery County Police","Injury Crash","2022-04-22T16:18:00.000","Maryland (State)","HUNGERFORD DR","Municipality","FREDERICK AVE #2",,"ROCKVILLE","BICYCLIST","STRAIGHT MOVEMENT ANGLE","CLEAR","DRY","DAYLIGHT","TRAFFIC SIGNAL","NONE DETECTED","NONE DETECTED","D8A75D63-1388-4ABA-B230-2F85DC0C1F65","No","NO APPARENT INJURY","N/A","LOOKED BUT DID NOT SEE","MD","D9261B78-664D-44B1-BAC1-A25C3C2E7BB7","SUPERFICIAL","TWELVE OCLOCK","TWELVE OCLOCK","PICKUP TRUCK","ACCELERATING","North","North","40","No","No","2017","CHEVY","TK","NO MISUSE","39.09421333","-77.15311833","
,  
(39.09421333, -77.15311833)"
"EJ7889002C","220017139","Gaithersburg Police Depar","Property Damage Crash","2022-04-22T15:40:00.000","Municipality","FIRSTFIELD RD","Municipality","BANK ST",,"GAITHERSBURG",,"OTHER","CLEAR","DRY","DAYLIGHT","NO CONTROLS","NONE DETECTED",,"4856F7AA-188A-48A1-96A7-0BFA6DEA60F7","Unknown","NO APPARENT INJURY","N/A","NOT DISTRACTED","MD","1BC517EF-F0E3-418E-8899-B49C568C5BDF","SUPERFICIAL","ONE OCLOCK","ONE OCLOCK","PASSENGER CAR","ACCELERATING","East","East","30","No","No","2008","HONDA","4S","NO MISUSE","39.14065065","-77.22446877","
,  
(39.14065065, -77.22446877)"
"EJ7889002C","220017139","Gaithersburg Police Depar","Property Damage Crash","2022-04-22T15:40:00.000","Municipality","FIRSTFIELD RD","Municipality","BANK ST",,"GAITHERSBURG",,"OTHER","CLEAR","DRY","DAYLIGHT","NO CONTROLS","NONE DETECTED",,"BA4E74F4-3556-4756-88D7-5B2B3073C882","Unknown","NO APPARENT INJURY","N/A","NOT DISTRACTED","MD","E3562C24-0441-419A-9F23-3A3217BED2FD","DISABLING","EIGHT OCLOCK","EIGHT OCLOCK","PASSENGER CAR","MOVING CONSTANT SPEED","East","East","30","No","No","2010","TOYOTA","MATRIX","NO MISUSE","39.14065065","-77.22446877","
,  
(39.14065065, -77.22446877)"
"MCP2798004Z","220017138","Montgomery County Police","Injury Crash","2022-04-22T15:33:00.000","County","WARING STATION RD","County","SUMMER OAK DR",,"N/A","PEDESTRIAN","SINGLE VEHICLE","CLEAR","DRY","DAYLIGHT","NO CONTROLS","NONE DETECTED","NONE DETECTED","BB2C032B-D187-4AC1-98C9-C3B0D6F0E9AB","Yes","NO APPARENT INJURY","N/A","LOOKED BUT DID NOT SEE","MD","B67EB40A-657B-41B1-B8EF-E488E6C56A97","FUNCTIONAL","ONE OCLOCK","ONE OCLOCK","PASSENGER CAR","MOVING CONSTANT SPEED","West","West","30","No","No","2010","TOYOTA","COROLLA","NO MISUSE","39.16580695","-77.24741821","
,  
(39.16580695, -77.24741821)"
"MCP2798004Y","220017143","Montgomery County Police","Injury Crash","2022-04-22T15:33:00.000",,,,,"PARKING LOT OF 12204 EAGLES NEST DRIVE",,"PEDESTRIAN","SINGLE VEHICLE","CLEAR",,"DAYLIGHT","NO CONTROLS","UNKNOWN","NONE DETECTED","1478C875-61F9-4C0B-AB1B-8B7FA790157D","Yes","NO APPARENT INJURY","N/A","UNKNOWN",,"2ED62489-6BBB-4401-9B8C-183BE55E79BC","UNKNOWN","ONE OCLOCK","ONE OCLOCK",,"MOVING CONSTANT SPEED","East","East","15","No","No","0","UNKNOWN","UNKNOWN","UNKNOWN","39.16414831","-77.25150531","
,  
(39.16414831, -77.25150531)"
"MCP22980100","220017130","Montgomery County Police","Property Damage Crash","2022-04-22T15:26:00.000","Maryland (State)","OLD HUNDRED RD","County","THURSTON RD",,"N/A",,"SINGLE VEHICLE","CLEAR","DRY","DAYLIGHT","NO CONTROLS","NONE DETECTED",,"48DE7C7E-9E36-41C3-B7C0-46042BB6D741","Yes","NO APPARENT INJURY","N/A","LOOKED BUT DID NOT SEE","MD","316B233E-8A6D-43D3-AA19-8D5570ED3D7D","DISABLING","TWELVE OCLOCK","ONE OCLOCK","PASSENGER CAR","MOVING CONSTANT SPEED","North","North","40","No","No","2016","TOYOTA","COROLLA","NO MISUSE","39.26345667","-77.34404833","
,  
(39.26345667, -77.34404833)"
"MCP3161003V","220017123","Montgomery County Police","Injury Crash","2022-04-22T14:50:00.000",,,,,"10821 CONNECTICUT AVE PARKING LOT",,"PEDESTRIAN","SINGLE VEHICLE","CLEAR",,"DAYLIGHT","NO CONTROLS","NONE DETECTED","NONE DETECTED","8F27B3C3-43F5-4BF4-A6E6-4A1EAE318D46","Yes","NO APPARENT INJURY","N/A","UNKNOWN","MD","A80933B9-8CDA-4243-8FB5-3633F57E78E1","SUPERFICIAL","SIX OCLOCK","SIX OCLOCK","PASSENGER CAR","BACKING","South","South","15","No","No","2014","MAZDA","MAZDA 3","NO MISUSE","39.03365333","-77.07431167","
,  
(39.03365333, -77.07431167)"
"MCP2446005P","220017168","Montgomery County Police","Property Damage Crash","2022-04-22T14:30:00.000",,,,,"IN THE PARKING LOT OF CLARKSBURG HIGHSCHOOL 
22500 WIMS RD CLARKSBURG 20871",,,"OTHER","CLOUDY",,"DAYLIGHT","NO CONTROLS","NONE DETECTED",,"67313FCE-4CAD-40FF-8B99-3F3964647D0B","No","NO APPARENT INJURY","N/A","NOT DISTRACTED","MD","7C04E97E-7397-487E-8FAA-5AE02476E23E","SUPERFICIAL","ELEVEN OCLOCK","ELEVEN OCLOCK","VAN","STOPPED IN TRAFFIC LANE","South","South","25","No","No","2011","TOYOTA","SIENNA","NO MISUSE","39.22770608","-77.26668351","
,  
(39.22770608, -77.26668351)"
"MCP2446005P","220017168","Montgomery County Police","Property Damage Crash","2022-04-22T14:30:00.000",,,,,"IN THE PARKING LOT OF CLARKSBURG HIGHSCHOOL 
22500 WIMS RD CLARKSBURG 20871",,,"OTHER","CLOUDY",,"DAYLIGHT","NO CONTROLS","UNKNOWN",,"A31A676C-115A-4800-9471-31900FD3ECCA","Yes","NO APPARENT INJURY","N/A","UNKNOWN",,"E63332B7-0117-4403-B6F2-7B3653C80876","UNKNOWN","SIX OCLOCK","SIX OCLOCK","PASSENGER CAR","BACKING","West","West","25","No","No","2015","MAZDA","UNK","UNKNOWN","39.22770608","-77.26668351","
,  
(39.22770608, -77.26668351)"
"MCP3244001V","220017118","Montgomery County Police","Property Damage Crash","2022-04-22T14:03:00.000","Maryland (State)","16TH ST","Maryland (State)","COLESVILLE RD",,"N/A",,"STRAIGHT MOVEMENT ANGLE","CLEAR","DRY","DAYLIGHT","NO CONTROLS","NONE DETECTED",,"D6FC1D14-F411-4405-A721-214CF69B8F24","Yes","NO APPARENT INJURY","N/A","NOT DISTRACTED","MD","C0A0B0E2-B6AE-45E3-8AF0-8B403A8CC0E8","DISABLING","TWELVE OCLOCK","TWELVE OCLOCK","PASSENGER CAR","MOVING CONSTANT SPEED","North","North","35","No","No","2018","TOYOTA","COROLLA","NO MISUSE","38.99242033","-77.03615267","
,  
(38.99242033, -77.03615267)"
"MCP3244001V","220017118","Montgomery County Police","Property Damage Crash","2022-04-22T14:03:00.000","Maryland (State)","16TH ST","Maryland (State)","COLESVILLE RD",,"N/A",,"STRAIGHT MOVEMENT ANGLE","CLEAR","DRY","DAYLIGHT","NO CONTROLS","NONE DETECTED",,"A5BBD646-EF52-426C-A25C-319D47B4465C","No","NO APPARENT INJURY","N/A","NOT DISTRACTED","MD","BB1457E6-C00B-4BBD-A6E4-BED978AB703F","FUNCTIONAL","EIGHT OCLOCK","EIGHT OCLOCK","PASSENGER CAR","MAKING LEFT TURN","West","West","35","No","No","2010","MAZDA","3","NO MISUSE","38.99242033","-77.03615267","
,  
(38.99242033, -77.03615267)"
"MCP2445003Q","220017115","Montgomery County Police","Injury Crash","2022-04-22T14:00:00.000","Maryland (State)","GERMANTOWN RD","Other Public Roadway","OBSERVATION DR",,"N/A",,"STRAIGHT MOVEMENT ANGLE","CLEAR","DRY","DAYLIGHT","TRAFFIC SIGNAL","NONE DETECTED",,"E160D40C-5722-406C-B9E9-807E55012A2B","Yes","POSSIBLE INJURY","N/A","UNKNOWN","MD","D85C9310-28AA-4C32-BCD7-1C2FAE35C1CD","DISABLING","TWELVE OCLOCK","TWELVE OCLOCK","(SPORT) UTILITY VEHICLE","MOVING CONSTANT SPEED","North","North","45","No","No","2017","HONDA","CRV","NO MISUSE","39.19053117","-77.24792267","
,  
(39.19053117, -77.24792267)"
"MCP2445003Q","220017115","Montgomery County Police","Injury Crash","2022-04-22T14:00:00.000","Maryland (State)","GERMANTOWN RD","Other Public Roadway","OBSERVATION DR",,"N/A",,"STRAIGHT MOVEMENT ANGLE","CLEAR","DRY","DAYLIGHT","TRAFFIC SIGNAL","NONE DETECTED",,"D579A209-B7E1-4D82-8924-76E6251578B2","No","POSSIBLE INJURY","N/A","NOT DISTRACTED","MD","D2BA7B6A-20CC-4165-AC51-2F0E73294FB9","DISABLING","TWELVE OCLOCK","TWELVE OCLOCK","PASSENGER CAR","MAKING LEFT TURN","North","South","45","No","No","2010","TOYOTA","COROLLA","NO MISUSE","39.19053117","-77.24792267","
,  
(39.19053117, -77.24792267)"
"MCP2351004G","220017117","Montgomery County Police","Property Damage Crash","2022-04-22T13:58:00.000","Maryland (State)","VEIRS MILL RD","County","TWINBROOK PKWY",,"N/A",,"OTHER","CLEAR","DRY","DAYLIGHT","TRAFFIC SIGNAL","NONE DETECTED",,"F2F3340D-89A5-4579-9652-3504DFA91398","No","NO APPARENT INJURY","N/A","NOT DISTRACTED","MD","F6BC5D4A-46EB-4BAD-8F7E-A6CEC9E42BB3","UNKNOWN","TWO OCLOCK","TWO OCLOCK","POLICE VEHICLE/EMERGENCY","STOPPED IN TRAFFIC LANE","South","South","40","No","No","2018","HOND","TK","NO MISUSE","39.07344859","-77.11178106","
,  
(39.07344859, -77.11178106)"
"MCP2351004G","220017117","Montgomery County Police","Property Damage Crash","2022-04-22T13:58:00.000","Maryland (State)","VEIRS MILL RD","County","TWINBROOK PKWY",,"N/A",,"OTHER","CLEAR","DRY","DAYLIGHT","TRAFFIC SIGNAL","NONE DETECTED",,"C46FC2C0-03A7-4335-A46E-45F2E2DA50AF","No","NO APPARENT INJURY","N/A","NOT DISTRACTED","MD","CEEF6B6A-58D9-47BD-930D-5875DA794078","UNKNOWN","TWELVE OCLOCK","TWELVE OCLOCK","PASSENGER CAR","MOVING CONSTANT SPEED","West","West","40","No","No","2015","HONDA","CRV","NO MISUSE","39.07344859","-77.11178106","
,  
(39.07344859, -77.11178106)"
"MCP2351004G","220017117","Montgomery County Police","Property Damage Crash","2022-04-22T13:58:00.000","Maryland (State)","VEIRS MILL RD","County","TWINBROOK PKWY",,"N/A",,"OTHER","CLEAR","DRY","DAYLIGHT","TRAFFIC SIGNAL","NONE DETECTED",,"4F77C8E3-8460-47B9-85AA-A1DB4E5747CF","Yes","NO APPARENT INJURY","N/A","NOT DISTRACTED","MD","4D2D615A-2888-47D8-B9EC-E18B233778F7","DISABLING","TWO OCLOCK","ONE OCLOCK","PASSENGER CAR","MAKING LEFT TURN","North","East","40","No","No","2008","TOYT","HY","NO MISUSE","39.07344859","-77.11178106","
,  
(39.07344859, -77.11178106)"
"MCP2991006J","220017116","Montgomery County Police","Injury Crash","2022-04-22T13:50:00.000","Maryland (State)","NEW HAMPSHIRE AVE","County","TREE LAWN DR",,"N/A",,"SAME DIR REAR END","N/A","DRY","DAYLIGHT","NO CONTROLS","NONE DETECTED",,"47D83BEE-326D-44D9-B686-AE2AC7BAD34D","No","POSSIBLE INJURY","N/A","NOT DISTRACTED","MD","0AC53DC9-15D9-4636-8A62-3936A38A5642","FUNCTIONAL","SIX OCLOCK","SIX OCLOCK","PASSENGER CAR","MAKING LEFT TURN","South","South","35","No","No","2021","HOND","CRV","NO MISUSE","39.14553833","-77.00591333","
,  
(39.14553833, -77.00591333)"
"MCP2991006J","220017116","Montgomery County Police","Injury Crash","2022-04-22T13:50:00.000","Maryland (State)","NEW HAMPSHIRE AVE","County","TREE LAWN DR",,"N/A",,"SAME DIR REAR END","N/A","DRY","DAYLIGHT","NO CONTROLS","NONE DETECTED",,"F229D78C-550C-4118-B04B-AAA18BA0C7B6","Yes","NO APPARENT INJURY","N/A","NOT DISTRACTED","MD","5FA7396C-CF22-48B0-884C-A4ADE5AFDB01","DISABLING","TWELVE OCLOCK","TWELVE OCLOCK","PASSENGER CAR","MOVING CONSTANT SPEED","South","South","35","No","No","2016","TOYOTA","SCION","N/A","39.14553833","-77.00591333","
,  
(39.14553833, -77.00591333)"
"MCP285900C3","220017114","Montgomery County Police","Property Damage Crash","2022-04-22T13:40:00.000","County","SHADY GROVE RD","Ramp","RAMP 5 FR IS 270 SB TO SHADY GROVE RD",,"N/A",,"STRAIGHT MOVEMENT ANGLE","CLEAR","DRY","DAYLIGHT","TRAFFIC SIGNAL","NONE DETECTED",,"FE84F970-283F-4CE7-8D19-D6CAAD907713","Yes","NO APPARENT INJURY","N/A","NOT DISTRACTED","NJ","9F7117F9-3D9C-4193-BF26-BE933F350A7B","DISABLING","TWELVE OCLOCK","TWELVE OCLOCK","PASSENGER CAR","MOVING CONSTANT SPEED","West","West","30","No","No","2005","SATURN","SEDAN","NO MISUSE","39.10948","-77.188415","
,  
(39.10948, -77.188415)"
"MCP285900C3","220017114","Montgomery County Police","Property Damage Crash","2022-04-22T13:40:00.000","County","SHADY GROVE RD","Ramp","RAMP 5 FR IS 270 SB TO SHADY GROVE RD",,"N/A",,"STRAIGHT MOVEMENT ANGLE","CLEAR","DRY","DAYLIGHT","TRAFFIC SIGNAL","NONE DETECTED",,"5B4C8D6E-835A-4BA2-9632-D50A2960E645","No","NO APPARENT INJURY","N/A","NOT DISTRACTED","MD","DB1EE4A7-874F-434D-87D7-AF619241A8D0","DISABLING","TWELVE OCLOCK","TWELVE OCLOCK","PASSENGER CAR","STARTING FROM LANE","East","South","25","No","No","2022","TOYT","SUV","NO MISUSE","39.10948","-77.188415","
,  
(39.10948, -77.188415)"
"MCP23720048","220017112","Montgomery County Police","Injury Crash","2022-04-22T13:30:00.000","Maryland (State)","ROCKVILLE PIKE","County","POOKS HILL RD",,"N/A",,"SAME DIR REAR END","CLEAR","DRY","DAYLIGHT","N/A","NONE DETECTED",,"4B9E3F8A-7576-481D-8085-CB3AFEB17E88","No","NO APPARENT INJURY","N/A","NOT DISTRACTED","SC","723BF3AF-E614-4DFE-80A9-04821094084E","FUNCTIONAL","SIX OCLOCK","SIX OCLOCK","(SPORT) UTILITY VEHICLE","SLOWING OR STOPPING","North","North","35","No","No","2014","BUICK","ENCLAVE","NO MISUSE","39.01407517","-77.09913883","
,  
(39.01407517, -77.09913883)"
"MCP23720048","220017112","Montgomery County Police","Injury Crash","2022-04-22T13:30:00.000","Maryland (State)","ROCKVILLE PIKE","County","POOKS HILL RD",,"N/A",,"SAME DIR REAR END","CLEAR","DRY","DAYLIGHT","N/A","NONE DETECTED",,"52DB8613-71F1-4752-BC36-12796B2E9332","Yes","SUSPECTED MINOR INJURY","N/A","NOT DISTRACTED","NC","833A1FAA-24D3-490E-879C-98D6823A96FE","DISABLING","TWELVE OCLOCK","TWELVE OCLOCK","(SPORT) UTILITY VEHICLE","SLOWING OR STOPPING","North","North","35","No","No","2004","HONDA","CR-V","NO MISUSE","39.01407517","-77.09913883","
,  
(39.01407517, -77.09913883)"