"report_number","local_case_number","agency_name","acrs_report_type","crash_date_time","route_type","road_name","cross_street_type","cross_street_name","off_road_description","municipality","related_non_motorist","collision_type","weather","surface_condition","light","traffic_control","driver_substance_abuse","non_motorist_substance_abuse","person_id","driver_at_fault","injury_severity","circumstance","driver_distracted_by","drivers_license_state","vehicle_id","vehicle_damage_extent","vehicle_first_impact_location","vehicle_second_impact_location","vehicle_body_type","vehicle_movement","vehicle_continuing_dir","vehicle_going_dir","speed_limit","driverless_vehicle","parked_vehicle","vehicle_year","vehicle_make","vehicle_model","equipment_problems","latitude","longitude","geolocation"
"MCP29410048","220017105","Montgomery County Police","Injury Crash","2022-04-22T12:33:00.000","County","CASHELL RD","County","HINES RD",,"N/A",,"HEAD ON","CLEAR","DRY","DAYLIGHT","N/A","NONE DETECTED",,"5C73552E-D73E-4716-B452-D9A652FBB69D","No","NO APPARENT INJURY","N/A","NOT DISTRACTED","MD","353E3B8C-7673-4452-9E56-6892295FE6A8","DESTROYED","ONE OCLOCK","ONE OCLOCK","PASSENGER CAR","NEGOTIATING A CURVE","North","North","35","No","No","2021","FORD","F450","NO MISUSE","39.14297167","-77.09194333","
,  
(39.14297167, -77.09194333)"
"MCP29410048","220017105","Montgomery County Police","Injury Crash","2022-04-22T12:33:00.000","County","CASHELL RD","County","HINES RD",,"N/A",,"HEAD ON","CLEAR","DRY","DAYLIGHT","N/A","NONE DETECTED",,"B90F4643-1DB0-47B3-B0BF-DE4769C7C1C0","Yes","NO APPARENT INJURY","N/A","NOT DISTRACTED","XX","F3F877C9-6E95-4B22-9A13-DA10C36EE234","DESTROYED","TWELVE OCLOCK","TWELVE OCLOCK","PASSENGER CAR","NEGOTIATING A CURVE","South","South","35","No","No","2011","DODGE","TRUCK","NO MISUSE","39.14297167","-77.09194333","
,  
(39.14297167, -77.09194333)"
"MCP2598003Y","220017096","Montgomery County Police","Fatal Crash","2022-04-22T12:28:00.000","Maryland (State)","WOODFIELD RD","County","WATKINS RD",,"N/A",,"SINGLE VEHICLE","CLEAR","DRY","DAYLIGHT","NO CONTROLS","UNKNOWN",,"CBA4D4DA-D823-4490-8D0B-D42C37384B6D","Yes","FATAL INJURY","N/A","UNKNOWN","MD","EA45E104-FEE3-45E2-B040-512703F64AA2","DESTROYED","TWELVE OCLOCK","TWELVE OCLOCK","STATION WAGON","MOVING CONSTANT SPEED","North","North","50","No","No","2006","DODGE","MAGNUM","N/A","39.23559167","-77.18068","
,  
(39.23559167, -77.18068)"
"MCP3149003C","220017080","Montgomery County Police","Injury Crash","2022-04-22T10:49:00.000","US (State)","COLESVILLE RD","Ramp","RAMP 3 FR IS 495 EB TO US 29 NB",,"N/A","PEDESTRIAN","OTHER","CLEAR","DRY","DAYLIGHT","NO CONTROLS","UNKNOWN","NONE DETECTED","3FF1BD45-7E1C-4895-8A7A-C72B99A3D747","Unknown","NO APPARENT INJURY","N/A","UNKNOWN",,"7EDDD57D-37B5-48DC-890E-2BB200774B43","UNKNOWN","TWELVE OCLOCK","TWELVE OCLOCK","UNKNOWN","MOVING CONSTANT SPEED","North","North","15","No","No","0","UNKNOWN","UNKNOWN","NO MISUSE","39.015705","-77.01634","
,  
(39.015705, -77.01634)"
"MCP2269001X","220017078","Montgomery County Police","Property Damage Crash","2022-04-22T10:44:00.000","County","RAILROAD ST","County","E DEER PARK DR",,"N/A",,"SINGLE VEHICLE","CLEAR","DRY","DAYLIGHT","TRAFFIC SIGNAL","NONE DETECTED",,"D3EE06AD-6E05-4AFB-AF1C-3881DF7E68B7","Yes","NO APPARENT INJURY","N/A","NOT DISTRACTED","MD","D0209BCD-0847-48DA-A16C-A7B453233EC4","SUPERFICIAL","FOUR OCLOCK","FOUR OCLOCK","SCHOOL BUS","MAKING RIGHT TURN","South","East","25","No","No","2017","THOMAS","HSB","NO MISUSE","39.1377358","-77.17908994","
,  
(39.1377358, -77.17908994)"
"MCP285900C2","220017068","Montgomery County Police","Injury Crash","2022-04-22T09:20:00.000","County","MUDDY BRANCH RD","Municipality","SCHOOL DR",,"GAITHERSBURG",,"HEAD ON LEFT TURN","CLEAR","DRY","DAYLIGHT","STOP SIGN","NONE DETECTED",,"FF81440C-6B0A-45FB-A055-8934625C006B","No","NO APPARENT INJURY","N/A","NOT DISTRACTED","MD","0C9E2790-8581-445E-A61E-D8F6F0C563D7","DISABLING","EIGHT OCLOCK","EIGHT OCLOCK","VAN","STOPPED IN TRAFFIC LANE","West","West","25","No","No","2003","FORD","VAN","NO MISUSE","39.11757667","-77.21687667","
,  
(39.11757667, -77.21687667)"
"MCP285900C2","220017068","Montgomery County Police","Injury Crash","2022-04-22T09:20:00.000","County","MUDDY BRANCH RD","Municipality","SCHOOL DR",,"GAITHERSBURG",,"HEAD ON LEFT TURN","CLEAR","DRY","DAYLIGHT","STOP SIGN","NONE DETECTED",,"46410472-7A07-4870-9D90-1F13A174BC83","No","NO APPARENT INJURY","N/A","NOT DISTRACTED","MD","EF6BE244-6DE2-49F4-A5F5-998E8DA2337A","DISABLING","TWELVE OCLOCK","TWELVE OCLOCK","PASSENGER CAR","MOVING CONSTANT SPEED","North","North","30","No","No","2008","JEEP","WRANGLER","NO MISUSE","39.11757667","-77.21687667","
,  
(39.11757667, -77.21687667)"
"MCP285900C2","220017068","Montgomery County Police","Injury Crash","2022-04-22T09:20:00.000","County","MUDDY BRANCH RD","Municipality","SCHOOL DR",,"GAITHERSBURG",,"HEAD ON LEFT TURN","CLEAR","DRY","DAYLIGHT","STOP SIGN","NONE DETECTED",,"406E2DD4-732B-43CD-8B7F-B88BAC7089D2","Yes","POSSIBLE INJURY","N/A","LOOKED BUT DID NOT SEE","MD","E9C67D87-F293-431E-993B-F22BA21141D6","DISABLING","TWELVE OCLOCK","TWELVE OCLOCK","PASSENGER CAR","MAKING LEFT TURN","East","South","30","No","No","2015","TOYT","RAV4","NO MISUSE","39.11757667","-77.21687667","
,  
(39.11757667, -77.21687667)"
"MCP2966005W","220017062","Montgomery County Police","Property Damage Crash","2022-04-22T08:25:00.000","County","REXMORE DR","County","PINNACLE DR",,"N/A",,"STRAIGHT MOVEMENT ANGLE","N/A","N/A","DAYLIGHT","NO CONTROLS","N/A",,"B260E198-DD1B-48D8-BA29-07392530AE8F","No","NO APPARENT INJURY","N/A","NOT DISTRACTED","AZ","587259D7-E971-42F8-8114-1F085FB2CDA8","DISABLING","ONE OCLOCK","ONE OCLOCK","PASSENGER CAR","MOVING CONSTANT SPEED","East","East","25","No","No","2017","HONDA","RIDGELINE","N/A","39.18453558","-77.26509818","
,  
(39.18453558, -77.26509818)"
"MCP2966005W","220017062","Montgomery County Police","Property Damage Crash","2022-04-22T08:25:00.000","County","REXMORE DR","County","PINNACLE DR",,"N/A",,"STRAIGHT MOVEMENT ANGLE","N/A","N/A","DAYLIGHT","NO CONTROLS","N/A",,"AA280630-C7AB-428A-BA11-C95A43B262A0","Yes","NO APPARENT INJURY","N/A","LOOKED BUT DID NOT SEE","FL","226E3282-6A8F-47E6-9E17-4B5E6E47B1D2","NO DAMAGE","ONE OCLOCK","TWO OCLOCK","PASSENGER CAR","ACCELERATING","South","South","25","No","No","2017","TOYOTA","COROLLA","N/A","39.18453558","-77.26509818","
,  
(39.18453558, -77.26509818)"
"DM8504000J","220017050","Takoma Park Police Depart","Property Damage Crash","2022-04-22T02:30:00.000","Maryland (State)","NEW HAMPSHIRE AVE","Municipality","HOLTON LA",,"TAKOMA PARK",,"HEAD ON","CLEAR","DRY","DARK LIGHTS ON","NO CONTROLS","N/A",,"C88AD076-9506-484D-A1DB-8A326F7F17CF","Yes","NO APPARENT INJURY","N/A","DISTRACTED BY OUTSIDE PERSON OBJECT OR EVENT","MD","4ED6164C-439D-47AD-9D15-FF38B5FE3C45","SUPERFICIAL","ONE OCLOCK","ONE OCLOCK","PASSENGER CAR","MAKING RIGHT TURN","East","East","15","No","No","2017","TOYOTA","4-RUNNER","NO MISUSE","38.98478271","-76.98809037","
,  
(38.98478271, -76.98809037)"
"DM8504000J","220017050","Takoma Park Police Depart","Property Damage Crash","2022-04-22T02:30:00.000","Maryland (State)","NEW HAMPSHIRE AVE","Municipality","HOLTON LA",,"TAKOMA PARK",,"HEAD ON","CLEAR","DRY","DARK LIGHTS ON","NO CONTROLS","N/A",,"63BDA42A-00E6-4096-9917-5B05862D2453","No","NO APPARENT INJURY","N/A","NOT DISTRACTED","MD","68B59E6F-28F0-487C-84DF-D82B56600E53","SUPERFICIAL","ONE OCLOCK","ONE OCLOCK","PASSENGER CAR","SLOWING OR STOPPING","West","West","15","No","No","0","FORD","EXPLORER","NO MISUSE","38.98478271","-76.98809037","
,  
(38.98478271, -76.98809037)"
"DM8504000H","220017048","Takoma Park Police Depart","Injury Crash","2022-04-22T01:43:00.000","Maryland (State)","NEW HAMPSHIRE AVE","Municipality","HOLTON LA",,"TAKOMA PARK","PEDESTRIAN","SINGLE VEHICLE","CLEAR","DRY","DARK LIGHTS ON","NO CONTROLS","UNKNOWN","N/A","6536F88D-4F8A-41FC-BC11-D969A61536BB","Yes","NO APPARENT INJURY","N/A","NOT DISTRACTED",,"0624BA27-F01D-4514-B990-BC9169693E0C","UNKNOWN","ONE OCLOCK","ONE OCLOCK","PASSENGER CAR","ACCELERATING","North","North","15","No","No","2001","VW","JETTA","UNKNOWN","38.98380196","-76.98609604","
,  
(38.98380196, -76.98609604)"
"MCP2835002W","220017040","Montgomery County Police","Property Damage Crash","2022-04-21T22:43:00.000",,,,,"PARKING LOT OF 5481 WISCONSIN AVE",,,"SINGLE VEHICLE","CLEAR",,"DARK LIGHTS ON","NO CONTROLS","NONE DETECTED",,"9AA44F20-E1AE-40C2-9B06-830F2080379A","Yes","NO APPARENT INJURY","N/A","OTHER DISTRACTION","MD","73CFF4BE-B5AA-4406-92E7-8158AB96DD14","SUPERFICIAL","TWELVE OCLOCK","TWELVE OCLOCK","POLICE VEHICLE/NON EMERGENCY","MOVING CONSTANT SPEED","North","North","15","No","No","2019","DODG","4S","NO MISUSE","38.96369","-77.08656167","
,  
(38.96369, -77.08656167)"
"MCP2866007S","220017035","Montgomery County Police","Property Damage Crash","2022-04-21T22:15:00.000","County","TURKEY FOOT RD","County","GRETNA GREEN DR",,"N/A",,"SINGLE VEHICLE","CLOUDY","WET","DARK LIGHTS ON","NO CONTROLS","NONE DETECTED",,"8BF47588-AAD3-4B9B-919D-1942A23F6569","Yes","NO APPARENT INJURY","N/A, WET","UNKNOWN","MD","F01C8AD2-893C-4268-90CB-58CB46796E6F","DESTROYED","TWELVE OCLOCK","TWELVE OCLOCK","PASSENGER CAR","MOVING CONSTANT SPEED","North","North","30","No","No","2014","JEEP","WRANGLER","NO MISUSE","39.10045771","-77.28239644","
,  
(39.10045771, -77.28239644)"
"MCP30600038","220017036","Montgomery County Police","Property Damage Crash","2022-04-21T22:07:00.000","Government","LITTLE FALLS PKWY","Maryland (State)","RIVER RD",,"N/A",,"SINGLE VEHICLE","CLEAR","DRY","DARK LIGHTS ON","TRAFFIC SIGNAL","UNKNOWN",,"0B52DB92-6010-4771-9527-EF0F20360CE7","Yes","NO APPARENT INJURY","N/A","UNKNOWN",,"9CDECF1E-C691-4ED1-A6E7-8DFCF7489FC1","FUNCTIONAL","TWELVE OCLOCK","TWELVE OCLOCK","UNKNOWN","LEAVING TRAFFIC LANE","East","West","25","No","No","0","UNKNOWN","UNKNOWN","UNKNOWN","38.96295333","-77.10069667","
,  
(38.96295333, -77.10069667)"
"MCP32630021","220017024","Montgomery County Police","Property Damage Crash","2022-04-21T19:27:00.000","County","DEL RAY AVE","County","NORFOLK AVE",,"N/A",,"SAME DIR REAR END","CLEAR","DRY","DAYLIGHT","NO CONTROLS","UNKNOWN",,"AD518326-F7A9-443E-97C0-945DDBE10948","Yes","NO APPARENT INJURY","N/A","LOOKED BUT DID NOT SEE",,"B930FE57-9E40-4B39-B13C-C7FCB3A2FFF1","UNKNOWN","TWELVE OCLOCK","TWELVE OCLOCK","PASSENGER CAR","STARTING FROM PARKED","West","West","25","No","No","2020","CHEVY","TRAX","NO MISUSE","38.98989679","-77.09869018","
,  
(38.98989679, -77.09869018)"
"MCP32630021","220017024","Montgomery County Police","Property Damage Crash","2022-04-21T19:27:00.000","County","DEL RAY AVE","County","NORFOLK AVE",,"N/A",,"SAME DIR REAR END","CLEAR","DRY","DAYLIGHT","NO CONTROLS","NONE DETECTED",,"9750255D-7B66-40C5-BD07-35988C3CD724","No","NO APPARENT INJURY","N/A","NOT DISTRACTED","MD","F887A32F-D76D-4430-9358-0301AA500076","SUPERFICIAL","SIX OCLOCK","SIX OCLOCK","PASSENGER CAR","PARKED",,,"25","No","Yes","2021","BMW","X1","NO MISUSE","38.98989679","-77.09869018","
,  
(38.98989679, -77.09869018)"
"MCP3271001Y","220017018","Montgomery County Police","Property Damage Crash","2022-04-21T19:08:00.000","Maryland (State)","WISCONSIN AVE","County","WILLARD AVE",,"N/A",,"SAME DIRECTION SIDESWIPE","CLEAR","DRY","DAYLIGHT","TRAFFIC SIGNAL","NONE DETECTED",,"BAC0C2C3-80E4-4B89-AB14-356FFE410832","No","NO APPARENT INJURY","N/A","NOT DISTRACTED","MD","04E49C05-AF51-4B8F-AB36-7CB38AEF3376","FUNCTIONAL","TEN OCLOCK","EIGHT OCLOCK","PASSENGER CAR","STOPPED IN TRAFFIC LANE","North","North","0","No","No","2004","TOYT","PRIUS","NO MISUSE","38.96180116","-77.08613623","
,  
(38.96180116, -77.08613623)"
"MCP3271001Y","220017018","Montgomery County Police","Property Damage Crash","2022-04-21T19:08:00.000","Maryland (State)","WISCONSIN AVE","County","WILLARD AVE",,"N/A",,"SAME DIRECTION SIDESWIPE","CLEAR","DRY","DAYLIGHT","TRAFFIC SIGNAL","NONE DETECTED",,"6F37C7A7-BFEC-4A43-A7D3-1088995C1B66","Yes","NO APPARENT INJURY","N/A","NOT DISTRACTED","MD","E83D1650-AFC2-4586-8F85-F7C0D41F3EE7","SUPERFICIAL","FOUR OCLOCK","FOUR OCLOCK","TRANSIT BUS","MAKING LEFT TURN","West","North","35","No","No","2022","NEW FLYER","XCELSIOR","NO MISUSE","38.96180116","-77.08613623","
,  
(38.96180116, -77.08613623)"
"MCP3232002P","220017008","Montgomery County Police","Injury Crash","2022-04-21T18:05:00.000","Maryland (State)","NORBECK RD","County","WINTERGATE DR",,"N/A",,"SAME DIR REAR END","CLEAR","DRY","DAYLIGHT","NO CONTROLS","NONE DETECTED",,"F718475A-D640-488D-9AE6-B9FB1B11C651","No","NO APPARENT INJURY","N/A","NOT DISTRACTED","MD","0C2D5935-4241-4DFF-B07E-0B5EA8121083","FUNCTIONAL","SIX OCLOCK","SIX OCLOCK","PICKUP TRUCK","SLOWING OR STOPPING","West","West","35","No","No","2017","FORD","F 150","NO MISUSE","39.11344817","-77.05728517","
,  
(39.11344817, -77.05728517)"
"MCP3232002P","220017008","Montgomery County Police","Injury Crash","2022-04-21T18:05:00.000","Maryland (State)","NORBECK RD","County","WINTERGATE DR",,"N/A",,"SAME DIR REAR END","CLEAR","DRY","DAYLIGHT","NO CONTROLS","NONE DETECTED",,"5454DAFF-ADAF-4CC4-A0CB-A00EDD6A79B1","Yes","SUSPECTED MINOR INJURY","N/A","NOT DISTRACTED","MD","A6F5A649-E0F8-428C-BFBF-678663EE643A","DISABLING","TWELVE OCLOCK","TWELVE OCLOCK","PASSENGER CAR","SLOWING OR STOPPING","West","West","35","No","No","2011","TOYOTA","CAMRY","NO MISUSE","39.11344817","-77.05728517","
,  
(39.11344817, -77.05728517)"
"MCP23560028","220017005","Montgomery County Police","Injury Crash","2022-04-21T17:43:00.000","County","MOUTH OF MONOCACY RD","County","NICHOLSON FARM RD",,"N/A",,"HEAD ON LEFT TURN","CLOUDY","WET","DAYLIGHT","N/A","NONE DETECTED",,"DAFF41A7-5F84-4B49-9249-C41C5B86512B","Yes","SUSPECTED MINOR INJURY","N/A","NOT DISTRACTED","MD","FAEBE80B-A44F-4ECB-B018-D3316DAFA39C","DISABLING","ONE OCLOCK","ONE OCLOCK","PASSENGER CAR","MAKING LEFT TURN","North","East","40","No","No","2020","HONDA","CIVIC","NO MISUSE","39.22441833","-77.42608333","
,  
(39.22441833, -77.42608333)"
"MCP23560028","220017005","Montgomery County Police","Injury Crash","2022-04-21T17:43:00.000","County","MOUTH OF MONOCACY RD","County","NICHOLSON FARM RD",,"N/A",,"HEAD ON LEFT TURN","CLOUDY","WET","DAYLIGHT","N/A","NONE DETECTED",,"A6AC37B5-1B42-41E1-AD76-0A6F4986AD52","No","NO APPARENT INJURY","N/A","NOT DISTRACTED","MD","71CB4033-7A37-4822-8270-4800F04AFBF5","FUNCTIONAL","TWELVE OCLOCK","TWELVE OCLOCK","PASSENGER CAR","MOVING CONSTANT SPEED","North","North","40","No","No","2005","HONDA","ACCORD","NO MISUSE","39.22441833","-77.42608333","
,  
(39.22441833, -77.42608333)"
"MCP3220002D","220017000","Montgomery County Police","Injury Crash","2022-04-21T17:19:00.000","County","REDLAND RD","Maryland (State)","MUNCASTER MILL RD",,"N/A",,"STRAIGHT MOVEMENT ANGLE","CLOUDY","DRY","DAYLIGHT","NO CONTROLS","NONE DETECTED",,"2494075C-3865-466E-BCAF-F3419B09AAA4","Yes","NO APPARENT INJURY","N/A","LOOKED BUT DID NOT SEE","MD","7098AEF3-2ACC-46C9-81A0-1E4C269F12F6","DISABLING","TEN OCLOCK","TEN OCLOCK","PASSENGER CAR","ACCELERATING","North","East","15","No","No","2020","MAZDA","6","NO MISUSE","39.14488733","-77.1444605","
,  
(39.14488733, -77.1444605)"
"MCP3220002D","220017000","Montgomery County Police","Injury Crash","2022-04-21T17:19:00.000","County","REDLAND RD","Maryland (State)","MUNCASTER MILL RD",,"N/A",,"STRAIGHT MOVEMENT ANGLE","CLOUDY","DRY","DAYLIGHT","NO CONTROLS","NONE DETECTED",,"6003A76C-E7C2-4DFF-9FEA-E58841D97482","No","POSSIBLE INJURY","N/A","NOT DISTRACTED","MD","99663994-2793-4F88-9D92-A63C2808E621","DISABLING","TWELVE OCLOCK","TWELVE OCLOCK","PASSENGER CAR","MOVING CONSTANT SPEED","South","South","35","No","No","2001","TOYT","SOLARA","NO MISUSE","39.14488733","-77.1444605","
,  
(39.14488733, -77.1444605)"
"MCP3200005G","220016987","Montgomery County Police","Injury Crash","2022-04-21T16:35:00.000","Maryland (State)","ROCKVILLE PIKE","Municipality","EDMONSTON DR",,"ROCKVILLE",,"SAME DIR REAR END","CLOUDY","DRY","N/A","NO CONTROLS","NONE DETECTED",,"18EA5D9E-31BF-4E8B-B869-008ADE6859E3","No","NO APPARENT INJURY","N/A","NOT DISTRACTED","MD","2D412632-2B27-4645-A148-B8DF3AA95F63","FUNCTIONAL","SIX OCLOCK","SIX OCLOCK","PASSENGER CAR","STOPPED IN TRAFFIC LANE","North","North","35","No","No","2016","KIA","SOUL","NO MISUSE","39.0763645","-77.13777933","
,  
(39.0763645, -77.13777933)"
"MCP3200005G","220016987","Montgomery County Police","Injury Crash","2022-04-21T16:35:00.000","Maryland (State)","ROCKVILLE PIKE","Municipality","EDMONSTON DR",,"ROCKVILLE",,"SAME DIR REAR END","CLOUDY","DRY","N/A","NO CONTROLS","NONE DETECTED",,"BE85BAD9-ABDB-4C57-9C2B-C97E98376AF7","No","NO APPARENT INJURY","N/A","NOT DISTRACTED","MD","883E62AF-5B43-4BA0-B58A-C0222100732F","SUPERFICIAL","SIX OCLOCK","SIX OCLOCK","PASSENGER CAR","STOPPED IN TRAFFIC LANE","North","North","35","No","No","2001","HONDA","ACCORD","NO MISUSE","39.0763645","-77.13777933","
,  
(39.0763645, -77.13777933)"
"MCP3200005G","220016987","Montgomery County Police","Injury Crash","2022-04-21T16:35:00.000","Maryland (State)","ROCKVILLE PIKE","Municipality","EDMONSTON DR",,"ROCKVILLE",,"SAME DIR REAR END","CLOUDY","DRY","N/A","NO CONTROLS","NONE DETECTED",,"7C3C3B47-26BC-449F-BC43-044699232A9D","Yes","NO APPARENT INJURY","N/A","UNKNOWN","MD","104E4545-1883-4500-98A5-23B7DFCB8782","FUNCTIONAL","TWELVE OCLOCK","TWELVE OCLOCK","PASSENGER CAR","CHANGING LANES","North","North","35","No","No","2017","CHEVROLET","TRAVERSE","NO MISUSE","39.0763645","-77.13777933","
,  
(39.0763645, -77.13777933)"
"MCP3078004X","220017010","Montgomery County Police","Property Damage Crash","2022-04-21T16:14:00.000",,,,,"13428 NEW HAMPSHIRE AVENUE",,,"HEAD ON LEFT TURN","CLEAR",,"DAYLIGHT","N/A","NONE DETECTED",,"FDD41635-6E63-4BE8-AC92-31951C2CB3EE","Yes","NO APPARENT INJURY","N/A","LOOKED BUT DID NOT SEE","MD","DD20A640-7707-4A97-8BEF-EAA06D0916B9","FUNCTIONAL","ONE OCLOCK","ONE OCLOCK","PASSENGER CAR","MAKING LEFT TURN","West","North","10","No","No","2011","HOND","TK","NO MISUSE","39.058665","-77.04720833","
,  
(39.058665, -77.04720833)"
"MCP3078004X","220017010","Montgomery County Police","Property Damage Crash","2022-04-21T16:14:00.000",,,,,"13428 NEW HAMPSHIRE AVENUE",,,"HEAD ON LEFT TURN","CLEAR",,"DAYLIGHT","N/A","NONE DETECTED",,"0B8C3B52-C331-445F-AFEB-57A4991EFF15","No","NO APPARENT INJURY","N/A","NOT DISTRACTED","MD","6C9D44B8-CD54-4662-A225-DCF08D2CD42A","FUNCTIONAL","ONE OCLOCK","ONE OCLOCK","PASSENGER CAR","PARKED",,,"10","No","Yes","2013","LEXUS","4H","NO MISUSE","39.058665","-77.04720833","
,  
(39.058665, -77.04720833)"
"MCP3143003B","220016968","Montgomery County Police","Injury Crash","2022-04-21T14:30:00.000","Maryland (State)","CONNECTICUT AVE","Municipality","FRANKLIN ST",,"CHEVY CHASE VIEW",,"SAME DIR REAR END","CLEAR","DRY","DAYLIGHT","NO CONTROLS","NONE DETECTED",,"97EAFD90-30ED-4913-A6D9-3C7933DFC638","No","NO APPARENT INJURY","N/A","NOT DISTRACTED","MD","74D1FF4B-E367-4DF0-B27E-1C72BF50673C","SUPERFICIAL","SIX OCLOCK","SIX OCLOCK","PICKUP TRUCK","MOVING CONSTANT SPEED","North","North","35","No","No","2020","FORD","PK","NO MISUSE","39.01792","-77.07789833","
,  
(39.01792, -77.07789833)"
"MCP3143003B","220016968","Montgomery County Police","Injury Crash","2022-04-21T14:30:00.000","Maryland (State)","CONNECTICUT AVE","Municipality","FRANKLIN ST",,"CHEVY CHASE VIEW",,"SAME DIR REAR END","CLEAR","DRY","DAYLIGHT","NO CONTROLS","NONE DETECTED",,"0F5EF55C-E82D-4751-9E33-76C1E52AFF8D","Yes","POSSIBLE INJURY","N/A","OTHER DISTRACTION","MD","6B4F7C12-EEEF-4BD3-A03B-CAD22F8B4F3D","DISABLING","TWELVE OCLOCK","TWELVE OCLOCK","MOTORCYCLE","MOVING CONSTANT SPEED","North","North","35","No","No","2021","YAMAHA","MT09","N/A","39.01792","-77.07789833","
,  
(39.01792, -77.07789833)"
"MCP3200005D","220016958","Montgomery County Police","Property Damage Crash","2022-04-21T13:36:00.000","County","BATTERY LA","Maryland (State)","WISCONSIN AVE",,"N/A",,"SAME DIRECTION SIDESWIPE","CLOUDY","DRY","DAYLIGHT","NO CONTROLS","NONE DETECTED",,"803D7826-14E4-41D0-A48A-C9AD16B484CD","No","NO APPARENT INJURY","N/A","NOT DISTRACTED","MD","2B92224C-ED9E-41BD-B7FE-14E5396C1E9A","SUPERFICIAL","EIGHT OCLOCK","EIGHT OCLOCK","OTHER LIGHT TRUCKS (10,000LBS (4,536KG) OR LESS)","PARKED",,,"30","No","Yes","2017","FORD","TRUCK","NO MISUSE","38.992871","-77.09630617","
,  
(38.992871, -77.09630617)"
"MCP3200005D","220016958","Montgomery County Police","Property Damage Crash","2022-04-21T13:36:00.000","County","BATTERY LA","Maryland (State)","WISCONSIN AVE",,"N/A",,"SAME DIRECTION SIDESWIPE","CLOUDY","DRY","DAYLIGHT","NO CONTROLS","NONE DETECTED",,"4F4201B7-FF9B-4F6A-8E79-EAEC0650AF56","Yes","NO APPARENT INJURY","N/A","UNKNOWN","MD","94B90649-FAB3-4BA6-BA1C-A4E17A05B025","SUPERFICIAL","THREE OCLOCK","THREE OCLOCK","MEDIUM/HEAVY TRUCKS 3 AXLES (OVER 10,000LBS (4,536KG))","MAKING RIGHT TURN","West","South","30","No","No","2014","FREIGHTLINER","TRUCK","NO MISUSE","38.992871","-77.09630617","
,  
(38.992871, -77.09630617)"
"MCP2347003G","220016932","Montgomery County Police","Property Damage Crash","2022-04-21T11:15:00.000","US (State)","COLUMBIA PIKE","County","BLACKBURN RD",,"N/A",,"STRAIGHT MOVEMENT ANGLE","CLEAR","DRY","DAYLIGHT","TRAFFIC SIGNAL","NONE DETECTED",,"A7949301-4D49-400F-A5B5-C9893D242B4C","No","NO APPARENT INJURY","N/A","NOT DISTRACTED","MD","F665A97F-F3F3-4357-AC82-C12520A3D5C7","DISABLING","THREE OCLOCK","THREE OCLOCK","PASSENGER CAR","STARTING FROM LANE","East","East","40","No","No","2016","TOYOTA","SIENNA","NO MISUSE","39.10428798","-76.93330496","
,  
(39.10428798, -76.93330496)"
"MCP2347003G","220016932","Montgomery County Police","Property Damage Crash","2022-04-21T11:15:00.000","US (State)","COLUMBIA PIKE","County","BLACKBURN RD",,"N/A",,"STRAIGHT MOVEMENT ANGLE","CLEAR","DRY","DAYLIGHT","TRAFFIC SIGNAL","NONE DETECTED",,"F1461976-D68D-4FBA-B72D-0C8DEC2155EB","Yes","NO APPARENT INJURY","N/A","EATING OR DRINKING","MD","228ADC84-26B2-42DB-A564-EC235F84D34B","DISABLING","TWELVE OCLOCK","TWELVE OCLOCK","PASSENGER CAR","MOVING CONSTANT SPEED","South","South","40","No","No","2017","FORD","F250","NO MISUSE","39.10428798","-76.93330496","
,  
(39.10428798, -76.93330496)"
"MCP3200005C","220016919","Montgomery County Police","Property Damage Crash","2022-04-21T08:57:00.000","Maryland (State)","ROCKVILLE PIKE","Maryland (State)","STRATHMORE AVE",,"N/A",,"SAME DIR REAR END","CLOUDY","DRY","DAYLIGHT","TRAFFIC SIGNAL","NONE DETECTED",,"1016CEFC-6BAF-4157-B133-132E2BD651A9","No","NO APPARENT INJURY","N/A","NOT DISTRACTED","NC","B95C6A14-4503-4B34-BBBD-C9AABA13F839","SUPERFICIAL","SIX OCLOCK","SIX OCLOCK","OTHER LIGHT TRUCKS (10,000LBS (4,536KG) OR LESS)","STOPPED IN TRAFFIC LANE","North","North","35","No","No","2016","ISUZU","BOX TRUCK","NO MISUSE","39.034229","-77.10666417","
,  
(39.034229, -77.10666417)"