"report_number","local_case_number","agency_name","acrs_report_type","crash_date_time","route_type","road_name","cross_street_type","cross_street_name","off_road_description","municipality","related_non_motorist","collision_type","weather","surface_condition","light","traffic_control","driver_substance_abuse","non_motorist_substance_abuse","person_id","driver_at_fault","injury_severity","circumstance","driver_distracted_by","drivers_license_state","vehicle_id","vehicle_damage_extent","vehicle_first_impact_location","vehicle_second_impact_location","vehicle_body_type","vehicle_movement","vehicle_continuing_dir","vehicle_going_dir","speed_limit","driverless_vehicle","parked_vehicle","vehicle_year","vehicle_make","vehicle_model","equipment_problems","latitude","longitude","geolocation"
"MCP3200005C","220016919","Montgomery County Police","Property Damage Crash","2022-04-21T08:57:00.000","Maryland (State)","ROCKVILLE PIKE","Maryland (State)","STRATHMORE AVE",,"N/A",,"SAME DIR REAR END","CLOUDY","DRY","DAYLIGHT","TRAFFIC SIGNAL","NONE DETECTED",,"11B95DCC-D8D1-440D-900D-3190230EBE9C","Yes","NO APPARENT INJURY","N/A","UNKNOWN","MD","D545805B-6D20-4E8C-A0D8-103991BC69CE","DISABLING","TWELVE OCLOCK","TWELVE OCLOCK","PASSENGER CAR","MOVING CONSTANT SPEED","North","North","35","No","No","2015","FORD","EDGE","NO MISUSE","39.034229","-77.10666417","
,  
(39.034229, -77.10666417)"
"MCP32060023","220016917","Montgomery County Police","Property Damage Crash","2022-04-21T08:35:00.000","County","WAYNE AVE","County","MANSFIELD RD",,"N/A",,"SAME DIRECTION SIDESWIPE","CLOUDY","DRY","DAYLIGHT","OTHER","NONE DETECTED",,"EC7D016A-B932-402C-8F68-FB5AB63BAB52","Yes","NO APPARENT INJURY","N/A","LOOKED BUT DID NOT SEE","MD","A6A405AA-4675-47D7-A59A-5B22E175F805","SUPERFICIAL","ONE OCLOCK","ONE OCLOCK","PASSENGER CAR","MOVING CONSTANT SPEED","West","West","30","No","No","2015","CHEV","4S","NO MISUSE","38.99968017","-77.014739","
,  
(38.99968017, -77.014739)"
"MCP32060023","220016917","Montgomery County Police","Property Damage Crash","2022-04-21T08:35:00.000","County","WAYNE AVE","County","MANSFIELD RD",,"N/A",,"SAME DIRECTION SIDESWIPE","CLOUDY","DRY","DAYLIGHT","OTHER","NONE DETECTED",,"02E598C8-4136-4D69-9C92-DC9F7977E6AA","No","NO APPARENT INJURY","N/A","NOT DISTRACTED","MD","6F01EEDE-CA01-433C-8445-4E22A2C1BDA9","SUPERFICIAL","SEVEN OCLOCK","SEVEN OCLOCK","TRANSIT BUS","MOVING CONSTANT SPEED","West","West","30","No","No","2016","GILL","BU","NO MISUSE","38.99968017","-77.014739","
,  
(38.99968017, -77.014739)"
"MCP2667007X","220016914","Montgomery County Police","Property Damage Crash","2022-04-21T08:15:00.000","County","FRAMINGHAM DR","Other Public Roadway","FRAMINGHAM DR (AHEAD)",,"N/A",,"OTHER","CLEAR","DRY","DAYLIGHT","NO CONTROLS","NONE DETECTED",,"796BD3E8-961A-44B8-88DA-E551DD6FFD07","Yes","NO APPARENT INJURY","N/A","UNKNOWN","MD","1068069D-75BA-47ED-9753-D251EB8FCFE3","FUNCTIONAL","SIX OCLOCK","SIX OCLOCK","POLICE VEHICLE/NON EMERGENCY","BACKING","West","West","25","No","No","2017","FORD","SEDAN","NO MISUSE","39.17664134","-77.18517054","
,  
(39.17664134, -77.18517054)"
"MCP15650044","220017697","Montgomery County Police","Property Damage Crash","2022-04-21T08:00:00.000",,"19200 CROSS RIDGE DRIVE",,"WALNUT COVE CIR",,"N/A",,"UNKNOWN","CLEAR","DRY","UNKNOWN","NO CONTROLS","UNKNOWN",,"A861ADDD-9FDF-48A4-BDF3-D7F0E2155ADD","Yes","NO APPARENT INJURY","N/A","UNKNOWN",,"7D7E7DEF-C9C5-47DB-B907-24774102C9F1","UNKNOWN","UNKNOWN","UNKNOWN",,"OTHER","Unknown","Unknown","25","No","No","0","UNKNOWN","UNKNOWN","UNKNOWN","39.16747841","-77.25500038","
,  
(39.16747841, -77.25500038)"
"MCP3319000S","220016911","Montgomery County Police","Injury Crash","2022-04-21T07:18:00.000","Maryland (State)","GEORGIA AVE","US (State)","COLESVILLE RD",,"N/A",,"HEAD ON LEFT TURN","CLEAR","DRY","DAYLIGHT","OTHER","NONE DETECTED",,"865CE3C7-DE4D-4BFE-95B4-514C5743A2C4","Yes","SUSPECTED MINOR INJURY","N/A","LOOKED BUT DID NOT SEE","MD","AAA8F840-13E3-4692-A8D8-4354738B76A2","DISABLING","TWO OCLOCK","TWO OCLOCK","(SPORT) UTILITY VEHICLE","MAKING LEFT TURN","East","South","5","No","No","2020","SUBARU","FORESTER","NO MISUSE","38.99618833","-77.02898667","
,  
(38.99618833, -77.02898667)"
"MCP3319000S","220016911","Montgomery County Police","Injury Crash","2022-04-21T07:18:00.000","Maryland (State)","GEORGIA AVE","US (State)","COLESVILLE RD",,"N/A",,"HEAD ON LEFT TURN","CLEAR","DRY","DAYLIGHT","OTHER","NONE DETECTED",,"57207941-8D5F-4498-87BB-5FE0CE87848D","No","POSSIBLE INJURY","N/A","NOT DISTRACTED","MD","0451A444-D1D2-4AF3-AC47-DFF313F1D5B7","DISABLING","TWELVE OCLOCK","TWELVE OCLOCK","(SPORT) UTILITY VEHICLE","MOVING CONSTANT SPEED","North","North","35","No","No","2015","SUBARU","FORESTER","NO MISUSE","38.99618833","-77.02898667","
,  
(38.99618833, -77.02898667)"
"MCP3084005S","220016909","Montgomery County Police","Injury Crash","2022-04-21T06:51:00.000","County","CHESHIRE DR","County","GROSVENOR LA",,"N/A","BICYCLIST","OTHER","CLEAR","DRY","DAYLIGHT","STOP SIGN","NONE DETECTED","NONE DETECTED","37C95DCB-C36B-4D9C-9A5F-388EA1D2868E","Unknown","NO APPARENT INJURY","N/A","LOOKED BUT DID NOT SEE","MD","18E235A3-2C19-4F83-B2A0-141BCF5C729D","SUPERFICIAL","TWELVE OCLOCK","TWELVE OCLOCK","PASSENGER CAR","STARTING FROM LANE","West","West","25","No","No","2021","TESLA","MODEL 3","NO MISUSE","39.02338167","-77.12303","
,  
(39.02338167, -77.12303)"
"MCP29300024","220016902","Montgomery County Police","Property Damage Crash","2022-04-21T02:14:00.000","Maryland (State)","GEORGIA AVE","County","BEL PRE RD",,"N/A",,"STRAIGHT MOVEMENT ANGLE","CLEAR","DRY","DARK LIGHTS ON","TRAFFIC SIGNAL","NONE DETECTED",,"137C5B40-A4F3-4000-9713-2C260FC854EC","Yes","NO APPARENT INJURY","N/A","INATTENTIVE OR LOST IN THOUGHT","MD","1DD0C0D3-7490-4414-B957-FFD9C1E5AF80","DISABLING","ELEVEN OCLOCK","ELEVEN OCLOCK","PASSENGER CAR","MOVING CONSTANT SPEED","North","North","45","No","No","2014","CADI","SD","NO MISUSE","39.09329","-77.07938167","
,  
(39.09329, -77.07938167)"
"MCP29300024","220016902","Montgomery County Police","Property Damage Crash","2022-04-21T02:14:00.000","Maryland (State)","GEORGIA AVE","County","BEL PRE RD",,"N/A",,"STRAIGHT MOVEMENT ANGLE","CLEAR","DRY","DARK LIGHTS ON","TRAFFIC SIGNAL","NONE DETECTED",,"E9BB8691-F3A4-4B51-BAE0-635B9DC9ACF9","No","NO APPARENT INJURY","N/A","NOT DISTRACTED","MD","F1129E8B-EF7B-4781-8154-D4DF5862A87A","DESTROYED","ONE OCLOCK","ONE OCLOCK","PASSENGER CAR","MOVING CONSTANT SPEED","East","East","35","No","No","2009","KIA","SD","NO MISUSE","39.09329","-77.07938167","
,  
(39.09329, -77.07938167)"
"MCP3231000T","220016895","Montgomery County Police","Property Damage Crash","2022-04-21T00:00:00.000","Maryland (State)","FALLS RD","County","MONTROSE RD",,"N/A",,"SINGLE VEHICLE","CLEAR","DRY","DARK LIGHTS ON","FLASHING TRAFFIC SIGNAL","NONE DETECTED",,"87D24281-91D5-4CBC-973A-9F2EFC735D91","Yes","NO APPARENT INJURY","N/A","LOOKED BUT DID NOT SEE","MD","E4222879-57D1-473D-A145-242561400DD5","DISABLING","ELEVEN OCLOCK","ELEVEN OCLOCK","PASSENGER CAR","MAKING LEFT TURN","South","South","35","No","No","2021","MERCEDES-BENZ","C300","N/A","39.0562015","-77.17954517","
,  
(39.0562015, -77.17954517)"
"MCP3311000Q","220016853","Montgomery County Police","Property Damage Crash","2022-04-20T19:27:00.000","County","DEMOCRACY BLVD","Unknown","SPUR TO MALL ENT",,"N/A",,"STRAIGHT MOVEMENT ANGLE","CLEAR","DRY","DAYLIGHT","TRAFFIC SIGNAL","N/A",,"947A2970-D2FE-4C62-A789-7DF8DD98EF9A","No","NO APPARENT INJURY","N/A","NOT DISTRACTED","PA","0A478F30-7C6F-4E93-BC9E-6161231275FA","FUNCTIONAL","TWELVE OCLOCK","TWELVE OCLOCK","PASSENGER CAR","SLOWING OR STOPPING","East","South","35","No","No","2015","HYUNDAI","ELANTRA","N/A","39.02265478","-77.14930847","
,  
(39.02265478, -77.14930847)"
"MCP3311000Q","220016853","Montgomery County Police","Property Damage Crash","2022-04-20T19:27:00.000","County","DEMOCRACY BLVD","Unknown","SPUR TO MALL ENT",,"N/A",,"STRAIGHT MOVEMENT ANGLE","CLEAR","DRY","DAYLIGHT","TRAFFIC SIGNAL","N/A",,"53900D10-0130-4849-A49D-356A7DCC15EF","Yes","NO APPARENT INJURY","N/A","UNKNOWN","MD","B0ACC83E-8BA2-41B4-88CA-FBEC7F35D965","DISABLING","TWELVE OCLOCK","TWELVE OCLOCK","PASSENGER CAR","MOVING CONSTANT SPEED","West","West","35","No","No","1998","JEEP","CHEROKEE","NO MISUSE","39.02265478","-77.14930847","
,  
(39.02265478, -77.14930847)"
"MCP3308000N","220016848","Montgomery County Police","Property Damage Crash","2022-04-20T19:00:00.000","Maryland (State)","FREDERICK RD","County","GAME PRESERVE RD",,"N/A",,"SINGLE VEHICLE","N/A","DRY","DAYLIGHT","NO CONTROLS","NONE DETECTED",,"FC25DE4E-FDE4-4F11-82EA-46D4828C7935","Yes","NO APPARENT INJURY","N/A","NOT DISTRACTED","MD","1433F357-A444-460E-921B-99068F82C6CB","DISABLING","TWELVE OCLOCK","TWELVE OCLOCK","PASSENGER CAR","MAKING LEFT TURN","West","North","40","No","No","2011","MERZ","C300","NO MISUSE","39.16475167","-77.22766667","
,  
(39.16475167, -77.22766667)"
"MCP2866007R","220016845","Montgomery County Police","Property Damage Crash","2022-04-20T18:50:00.000","County","SEVEN LOCKS RD","County","POSTOAK RD",,"N/A",,"OPPOSITE DIRECTION SIDESWIPE","CLEAR","DRY","DAYLIGHT","TRAFFIC SIGNAL","NONE DETECTED",,"56EC6B57-D832-494F-8E84-A50A5B794930","No","NO APPARENT INJURY","N/A","NOT DISTRACTED","MD","A5866D25-7342-40D8-B937-46AA06DAFF60","SUPERFICIAL","EIGHT OCLOCK","EIGHT OCLOCK","PASSENGER CAR","STOPPED IN TRAFFIC LANE","West","North","35","No","No","2019","FORD","EXPEDITION","NO MISUSE","39.05232257","-77.163944","
,  
(39.05232257, -77.163944)"
"MCP2866007R","220016845","Montgomery County Police","Property Damage Crash","2022-04-20T18:50:00.000","County","SEVEN LOCKS RD","County","POSTOAK RD",,"N/A",,"OPPOSITE DIRECTION SIDESWIPE","CLEAR","DRY","DAYLIGHT","TRAFFIC SIGNAL","NONE DETECTED",,"430F3873-A50F-4AC3-A45E-DBD44081564E","Yes","NO APPARENT INJURY","N/A","UNKNOWN","MD","75123A1E-BF45-46D3-8183-1D40735CB6D0","DISABLING","ELEVEN OCLOCK","ELEVEN OCLOCK","PASSENGER CAR","MAKING RIGHT TURN","South","East","35","No","No","2007","AUDI","4DR","NO MISUSE","39.05232257","-77.163944","
,  
(39.05232257, -77.163944)"
"EJ7876004G","220016824","Gaithersburg Police Depar","Property Damage Crash","2022-04-20T17:20:00.000","Maryland (State)","DARNESTOWN RD","Unknown","ENT TO BUSINESS",,"N/A",,"STRAIGHT MOVEMENT ANGLE","CLEAR","DRY","DAYLIGHT","TRAFFIC SIGNAL","NONE DETECTED",,"95CF166C-844D-4B54-B816-40DC37043008","No","NO APPARENT INJURY","N/A","NOT DISTRACTED","MD","312345C1-FE1C-4CE6-9A70-5D2057975BCB","DISABLING","TEN OCLOCK","TEN OCLOCK","PASSENGER CAR","MOVING CONSTANT SPEED","East","East","45","No","No","2014","HYUNDAI","ELANTRA","NO MISUSE","39.11755675","-77.25111302","
,  
(39.11755675, -77.25111302)"
"EJ7876004G","220016824","Gaithersburg Police Depar","Property Damage Crash","2022-04-20T17:20:00.000","Maryland (State)","DARNESTOWN RD","Unknown","ENT TO BUSINESS",,"N/A",,"STRAIGHT MOVEMENT ANGLE","CLEAR","DRY","DAYLIGHT","TRAFFIC SIGNAL","NONE DETECTED",,"688E9A75-0A87-46E2-B543-F0C089A52063","Yes","NO APPARENT INJURY","N/A","LOOKED BUT DID NOT SEE","MD","57EA186A-DDD0-42A1-9AF9-A7ACF3F3BC65","SUPERFICIAL","TWELVE OCLOCK","TWELVE OCLOCK","PASSENGER CAR","MAKING LEFT TURN","South","West","45","No","No","2021","TOYOTA","TACOMA","NO MISUSE","39.11755675","-77.25111302","
,  
(39.11755675, -77.25111302)"
"MCP3309000R","220016828","Montgomery County Police","Property Damage Crash","2022-04-20T17:05:00.000",,,,,"7919 TUCKERMAN LA, POTOMAC, MD 20854 PARKING LOT OF GIANT",,,"UNKNOWN","CLEAR",,"DAYLIGHT","NO CONTROLS","UNKNOWN",,"F4267C83-6DCE-46A1-8FEA-61FE4796C3F2","Yes","NO APPARENT INJURY","N/A","UNKNOWN",,"2AA43417-43E1-44F6-9FC0-38CE0E0A3B3C","UNKNOWN","UNKNOWN","UNKNOWN",,"PARKED",,,"0","No","Yes","0","UNKNOWN","UNKNOWN","UNKNOWN","39.04084608","-77.15764207","
,  
(39.04084608, -77.15764207)"
"MCP29480050","220016815","Montgomery County Police","Injury Crash","2022-04-20T17:00:00.000","Maryland (State)","VEIRS MILL RD","County","CENTERHILL ST",,"N/A",,"SINGLE VEHICLE","CLEAR","DRY","DAYLIGHT","NO CONTROLS","NONE DETECTED",,"DE685296-9633-479E-A992-2471730DAFD1","Yes","SUSPECTED SERIOUS INJURY","N/A","NOT DISTRACTED","MD","FC8566C3-67E1-4F07-92E5-368CDD5A5C99","FUNCTIONAL","ONE OCLOCK","TWO OCLOCK","MOTORCYCLE","ACCELERATING","East","East","45","No","No","2006","SUZUKI","650","N/A","39.05015","-77.07243833","
,  
(39.05015, -77.07243833)"
"MCP2752004L","22001793","Montgomery County Police","Property Damage Crash","2022-04-20T16:45:00.000",,,,,"600 JEFFERSON PLAZA, ROCKVILLE, MD",,,"OTHER","CLEAR",,"DAYLIGHT","N/A","N/A",,"7E3B807D-D790-4E93-BCA0-18678403987F","Yes","NO APPARENT INJURY","N/A","UNKNOWN","MD","FE992915-B0B4-4F0B-A368-E91DF12A28D1","UNKNOWN","SIX OCLOCK","SIX OCLOCK","(SPORT) UTILITY VEHICLE","BACKING","Unknown","Unknown","5","No","No","2007","HONDA","CRV","UNKNOWN","39.01413333","-77.11562333","
,  
(39.01413333, -77.11562333)"
"MCP2203005Y","220016820","Montgomery County Police","Property Damage Crash","2022-04-20T16:40:00.000","Maryland (State)","GEORGIA AVE","Maryland (State)","VEIRS MILL RD",,"N/A",,"SAME DIRECTION SIDESWIPE","CLEAR","DRY","DAYLIGHT","TRAFFIC SIGNAL","NONE DETECTED",,"3D5AB282-0C4A-482D-A4CD-429CBB9CBE06","Unknown","NO APPARENT INJURY","N/A","NOT DISTRACTED","MD","37087538-A15A-4033-8F62-D47836BA1DB5","SUPERFICIAL","TEN OCLOCK","TEN OCLOCK","TRANSIT BUS","STARTING FROM LANE","South","South","25","No","No","2022","BU","TRANSIT","NO MISUSE","39.03552167","-77.04989833","
,  
(39.03552167, -77.04989833)"
"MCP2203005Y","220016820","Montgomery County Police","Property Damage Crash","2022-04-20T16:40:00.000","Maryland (State)","GEORGIA AVE","Maryland (State)","VEIRS MILL RD",,"N/A",,"SAME DIRECTION SIDESWIPE","CLEAR","DRY","DAYLIGHT","TRAFFIC SIGNAL","NONE DETECTED",,"94A9D740-1995-4189-B356-A93480082FA2","Unknown","NO APPARENT INJURY","N/A","NOT DISTRACTED","MD","1B877045-604E-4DA4-825F-403AEF94ED37","FUNCTIONAL","ONE OCLOCK","ONE OCLOCK","PASSENGER CAR","MOVING CONSTANT SPEED","South","South","25","No","No","2004","CHEV","4S","NO MISUSE","39.03552167","-77.04989833","
,  
(39.03552167, -77.04989833)"
"MCP3093003P","220016832","Montgomery County Police","Property Damage Crash","2022-04-20T16:32:00.000","Maryland (State)","WISCONSIN AVE","Unknown","WESTERN AVE (DC MAINT)",,"N/A",,"OTHER","CLEAR","DRY","DAYLIGHT","N/A","N/A",,"AD1FDCF3-9E8D-4F9B-A6B5-9501FC755312","No","NO APPARENT INJURY","N/A","NOT DISTRACTED","DC","99666A38-A8DE-4E68-8D23-77B525A49B29","SUPERFICIAL","EIGHT OCLOCK","EIGHT OCLOCK","TRANSIT BUS","STOPPED IN TRAFFIC LANE","North","North","30","No","No","2016","GILL","BU","NO MISUSE","38.961175","-77.08589833","
,  
(38.961175, -77.08589833)"
"MCP3093003P","220016832","Montgomery County Police","Property Damage Crash","2022-04-20T16:32:00.000","Maryland (State)","WISCONSIN AVE","Unknown","WESTERN AVE (DC MAINT)",,"N/A",,"OTHER","CLEAR","DRY","DAYLIGHT","N/A","N/A",,"69CED21C-0545-4327-9408-31D8E390822B","Yes","NO APPARENT INJURY","N/A","UNKNOWN","VA","4B3EC66F-3E1A-431A-8157-2F745452365A","FUNCTIONAL","TWO OCLOCK","TWO OCLOCK","PICKUP TRUCK","MOVING CONSTANT SPEED","North","North","30","No","No","2018","ISUZU","NPR HD","N/A","38.961175","-77.08589833","
,  
(38.961175, -77.08589833)"
"MCP1220008N","220016813","Montgomery County Police","Property Damage Crash","2022-04-20T16:20:00.000",,,,,"PARKING LOT
MCLEAN SCHOOL
8224 LOCHINVER LANE
ROCKVILLE  MD 20854",,,"OTHER","N/A",,"DAYLIGHT","N/A","NONE DETECTED",,"76D57F80-4409-4746-88B2-CFCC31E0C975","Yes","NO APPARENT INJURY","N/A","UNKNOWN","MD","8382BD21-8F61-42DB-909E-B54F033A17C6","SUPERFICIAL","FIVE OCLOCK","FIVE OCLOCK","SCHOOL BUS","MAKING LEFT TURN","North","West","15","No","No","2011","THOMAS","SCHOOL BUS","NO MISUSE","39.03965633","-77.16830567","
,  
(39.03965633, -77.16830567)"
"MCP2964005L","220016810","Montgomery County Police","Injury Crash","2022-04-20T16:00:00.000","County","BURNT HILL RD","Other Public Roadway","SNOWDEN FARM PKWY",,"N/A",,"OTHER","CLEAR","DRY","DAYLIGHT","N/A","NONE DETECTED",,"9339B20E-0374-4169-832D-6C48E02FE7EE","No","SUSPECTED MINOR INJURY","N/A","NOT DISTRACTED","MD","FB30E9DC-E215-4C77-AFE6-7C5CA84CF509","FUNCTIONAL","TWELVE OCLOCK","TWELVE OCLOCK","PASSENGER CAR","MOVING CONSTANT SPEED","North","North","40","No","No","2015","VOLKSWAGEN","JETTA","NO MISUSE","39.25227333","-77.26761667","
,  
(39.25227333, -77.26761667)"
"MCP2866007Q","220016804","Montgomery County Police","Property Damage Crash","2022-04-20T15:50:00.000","County","CRABBS BRANCH WAY","County","REDLAND RD",,"N/A",,"SAME DIR REAR END","CLEAR","DRY","DAYLIGHT","NO CONTROLS","NONE DETECTED",,"C07342FA-D5B3-4CC1-A697-F5D5A53398BF","Yes","NO APPARENT INJURY","N/A","UNKNOWN","MD","FA542665-901D-484D-B047-D41D6660F631","DISABLING","TWELVE OCLOCK","TWELVE OCLOCK","PASSENGER CAR","MOVING CONSTANT SPEED","North","North","35","No","No","2007","PONTIAC","G6","NO MISUSE","39.11973795","-77.15698496","
,  
(39.11973795, -77.15698496)"
"MCP2866007Q","220016804","Montgomery County Police","Property Damage Crash","2022-04-20T15:50:00.000","County","CRABBS BRANCH WAY","County","REDLAND RD",,"N/A",,"SAME DIR REAR END","CLEAR","DRY","DAYLIGHT","NO CONTROLS","NONE DETECTED",,"69F176CA-13BB-4DB7-B4F9-29A7265D9F4F","No","NO APPARENT INJURY","N/A","NOT DISTRACTED","MD","43B0EC4A-3035-4F8C-9E98-D852F6F5D547","DISABLING","SIX OCLOCK","SIX OCLOCK","PASSENGER CAR","SLOWING OR STOPPING","North","North","35","No","No","2013","CADILLAC","ATS","NO MISUSE","39.11973795","-77.15698496","
,  
(39.11973795, -77.15698496)"
"MCP2866007Q","220016804","Montgomery County Police","Property Damage Crash","2022-04-20T15:50:00.000","County","CRABBS BRANCH WAY","County","REDLAND RD",,"N/A",,"SAME DIR REAR END","CLEAR","DRY","DAYLIGHT","NO CONTROLS","NONE DETECTED",,"C93B9431-746F-4B5B-8D32-1E73378A8DD5","No","NO APPARENT INJURY","N/A","NOT DISTRACTED","MD","DD0B54AB-4734-46A2-B9CE-58D8176E7320","SUPERFICIAL","SIX OCLOCK","SIX OCLOCK","PASSENGER CAR","SLOWING OR STOPPING","North","North","35","No","No","2016","NISSAN","SENTRA","NO MISUSE","39.11973795","-77.15698496","
,  
(39.11973795, -77.15698496)"
"DD5644002N","220016802","Rockville Police Departme","Injury Crash","2022-04-20T15:35:00.000","Maryland (State)","ROCKVILLE PIKE","Municipality","W EDMONSTON DR",,"ROCKVILLE",,"SAME DIR REAR END","CLEAR","DRY","DAYLIGHT","TRAFFIC SIGNAL","NONE DETECTED",,"999C54BE-3B06-4328-914E-24EC5F250C7E","Yes","SUSPECTED MINOR INJURY","N/A","NOT DISTRACTED","MD","54097225-1DD2-4CEB-AD11-89E13ABB7DEF","SUPERFICIAL","TWELVE OCLOCK","TWELVE OCLOCK","PASSENGER CAR","SLOWING OR STOPPING","South","South","35","No","No","2002","MERC","4S","NO MISUSE","39.074096","-77.1356405","
,  
(39.074096, -77.1356405)"
"DD5644002N","220016802","Rockville Police Departme","Injury Crash","2022-04-20T15:35:00.000","Maryland (State)","ROCKVILLE PIKE","Municipality","W EDMONSTON DR",,"ROCKVILLE",,"SAME DIR REAR END","CLEAR","DRY","DAYLIGHT","TRAFFIC SIGNAL","NONE DETECTED",,"C9486DFF-EB3A-4AD0-A5B6-D77EE6D559DF","No","NO APPARENT INJURY","N/A","NOT DISTRACTED","VA","3763353D-E0E7-47AF-9001-B87001F8EEE7","SUPERFICIAL","SIX OCLOCK","SIX OCLOCK","VAN","STOPPED IN TRAFFIC LANE","South","South","35","No","No","2009","CHRYSLER","TOWN&COUNTRY","NO MISUSE","39.074096","-77.1356405","
,  
(39.074096, -77.1356405)"
"MCP2846007Y","220016798","Montgomery County Police","Injury Crash","2022-04-20T15:19:00.000","Maryland (State)","GEORGIA AVE","County","WINDHAM LA",,"N/A",,"ANGLE MEETS LEFT HEAD ON","CLEAR","DRY","DAYLIGHT","TRAFFIC SIGNAL","NONE DETECTED",,"85CE9BC8-80E4-4C65-9680-D33F265AD7C6","Yes","SUSPECTED MINOR INJURY","N/A","INATTENTIVE OR LOST IN THOUGHT","MI","886EB354-84A4-40F9-A361-1A197A2451B1","DESTROYED","TWELVE OCLOCK","TWELVE OCLOCK","PASSENGER CAR","MAKING LEFT TURN","West","North","35","No","No","2015","CHEV","TK","N/A","39.03394167","-77.04013167","
,  
(39.03394167, -77.04013167)"
"MCP2846007Y","220016798","Montgomery County Police","Injury Crash","2022-04-20T15:19:00.000","Maryland (State)","GEORGIA AVE","County","WINDHAM LA",,"N/A",,"ANGLE MEETS LEFT HEAD ON","CLEAR","DRY","DAYLIGHT","TRAFFIC SIGNAL","ALCOHOL PRESENT",,"1D426A86-0AF5-4BD6-9581-ADF301C77E23","Yes","POSSIBLE INJURY","N/A","OTHER DISTRACTION","MD","8B162414-3CBC-44CF-80EA-0FA4BE5643D5","DESTROYED","TWELVE OCLOCK","TWELVE OCLOCK","PASSENGER CAR","MOVING CONSTANT SPEED","South","South","35","No","No","2007","BMW","4S","NO MISUSE","39.03394167","-77.04013167","
,  
(39.03394167, -77.04013167)"
"MCP3233002N","220016794","Montgomery County Police","Property Damage Crash","2022-04-20T15:01:00.000","Maryland (State)","UNIVERSITY BLVD E","US (State)","COLESVILLE RD",,"N/A",,"SAME DIR REAR END","CLEAR","DRY","DAYLIGHT","TRAFFIC SIGNAL","UNKNOWN",,"472073B1-36AF-43FC-BF79-42D026BB0C26","Yes","NO APPARENT INJURY","N/A","UNKNOWN",,"CDC52BA5-6A51-4495-8B8A-B7076B76C37F","DISABLING","TWELVE OCLOCK","TWELVE OCLOCK","PASSENGER CAR","MOVING CONSTANT SPEED","East","East","35","No","No","2008","CHRYSLER","PT CRUISER","UNKNOWN","39.0206745","-77.0142885","
,  
(39.0206745, -77.0142885)"
"MCP3233002N","220016794","Montgomery County Police","Property Damage Crash","2022-04-20T15:01:00.000","Maryland (State)","UNIVERSITY BLVD E","US (State)","COLESVILLE RD",,"N/A",,"SAME DIR REAR END","CLEAR","DRY","DAYLIGHT","TRAFFIC SIGNAL","N/A",,"85B9A4C1-88D0-4FE9-B6AC-8BB33CDFE801","No","NO APPARENT INJURY","N/A","NOT DISTRACTED","MD","4F42889C-F7BE-48AB-9FD3-D989ECF4636E","FUNCTIONAL","SIX OCLOCK","SIX OCLOCK","PASSENGER CAR","STOPPED IN TRAFFIC LANE","East","East","35","No","No","2019","SUBARU","FORESTER","NO MISUSE","39.0206745","-77.0142885","
,  
(39.0206745, -77.0142885)"
"MCP26070069","220016796","Montgomery County Police","Injury Crash","2022-04-20T15:00:00.000","County","SHADY GROVE RD","Ramp","RAMP 3 FR SHADY GROVE RD WB TO MD200A NB",,"N/A",,"SAME DIRECTION SIDESWIPE","CLEAR","DRY","DAYLIGHT","NO CONTROLS","NONE DETECTED",,"DD03F74C-2F0D-4DE1-A1E0-59B251C00B02","Yes","POSSIBLE INJURY","N/A","UNKNOWN","MD","10A1D762-7A39-46B9-8F80-F46E7D1A15D7","DISABLING","ONE OCLOCK","ONE OCLOCK","PASSENGER CAR","MOVING CONSTANT SPEED","North","North","45","No","No","2015","HOND","4S","N/A","39.13014833","-77.161885","
,  
(39.13014833, -77.161885)"
"MCP26070069","220016796","Montgomery County Police","Injury Crash","2022-04-20T15:00:00.000","County","SHADY GROVE RD","Ramp","RAMP 3 FR SHADY GROVE RD WB TO MD200A NB",,"N/A",,"SAME DIRECTION SIDESWIPE","CLEAR","DRY","DAYLIGHT","NO CONTROLS","NONE DETECTED",,"2D7E4A68-3EEC-4945-B78C-054A7C3F181B","No","NO APPARENT INJURY","N/A","NOT DISTRACTED","MD","D0DC9BD5-156C-4184-9B49-04AE3BCD2300","DISABLING","ELEVEN OCLOCK","ELEVEN OCLOCK","PASSENGER CAR","MOVING CONSTANT SPEED","North","North","40","No","No","2013","HOND","VN","NO MISUSE","39.13014833","-77.161885","
,  
(39.13014833, -77.161885)"
"MCP242500HG","220016788","Montgomery County Police","Property Damage Crash","2022-04-20T14:24:00.000","Municipality","E GUDE DR","Maryland (State)","NORBECK RD",,"N/A",,"SAME DIR BOTH LEFT TURN","CLEAR","DRY","DAYLIGHT","TRAFFIC SIGNAL","NONE DETECTED",,"B6064947-CDE1-4C8F-88D1-2DD7E914E10A","Unknown","NO APPARENT INJURY","N/A","UNKNOWN","MD","3D7B62C1-EC75-435E-ABB0-7E7B2C7A9F55","SUPERFICIAL","ONE OCLOCK","ONE OCLOCK","PICKUP TRUCK","MAKING LEFT TURN","East","East","35","No","No","2020","FORD","PICKUP","NO MISUSE","39.09036167","-77.12850667","
,  
(39.09036167, -77.12850667)"