"report_number","local_case_number","agency_name","acrs_report_type","crash_date_time","route_type","road_name","cross_street_type","cross_street_name","off_road_description","municipality","related_non_motorist","collision_type","weather","surface_condition","light","traffic_control","driver_substance_abuse","non_motorist_substance_abuse","person_id","driver_at_fault","injury_severity","circumstance","driver_distracted_by","drivers_license_state","vehicle_id","vehicle_damage_extent","vehicle_first_impact_location","vehicle_second_impact_location","vehicle_body_type","vehicle_movement","vehicle_continuing_dir","vehicle_going_dir","speed_limit","driverless_vehicle","parked_vehicle","vehicle_year","vehicle_make","vehicle_model","equipment_problems","latitude","longitude","geolocation"
"MCP242500HG","220016788","Montgomery County Police","Property Damage Crash","2022-04-20T14:24:00.000","Municipality","E GUDE DR","Maryland (State)","NORBECK RD",,"N/A",,"SAME DIR BOTH LEFT TURN","CLEAR","DRY","DAYLIGHT","TRAFFIC SIGNAL","NONE DETECTED",,"D6DFD7C6-93E3-470D-91D2-04B197BD9761","Unknown","NO APPARENT INJURY","N/A","UNKNOWN","MD","4DE4A5AC-8AE4-4AC5-9E41-19EF7FDDB9BE","SUPERFICIAL","SEVEN OCLOCK","SEVEN OCLOCK","(SPORT) UTILITY VEHICLE","MAKING LEFT TURN","East","East","35","No","No","2009","GMC","YUKON","NO MISUSE","39.09036167","-77.12850667","
,  
(39.09036167, -77.12850667)"
"MCP3042003T","220016780","Montgomery County Police","Property Damage Crash","2022-04-20T14:00:00.000","Maryland (State)","GEORGIA AVE","County","REEDIE DR",,"N/A",,"SAME DIRECTION SIDESWIPE","CLEAR","DRY","DAYLIGHT","TRAFFIC SIGNAL","NONE DETECTED",,"1182FA81-BE18-4521-91E6-3E0C92741DDE","Yes","NO APPARENT INJURY","N/A","LOOKED BUT DID NOT SEE","MD","C1FFD6C1-FF18-4AD5-AD61-8D7A15F6E7D2","SUPERFICIAL","TWO OCLOCK","TWO OCLOCK","OTHER LIGHT TRUCKS (10,000LBS (4,536KG) OR LESS)","MAKING LEFT TURN","West","North","25","No","No","2015","INTL","ST","NO MISUSE","39.039535","-77.05268667","
,  
(39.039535, -77.05268667)"
"MCP3042003T","220016780","Montgomery County Police","Property Damage Crash","2022-04-20T14:00:00.000","Maryland (State)","GEORGIA AVE","County","REEDIE DR",,"N/A",,"SAME DIRECTION SIDESWIPE","CLEAR","DRY","DAYLIGHT","TRAFFIC SIGNAL","NONE DETECTED",,"17D64A64-3EE3-46F8-9BAB-D19557660076","No","NO APPARENT INJURY","N/A","NOT DISTRACTED","MD","AF85B174-3CA0-442B-A366-293A0B1B7EFA","SUPERFICIAL","TEN OCLOCK","TEN OCLOCK","PICKUP TRUCK","STOPPED IN TRAFFIC LANE","North","North","25","No","No","2012","FORD","SUPER DUTY","NO MISUSE","39.039535","-77.05268667","
,  
(39.039535, -77.05268667)"
"MCP2039007B","220016777","Montgomery County Police","Property Damage Crash","2022-04-20T13:25:00.000","Maryland (State)","CONNECTICUT AVE","County","WELLER RD",,"N/A",,"STRAIGHT MOVEMENT ANGLE","CLEAR","DRY","DAYLIGHT","TRAFFIC SIGNAL","N/A",,"00591F2E-DD1B-4380-B88E-94BBF5BD4E31","No","NO APPARENT INJURY","N/A","NOT DISTRACTED","MD","D7693B18-8FFF-43BD-B2B6-39D24EE15479","DESTROYED","TWELVE OCLOCK","TWELVE OCLOCK","PASSENGER CAR","MOVING CONSTANT SPEED","South","South","35","No","No","2018","SUBARU","WRX","N/A","39.06314833","-77.07363333","
,  
(39.06314833, -77.07363333)"
"MCP2039007B","220016777","Montgomery County Police","Property Damage Crash","2022-04-20T13:25:00.000","Maryland (State)","CONNECTICUT AVE","County","WELLER RD",,"N/A",,"STRAIGHT MOVEMENT ANGLE","CLEAR","DRY","DAYLIGHT","TRAFFIC SIGNAL","N/A",,"4149AAE4-E7F9-48E4-8238-5B34F946569E","Yes","NO APPARENT INJURY","N/A","LOOKED BUT DID NOT SEE","MD","A1917355-D460-4E61-9EE9-5EF95BC3764B","DESTROYED","THREE OCLOCK","THREE OCLOCK","PASSENGER CAR","MAKING LEFT TURN","West","West","35","No","No","2007","TOYOTA","CAMRY LE","NO MISUSE","39.06314833","-77.07363333","
,  
(39.06314833, -77.07363333)"
"MCP3009004K","220016759","Montgomery County Police","Property Damage Crash","2022-04-20T11:30:00.000",,,,,"PARKING LOT LOCATED AT 20910 FREDERICK ROAD GERMANTOWN, MD 20876.",,,"STRAIGHT MOVEMENT ANGLE","CLEAR",,"DAYLIGHT","STOP SIGN","N/A",,"E3BDDDC2-271C-4657-8B90-F7CF832E584C","No","NO APPARENT INJURY","N/A","NOT DISTRACTED","MD","CD49D4C5-EA9D-4779-A921-AE5185458603","FUNCTIONAL","ONE OCLOCK","ONE OCLOCK","(SPORT) UTILITY VEHICLE","MOVING CONSTANT SPEED","South","South","0","No","No","2011","JEEP","TK","NO MISUSE","39.19868834","-77.25033328","
,  
(39.19868834, -77.25033328)"
"MCP3009004K","220016759","Montgomery County Police","Property Damage Crash","2022-04-20T11:30:00.000",,,,,"PARKING LOT LOCATED AT 20910 FREDERICK ROAD GERMANTOWN, MD 20876.",,,"STRAIGHT MOVEMENT ANGLE","CLEAR",,"DAYLIGHT","STOP SIGN","N/A",,"E01B2DBC-DF23-44A9-95F9-8E9A153FDA2F","Yes","NO APPARENT INJURY","N/A","NOT DISTRACTED","CO","C33A1ABC-F754-461F-8273-5EF32F721B82","SUPERFICIAL","TWELVE OCLOCK","TWELVE OCLOCK","PASSENGER CAR","MOVING CONSTANT SPEED","East","East","0","No","No","1998","TOYOTA","CAMRY","NO MISUSE","39.19868834","-77.25033328","
,  
(39.19868834, -77.25033328)"
"MCP3026007Q","220016753","Montgomery County Police","Property Damage Crash","2022-04-20T11:22:00.000","Municipality","GEORGIA ST","Municipality","BRADLEY LA",,"CHEVY CHASE VILLAGE","OTHER","OTHER","CLEAR","DRY","DAYLIGHT","NO CONTROLS","UNKNOWN","NONE DETECTED","386093ED-1F34-4CF1-85D0-B40B37EC7C95","Yes","NO APPARENT INJURY","N/A","UNKNOWN",,"E0F63132-4FED-4034-B2DE-8296DBE9D0FD","UNKNOWN","UNKNOWN","UNKNOWN","UNKNOWN","OTHER","East","South","25","No","No","0","UNKNOWN","UNKNOWN","UNKNOWN","38.97668667","-77.07270333","
,  
(38.97668667, -77.07270333)"
"MCP2832006Y","220016751","Montgomery County Police","Property Damage Crash","2022-04-20T10:45:00.000","County","NICHOLSON LA","Maryland (State)","ROCKVILLE PIKE",,"N/A",,"SAME DIRECTION SIDESWIPE","CLEAR","DRY","DAYLIGHT","NO CONTROLS","NONE DETECTED",,"79141A3F-F09B-48BF-9085-D1516590E591","No","NO APPARENT INJURY","N/A","NOT DISTRACTED","MD","7D2B842E-A6B8-4234-9CF7-8A9D7E6779D8","SUPERFICIAL","TEN OCLOCK","TEN OCLOCK","(SPORT) UTILITY VEHICLE","MOVING CONSTANT SPEED","East","East","30","No","No","2015","KIA","SORRENTO","NO MISUSE","39.045405","-77.11151333","
,  
(39.045405, -77.11151333)"
"MCP2832006Y","220016751","Montgomery County Police","Property Damage Crash","2022-04-20T10:45:00.000","County","NICHOLSON LA","Maryland (State)","ROCKVILLE PIKE",,"N/A",,"SAME DIRECTION SIDESWIPE","CLEAR","DRY","DAYLIGHT","NO CONTROLS","UNKNOWN",,"FD46C048-4736-40CC-9EA5-55868248FC52","Yes","NO APPARENT INJURY","N/A","UNKNOWN","MD","88E19BFA-371F-4195-8F83-EF0EDA8E4A78","UNKNOWN","TWO OCLOCK","TWO OCLOCK","(SPORT) UTILITY VEHICLE","CHANGING LANES","East","East","30","No","No","2014","MAZDA","CX-5","UNKNOWN","39.045405","-77.11151333","
,  
(39.045405, -77.11151333)"
"MCP2181004J","220016737","Montgomery County Police","Injury Crash","2022-04-20T10:25:00.000","County","BETHESDA CHURCH RD","County","KINGS VALLEY RD",,"N/A",,"SAME DIR REAR END","CLEAR","DRY","DAYLIGHT","NO CONTROLS","N/A",,"00F2E58F-DD44-48B6-BB21-AD4936C1A0BF","Yes","NO APPARENT INJURY","N/A","SMOKING RELATED","MD","1013359E-EDA1-4186-9A52-EA2332A65FC5","DISABLING","TWELVE OCLOCK","TWELVE OCLOCK","PASSENGER CAR","MOVING CONSTANT SPEED","West","West","35","No","No","2014","NISS","ROGUE","NO MISUSE","39.287995","-77.22188667","
,  
(39.287995, -77.22188667)"
"MCP2181004J","220016737","Montgomery County Police","Injury Crash","2022-04-20T10:25:00.000","County","BETHESDA CHURCH RD","County","KINGS VALLEY RD",,"N/A",,"SAME DIR REAR END","CLEAR","DRY","DAYLIGHT","NO CONTROLS","N/A",,"B61E8B45-469E-42AD-9BC2-F2581BAE62D8","No","SUSPECTED MINOR INJURY","N/A","NOT DISTRACTED","WV","9D6DB89D-E9F6-4AE6-A1DC-36FE36830F98","FUNCTIONAL","SIX OCLOCK","SIX OCLOCK","VAN","STOPPED IN TRAFFIC LANE","South","West","35","No","No","2019","FORD","TRANSIT","NO MISUSE","39.287995","-77.22188667","
,  
(39.287995, -77.22188667)"
"MCP2353009T","220016732","Montgomery County Police","Property Damage Crash","2022-04-20T09:22:00.000","Maryland (State)","ROCKVILLE PIKE","Government","WILSON DR",,"N/A",,"OTHER","CLOUDY","DRY","DAYLIGHT","NO CONTROLS","NONE DETECTED",,"37440102-DD6E-4316-BFF7-AEAFE233E75A","Yes","NO APPARENT INJURY","N/A","DISTRACTED BY OUTSIDE PERSON OBJECT OR EVENT","MD","9D75C629-753F-43D0-A14C-C61CCCFCAE81","SUPERFICIAL","SIX OCLOCK","SIX OCLOCK","TRANSIT BUS","BACKING","South","North","35","No","No","2017","GILLIG","BUS","NO MISUSE","39.00340167","-77.09711667","
,  
(39.00340167, -77.09711667)"
"MCP2353009T","220016732","Montgomery County Police","Property Damage Crash","2022-04-20T09:22:00.000","Maryland (State)","ROCKVILLE PIKE","Government","WILSON DR",,"N/A",,"OTHER","CLOUDY","DRY","DAYLIGHT","NO CONTROLS","NONE DETECTED",,"04EFB2FB-84AE-4B6F-B179-5F2838355678","No","NO APPARENT INJURY","N/A","NOT DISTRACTED","MD","AE0D8D27-4C20-4157-ADAE-66C9CA8800E9","SUPERFICIAL","TWELVE OCLOCK","TWELVE OCLOCK","PASSENGER CAR","MOVING CONSTANT SPEED","North","North","35","No","No","2012","VOLKSWAGON","PASSAT","NO MISUSE","39.00340167","-77.09711667","
,  
(39.00340167, -77.09711667)"
"MCP3091003J","220016729","Montgomery County Police","Property Damage Crash","2022-04-20T08:54:00.000","County","WICK LA","County","KIPLING RD",,"N/A",,"OTHER","CLEAR","DRY","DAYLIGHT","STOP SIGN","N/A",,"5ED563D7-3734-49E2-8EDE-3274C01F859F","No","NO APPARENT INJURY","N/A","NOT DISTRACTED","MD","50674A53-4682-44F6-BBFE-358CB94D5398","SUPERFICIAL","EIGHT OCLOCK","EIGHT OCLOCK","SCHOOL BUS","MAKING LEFT TURN","East","East","25","No","No","2020","THMS","BU","N/A","39.12532483","-77.14526383","
,  
(39.12532483, -77.14526383)"
"MCP3091003J","220016729","Montgomery County Police","Property Damage Crash","2022-04-20T08:54:00.000","County","WICK LA","County","KIPLING RD",,"N/A",,"OTHER","CLEAR","DRY","DAYLIGHT","STOP SIGN","N/A",,"AED20F12-6065-454B-90AF-C945091EC392","Yes","NO APPARENT INJURY","N/A","UNKNOWN","MD","3398504B-339B-4012-B60C-EFFA559FB8CD","SUPERFICIAL","TWELVE OCLOCK","TWELVE OCLOCK","PASSENGER CAR","STARTING FROM LANE","North","North","25","No","No","2012","MERCEDES","C250","N/A","39.12532483","-77.14526383","
,  
(39.12532483, -77.14526383)"
"MCP2724002N","220016604","Montgomery County Police","Injury Crash","2022-04-20T08:40:00.000","Maryland (State)","NEW HAMPSHIRE AVE","Unknown","HILLENDALE FIRE DEPARTMENT",,"N/A","PEDESTRIAN","OTHER","CLOUDY","N/A","DAYLIGHT","TRAFFIC SIGNAL","UNKNOWN","NONE DETECTED","63FF60F2-7AE5-4CC3-AC9B-88F7C05E7441","No","NO APPARENT INJURY","N/A","NOT DISTRACTED",,"E04ECB9F-1774-4AAA-961D-AE16FCCFD821","UNKNOWN","ELEVEN OCLOCK","ELEVEN OCLOCK",,"SLOWING OR STOPPING","South","South","45","No","No","0","UNKNOWN","UNKNOWN","UNKNOWN","39.02970992","-76.98335105","
,  
(39.02970992, -76.98335105)"
"MCP3268001S","220016721","Montgomery County Police","Property Damage Crash","2022-04-20T08:19:00.000",,,,,"SCHOOL BUS STRUCK A PARKING LOT LIGHT POLE IN THE PARKING LOT OF FORCEY CHRISTIAN SCHOOL",,,"SINGLE VEHICLE","CLEAR",,"DAYLIGHT","N/A","N/A",,"356D23C8-3C36-4E08-B64B-FDC8CA103711","Yes","NO APPARENT INJURY","N/A","NOT DISTRACTED","MD","3AC89A53-CD74-4936-8D53-2B70D40F2B8B","SUPERFICIAL","NINE OCLOCK","NINE OCLOCK","SCHOOL BUS","STARTING FROM PARKED","Unknown","Unknown","5","No","No","2011","THOMAS","BU","N/A","39.06461","-76.965498","
,  
(39.06461, -76.965498)"
"DD5653001J","220016722","Rockville Police Departme","Property Damage Crash","2022-04-20T08:17:00.000","Maryland (State)","HUNGERFORD DR","Municipality","MANNAKEE ST",,"ROCKVILLE",,"STRAIGHT MOVEMENT ANGLE","N/A","DRY","DAYLIGHT","TRAFFIC SIGNAL","N/A",,"157C4921-4BA1-4C35-8959-7F03EAC74CCA","Yes","NO APPARENT INJURY","N/A","LOOKED BUT DID NOT SEE","MD","F624FEFB-D82D-408C-80F4-95006726D38A","DISABLING","ELEVEN OCLOCK","ELEVEN OCLOCK","PASSENGER CAR","MAKING LEFT TURN","North","North","40","No","No","2008","FORD","TK","NO MISUSE","39.096643","-77.15431467","
,  
(39.096643, -77.15431467)"
"DD5653001J","220016722","Rockville Police Departme","Property Damage Crash","2022-04-20T08:17:00.000","Maryland (State)","HUNGERFORD DR","Municipality","MANNAKEE ST",,"ROCKVILLE",,"STRAIGHT MOVEMENT ANGLE","N/A","DRY","DAYLIGHT","TRAFFIC SIGNAL","N/A",,"00D91ADA-A15B-4272-B833-8E1AEF373670","No","NO APPARENT INJURY","N/A","NOT DISTRACTED","MD","2C7E2E97-A556-4B0C-9A4A-39EC2730BDA0","DISABLING","ELEVEN OCLOCK","ELEVEN OCLOCK","PASSENGER CAR","ACCELERATING","South","South","40","No","No","2020","DODG","SD","N/A","39.096643","-77.15431467","
,  
(39.096643, -77.15431467)"
"MCP3200005B","220016720","Montgomery County Police","Property Damage Crash","2022-04-20T08:01:00.000","County","ROCKLEDGE DR","Unknown","ENT TO IBM",,"N/A",,"HEAD ON LEFT TURN","CLEAR","DRY","DAYLIGHT","NO CONTROLS","NONE DETECTED",,"10657E32-11C5-4627-904E-3E85109B4432","Yes","NO APPARENT INJURY","N/A","LOOKED BUT DID NOT SEE","MD","4CDDBDD9-6086-421D-8ED2-FB54F6F7C527","DISABLING","NINE OCLOCK","NINE OCLOCK","PASSENGER CAR","MAKING LEFT TURN","North","East","30","No","No","2019","NISSAN","FRONTIER","NO MISUSE","39.02929283","-77.138555","
,  
(39.02929283, -77.138555)"
"MCP3200005B","220016720","Montgomery County Police","Property Damage Crash","2022-04-20T08:01:00.000","County","ROCKLEDGE DR","Unknown","ENT TO IBM",,"N/A",,"HEAD ON LEFT TURN","CLEAR","DRY","DAYLIGHT","NO CONTROLS","NONE DETECTED",,"6D612BBF-FC4D-40C1-9994-3403827F1975","No","NO APPARENT INJURY","N/A","NOT DISTRACTED","MD","7B6BCE70-CBE7-4789-9299-1DF24081C56A","DISABLING","TWELVE OCLOCK","TWELVE OCLOCK","PASSENGER CAR","MOVING CONSTANT SPEED","West","West","30","No","No","2018","SUBARU","OUTBACK","NO MISUSE","39.02929283","-77.138555","
,  
(39.02929283, -77.138555)"
"MCP263900F0","220016719","Montgomery County Police","Injury Crash","2022-04-20T07:50:00.000","Maryland (State)","OLNEY LAYTONSVILLE RD","County","MUNCASTER RD",,"N/A",,"SAME DIR REAR END","CLEAR","DRY","DAYLIGHT","NO CONTROLS","NONE DETECTED",,"3F359622-BC13-4BDF-A906-AAE0C4E51EBB","No","POSSIBLE INJURY","BACKUP DUE TO REGULAR CONGESTION, N/A","NOT DISTRACTED","MD","318BCBA0-2345-4B4E-A926-E628BD05D2B3","FUNCTIONAL","SIX OCLOCK","SIX OCLOCK","PASSENGER CAR","STOPPED IN TRAFFIC LANE","East","East","50","No","No","2019","TOYOTA","CAMRY","NO MISUSE","39.18439833","-77.11360333","
,  
(39.18439833, -77.11360333)"
"MCP263900F0","220016719","Montgomery County Police","Injury Crash","2022-04-20T07:50:00.000","Maryland (State)","OLNEY LAYTONSVILLE RD","County","MUNCASTER RD",,"N/A",,"SAME DIR REAR END","CLEAR","DRY","DAYLIGHT","NO CONTROLS","NONE DETECTED",,"18DED8DE-2915-4792-B6DA-C370AD6DC6AB","No","POSSIBLE INJURY","BACKUP DUE TO REGULAR CONGESTION, N/A","NOT DISTRACTED","MD","ADB9C9AB-38F0-4DEC-993C-D27BA8649F26","FUNCTIONAL","SIX OCLOCK","SIX OCLOCK","(SPORT) UTILITY VEHICLE","STOPPED IN TRAFFIC LANE","East","East","50","No","No","2014","HONDA","PILOT","NO MISUSE","39.18439833","-77.11360333","
,  
(39.18439833, -77.11360333)"
"MCP263900F0","220016719","Montgomery County Police","Injury Crash","2022-04-20T07:50:00.000","Maryland (State)","OLNEY LAYTONSVILLE RD","County","MUNCASTER RD",,"N/A",,"SAME DIR REAR END","CLEAR","DRY","DAYLIGHT","NO CONTROLS","NONE DETECTED",,"6AD0A749-E512-4A61-BC98-50FE5F57DDAC","Yes","NO APPARENT INJURY","BACKUP DUE TO REGULAR CONGESTION, N/A","NOT DISTRACTED","MD","D51427C6-8E02-4B1E-823E-4F7A9117A690","DISABLING","TWELVE OCLOCK","TWELVE OCLOCK","PICKUP TRUCK","MOVING CONSTANT SPEED","East","East","50","No","No","2015","NISSAN","FRONTIER","NO MISUSE","39.18439833","-77.11360333","
,  
(39.18439833, -77.11360333)"
"MCP2347003H","220016716","Montgomery County Police","Property Damage Crash","2022-04-20T07:45:00.000","Maryland (State)","OLD COLUMBIA PIKE","Unknown","ENT TO SCHOOL",,"N/A",,"STRAIGHT MOVEMENT ANGLE","CLEAR","DRY","DAYLIGHT","TRAFFIC SIGNAL","NONE DETECTED",,"229A68C6-6A94-489F-8EBD-A661C29556A7","Yes","NO APPARENT INJURY","N/A","NOT DISTRACTED","MD","B857C0C4-9622-48ED-BB58-0765A379C6E6","DISABLING","TWELVE OCLOCK","TWELVE OCLOCK","PASSENGER CAR","MOVING CONSTANT SPEED","North","North","30","No","No","2008","NISSAN","ROGUE","NO MISUSE","39.08973085","-76.94776443","
,  
(39.08973085, -76.94776443)"
"MCP2347003H","220016716","Montgomery County Police","Property Damage Crash","2022-04-20T07:45:00.000","Maryland (State)","OLD COLUMBIA PIKE","Unknown","ENT TO SCHOOL",,"N/A",,"STRAIGHT MOVEMENT ANGLE","CLEAR","DRY","DAYLIGHT","TRAFFIC SIGNAL","NONE DETECTED",,"06181E7D-41B8-4AA1-835A-658D5C6D7561","No","NO APPARENT INJURY","N/A","NOT DISTRACTED","MD","69821B1B-2597-43B5-B223-26E3840B7A78","FUNCTIONAL","TWELVE OCLOCK","TWELVE OCLOCK","PASSENGER CAR","STARTING FROM LANE","West","West","30","No","No","2018","FORD","ESCAPE","N/A","39.08973085","-76.94776443","
,  
(39.08973085, -76.94776443)"
"MCP102200G9","220016717","Montgomery County Police","Property Damage Crash","2022-04-20T07:35:00.000","Maryland (State)","ROCKVILLE PIKE","County","NICHOLSON LA",,"N/A",,"SAME DIRECTION SIDESWIPE","CLEAR","DRY","DAYLIGHT","NO CONTROLS","NONE DETECTED",,"7D0E0B4E-A521-4DB8-80BE-16C49E8F634D","No","NO APPARENT INJURY","N/A","NOT DISTRACTED","MD","EF367687-7872-4086-B64F-44EB1C6D7E92","SUPERFICIAL","SIX OCLOCK","SIX OCLOCK","TRANSIT BUS","STOPPED IN TRAFFIC LANE","North","North","40","No","No","2012","GILLIS","TRANSIT BUS","NO MISUSE","39.04523667","-77.111785","
,  
(39.04523667, -77.111785)"
"MCP102200G9","220016717","Montgomery County Police","Property Damage Crash","2022-04-20T07:35:00.000","Maryland (State)","ROCKVILLE PIKE","County","NICHOLSON LA",,"N/A",,"SAME DIRECTION SIDESWIPE","CLEAR","DRY","DAYLIGHT","NO CONTROLS","NONE DETECTED",,"B524E07E-A22B-4ED7-B3D6-E3783A641E75","Yes","NO APPARENT INJURY","N/A","NOT DISTRACTED","MD","C998A6FB-EF36-40AA-8F31-B25F3B8F4D6F","FUNCTIONAL","TWO OCLOCK","TWO OCLOCK","PASSENGER CAR","CHANGING LANES","North","North","40","No","No","2020","HONDA","ACCORD","NO MISUSE","39.04523667","-77.111785","
,  
(39.04523667, -77.111785)"
"MCP31140029","220016709","Montgomery County Police","Injury Crash","2022-04-20T05:20:00.000","County","LITTLETON ST","County","DELANCY DR",,"N/A","OTHER","SINGLE VEHICLE","N/A","DRY","DAWN","N/A","N/A","N/A","A95EA4D3-62EB-46D3-BA91-39F5002DFD4C","Yes","SUSPECTED MINOR INJURY","N/A","LOOKED BUT DID NOT SEE","MD","7D9B5C83-57B4-481C-8EF7-572EC1ED0254","DESTROYED","TWELVE OCLOCK","TWELVE OCLOCK","PASSENGER CAR","MOVING CONSTANT SPEED","South","South","25","No","No","2012","ACURA","TL","N/A","39.06476333","-77.08504167","
,  
(39.06476333, -77.08504167)"
"MCP3305001M","220016705","Montgomery County Police","Property Damage Crash","2022-04-20T05:18:00.000","County","MARTELLO DR","County","OLD COLUMBIA PIKE",,"N/A",,"SINGLE VEHICLE","CLEAR","DRY","DARK -- UNKNOWN LIGHTING","NO CONTROLS","NONE DETECTED",,"C827579E-0766-4B9B-A41A-885FFE3DB111","Yes","NO APPARENT INJURY","N/A","LOOKED BUT DID NOT SEE","MD","0D9AF631-110C-4D73-9E58-CEDC74B77EF0","FUNCTIONAL","TEN OCLOCK","TEN OCLOCK","FIRE VEHICLE/EMERGENCY","ENTERING TRAFFIC LANE","East","East","25","No","No","2016","PRCE","TK","NO MISUSE","39.08197727","-76.95487926","
,  
(39.08197727, -76.95487926)"
"MCP23050028","220016702","Montgomery County Police","Property Damage Crash","2022-04-20T03:03:00.000","Maryland (State)","WOODFIELD RD","County","EAST VILLAGE AVE",,"N/A",,"SINGLE VEHICLE","N/A","DRY","DARK LIGHTS ON","STOP SIGN","N/A",,"E38BBE0D-D677-454F-8D97-B1D512C988C2","Yes","NO APPARENT INJURY","N/A","NOT DISTRACTED","MD","5E203011-32CF-4497-8C93-2D0B68A545B6","FUNCTIONAL","ELEVEN OCLOCK","TWELVE OCLOCK","(SPORT) UTILITY VEHICLE","MAKING RIGHT TURN","South","East","35","No","No","2013","NISS","ROGUE","NO MISUSE","39.19160833","-77.152155","
,  
(39.19160833, -77.152155)"
"MCP271700X1","220016692","Montgomery County Police","Property Damage Crash","2022-04-19T23:34:00.000","County","OMEGA DR","Other Public Roadway","RESEARCH BLVD",,"N/A",,"OTHER","CLEAR","DRY","DARK LIGHTS ON","TRAFFIC SIGNAL","NONE DETECTED",,"5C540937-9079-495F-9CBB-91691D0ADB36","Yes","NO APPARENT INJURY","N/A","NOT DISTRACTED","MD","656B11DB-EC61-421E-B778-D7F99F169A62","DISABLING","TWELVE OCLOCK","TWELVE OCLOCK","PASSENGER CAR","MAKING LEFT TURN","South","West","35","No","No","2014","NISSAN","VERSA","N/A","39.10610917","-77.15320983","
,  
(39.10610917, -77.15320983)"
"MCP3208002Y","220016690","Montgomery County Police","Property Damage Crash","2022-04-19T22:58:00.000","Maryland (State)","NEW HAMPSHIRE AVE","County","NORTHWEST DR",,"N/A",,"SAME DIR REAR END","CLEAR","DRY","DARK LIGHTS ON","TRAFFIC SIGNAL","NONE DETECTED",,"A71C2745-05CF-4D51-9DC9-EED5A3FF8417","Unknown","NO APPARENT INJURY","N/A","UNKNOWN","MD","6DF6AE81-4F15-4214-9157-DE619D328B26","DISABLING","SIX OCLOCK","SIX OCLOCK","PASSENGER CAR","STOPPED IN TRAFFIC LANE","North","North","40","No","No","2015","TOYOTA","SIENNA","NO MISUSE","39.03673667","-76.98905167","
,  
(39.03673667, -76.98905167)"
"MCP3208002Y","220016690","Montgomery County Police","Property Damage Crash","2022-04-19T22:58:00.000","Maryland (State)","NEW HAMPSHIRE AVE","County","NORTHWEST DR",,"N/A",,"SAME DIR REAR END","CLEAR","DRY","DARK LIGHTS ON","TRAFFIC SIGNAL","NONE DETECTED",,"A7AE93A9-A756-4CBB-83E4-1FD3D2379C8E","Unknown","NO APPARENT INJURY","N/A","OTHER DISTRACTION","MD","007E532B-788D-4C5A-8E9E-5DA48813ADC8","DISABLING","TWELVE OCLOCK","TWELVE OCLOCK","PASSENGER CAR","MOVING CONSTANT SPEED","North","North","40","No","No","2016","MERZ","4H","NO MISUSE","39.03673667","-76.98905167","
,  
(39.03673667, -76.98905167)"
"MCP2766006V","220016683","Montgomery County Police","Property Damage Crash","2022-04-19T21:18:00.000","Maryland (State)","CONNECTICUT AVE","County","INDEPENDENCE ST",,"N/A",,"SAME DIRECTION SIDESWIPE","CLEAR","DRY","DARK LIGHTS ON","N/A","NONE DETECTED",,"623E8D18-30D0-496F-8E97-BAE709762517","No","NO APPARENT INJURY","N/A","NOT DISTRACTED","MD","005C1F93-6CBF-40A4-BB03-8CA4F29FF34F","DISABLING","FIVE OCLOCK","FIVE OCLOCK","PASSENGER CAR","MOVING CONSTANT SPEED","North","North","40","No","No","2004","TOYOTA","SIENNA","NO MISUSE","39.07537667","-77.07988333","
,  
(39.07537667, -77.07988333)"
"MCP2766006V","220016683","Montgomery County Police","Property Damage Crash","2022-04-19T21:18:00.000","Maryland (State)","CONNECTICUT AVE","County","INDEPENDENCE ST",,"N/A",,"SAME DIRECTION SIDESWIPE","CLEAR","DRY","DARK LIGHTS ON","N/A","NONE DETECTED",,"4BC1340B-1506-4C60-ADBF-CF4A5269E28F","Yes","NO APPARENT INJURY","N/A","NOT DISTRACTED","MD","3F5188DD-0C0F-40AE-8618-57AF8214E044","DISABLING","TWELVE OCLOCK","TWELVE OCLOCK","PASSENGER CAR","ACCELERATING","North","North","40","No","No","2014","HONDA","CIVIC","NO MISUSE","39.07537667","-77.07988333","
,  
(39.07537667, -77.07988333)"
"EJ7895001F","220016677","Gaithersburg Police Depar","Injury Crash","2022-04-19T20:25:00.000","County","MUDDY BRANCH RD","Municipality","WEST SIDE DR",,"GAITHERSBURG",,"ANGLE MEETS LEFT TURN","CLEAR","DRY","DARK LIGHTS ON","TRAFFIC SIGNAL","NONE DETECTED",,"1B33FE3D-EEA7-4E48-854B-AB938DBD9DB1","No","NO APPARENT INJURY","N/A","UNKNOWN","MD","7ABD50B6-2961-4DE1-8628-113AD87A40ED","DESTROYED","TWELVE OCLOCK","TWELVE OCLOCK","PASSENGER CAR","SLOWING OR STOPPING","West","West","45","No","No","2009","LEXUS","RX350","NO MISUSE","39.12755194","-77.20974476","
,  
(39.12755194, -77.20974476)"