"report_number","local_case_number","agency_name","acrs_report_type","crash_date_time","route_type","road_name","cross_street_type","cross_street_name","off_road_description","municipality","related_non_motorist","collision_type","weather","surface_condition","light","traffic_control","driver_substance_abuse","non_motorist_substance_abuse","person_id","driver_at_fault","injury_severity","circumstance","driver_distracted_by","drivers_license_state","vehicle_id","vehicle_damage_extent","vehicle_first_impact_location","vehicle_second_impact_location","vehicle_body_type","vehicle_movement","vehicle_continuing_dir","vehicle_going_dir","speed_limit","driverless_vehicle","parked_vehicle","vehicle_year","vehicle_make","vehicle_model","equipment_problems","latitude","longitude","geolocation"
"MCP26410029","220016543","Montgomery County Police","Property Damage Crash","2022-04-19T09:30:00.000","Maryland (State)","RIDGE RD","County","DAVIS MILL RD",,"N/A",,"STRAIGHT MOVEMENT ANGLE","CLOUDY","DRY","DAYLIGHT","NO CONTROLS","NONE DETECTED",,"4ED693E8-5CAF-428A-8941-16FD2707E876","No","NO APPARENT INJURY","N/A","NOT DISTRACTED","MD","131D4B2D-5593-4442-A2CE-0AC44A993789","FUNCTIONAL","TWO OCLOCK","TWO OCLOCK","VAN","MOVING CONSTANT SPEED","North","North","45","No","No","2015","HOND","VN","NO MISUSE","39.24082667","-77.23513167","
,  
(39.24082667, -77.23513167)"
"MCP3113003Z","220016541","Montgomery County Police","Injury Crash","2022-04-19T09:16:00.000","County","INDUSTRIAL PKWY","US (State)","COLUMBIA PIKE",,"N/A",,"SAME DIR REAR END","CLEAR","N/A","DAYLIGHT","NO CONTROLS","N/A",,"5B6CCE21-9B7B-424E-A943-8A4D0E6AAB88","Yes","NO APPARENT INJURY","N/A","LOOKED BUT DID NOT SEE","MD","61E6C2E3-BE66-44B4-92F3-A521F02E7A99","SUPERFICIAL","TWELVE OCLOCK","TWELVE OCLOCK","PASSENGER CAR","MOVING CONSTANT SPEED","East","East","30","No","No","2015","HONDA","PILOT","N/A","39.055285","-76.97092667","
,  
(39.055285, -76.97092667)"
"MCP3113003Z","220016541","Montgomery County Police","Injury Crash","2022-04-19T09:16:00.000","County","INDUSTRIAL PKWY","US (State)","COLUMBIA PIKE",,"N/A",,"SAME DIR REAR END","CLEAR","N/A","DAYLIGHT","NO CONTROLS","N/A",,"6A79398F-4B30-4C32-87E1-97AC7EE5502F","No","NO APPARENT INJURY","N/A","NOT DISTRACTED","DC","1731D9F0-AC11-4B6A-85B6-C62087E1C082","SUPERFICIAL","SIX OCLOCK","SIX OCLOCK","VAN","SLOWING OR STOPPING","East","East","30","No","No","2020","CHRYSLER","TOWN AND COUNTRY","N/A","39.055285","-76.97092667","
,  
(39.055285, -76.97092667)"
"MCP3130004Q","220016535","Montgomery County Police","Property Damage Crash","2022-04-19T08:45:00.000","Maryland (State)","LAYHILL RD","Maryland (State)","GEORGIA AVE",,"N/A",,"SAME DIR REAR END","CLEAR","DRY","DAYLIGHT","NO CONTROLS","NONE DETECTED",,"50518AAE-392C-465D-B53B-EF573A0F3CD4","Yes","NO APPARENT INJURY","N/A","LOOKED BUT DID NOT SEE","MD","21F66C6B-C618-4E82-A1F3-5A97F2766F0A","SUPERFICIAL","TWELVE OCLOCK","TWELVE OCLOCK","SCHOOL BUS","SLOWING OR STOPPING","South","South","35","No","No","2012","THOMAS","CONV MSDE C8","NO MISUSE","39.06234667","-77.05079","
,  
(39.06234667, -77.05079)"
"MCP3130004Q","220016535","Montgomery County Police","Property Damage Crash","2022-04-19T08:45:00.000","Maryland (State)","LAYHILL RD","Maryland (State)","GEORGIA AVE",,"N/A",,"SAME DIR REAR END","CLEAR","DRY","DAYLIGHT","NO CONTROLS","NONE DETECTED",,"395148A9-6FE7-4212-B061-522B6A312623","No","NO APPARENT INJURY","N/A","NOT DISTRACTED","MD","ACD65442-5A53-4E57-BB62-FE89778886C0","SUPERFICIAL","SIX OCLOCK","SIX OCLOCK","PASSENGER CAR","STOPPED IN TRAFFIC LANE","South","South","35","No","No","2012","KIA","SORENTO","NO MISUSE","39.06234667","-77.05079","
,  
(39.06234667, -77.05079)"
"MCP3130004Q","220016535","Montgomery County Police","Property Damage Crash","2022-04-19T08:45:00.000","Maryland (State)","LAYHILL RD","Maryland (State)","GEORGIA AVE",,"N/A",,"SAME DIR REAR END","CLEAR","DRY","DAYLIGHT","NO CONTROLS","NONE DETECTED",,"9C3E76E0-39A6-4909-9119-E326EBAA840D","No","NO APPARENT INJURY","N/A","NOT DISTRACTED","MD","29094BBF-C318-4BED-82A0-F0EA9D3F5B50","SUPERFICIAL","SIX OCLOCK","SIX OCLOCK","PASSENGER CAR","STOPPED IN TRAFFIC LANE","South","South","35","No","No","2016","KIA","SORENTO","NO MISUSE","39.06234667","-77.05079","
,  
(39.06234667, -77.05079)"
"MCP285900C1","220016532","Montgomery County Police","Property Damage Crash","2022-04-19T08:20:00.000","Maryland (State)","MUNCASTER MILL RD","Maryland (State)","WOODFIELD RD",,"N/A",,"HEAD ON LEFT TURN","CLEAR","DRY","DAYLIGHT","TRAFFIC SIGNAL","NONE DETECTED",,"8D1246A3-EEEC-4A7F-9F29-7CFA664C9680","No","NO APPARENT INJURY","N/A","NOT DISTRACTED","MD","FBA5FF6F-3803-4BAA-99D6-D2AC4990FB3D","DISABLING","TWELVE OCLOCK","TWELVE OCLOCK","PASSENGER CAR","MOVING CONSTANT SPEED","South","South","30","No","No","1999","NISS","SEDAN","NO MISUSE","39.15888734","-77.160229","
,  
(39.15888734, -77.160229)"
"MCP285900C1","220016532","Montgomery County Police","Property Damage Crash","2022-04-19T08:20:00.000","Maryland (State)","MUNCASTER MILL RD","Maryland (State)","WOODFIELD RD",,"N/A",,"HEAD ON LEFT TURN","CLEAR","DRY","DAYLIGHT","TRAFFIC SIGNAL","NONE DETECTED",,"BC329E2B-35C5-40EB-A5DC-4A76C36645FC","Yes","NO APPARENT INJURY","N/A","LOOKED BUT DID NOT SEE","MD","351C16B4-19F0-4B7F-92AB-AE82BEFA76F6","DISABLING","TWELVE OCLOCK","TWELVE OCLOCK","PASSENGER CAR","MAKING LEFT TURN","West","North","30","No","No","2011","TOYT","MINIVAN","NO MISUSE","39.15888734","-77.160229","
,  
(39.15888734, -77.160229)"
"EJ7870005H","220016531","Gaithersburg Police Depar","Property Damage Crash","2022-04-19T08:04:00.000","Maryland (State)","QUINCE ORCHARD RD","Municipality","SIOUX LA",,"GAITHERSBURG",,"STRAIGHT MOVEMENT ANGLE","N/A","DRY","DAYLIGHT","TRAFFIC SIGNAL","NONE DETECTED",,"52F2DF1B-6246-4757-A2D3-F3A11CD40A5B","Yes","NO APPARENT INJURY","N/A","LOOKED BUT DID NOT SEE","MD","04A903A3-6D74-417F-8058-7712D2CD99D9","DISABLING","FIVE OCLOCK","FIVE OCLOCK","(SPORT) UTILITY VEHICLE","MOVING CONSTANT SPEED","West","West","40","No","No","2019","FORD","UT","NO MISUSE","39.12925713","-77.23368843","
,  
(39.12925713, -77.23368843)"
"EJ7870005H","220016531","Gaithersburg Police Depar","Property Damage Crash","2022-04-19T08:04:00.000","Maryland (State)","QUINCE ORCHARD RD","Municipality","SIOUX LA",,"GAITHERSBURG",,"STRAIGHT MOVEMENT ANGLE","N/A","DRY","DAYLIGHT","TRAFFIC SIGNAL","NONE DETECTED",,"45759B22-9BBB-47A4-8888-3F7E05514430","No","NO APPARENT INJURY","N/A","NOT DISTRACTED","MD","F08359E2-F77F-4734-9830-B131ADC260AA","DISABLING","TWELVE OCLOCK","TWELVE OCLOCK","PASSENGER CAR","MOVING CONSTANT SPEED","East","South","25","No","No","2011","TOYT","CAMRY","NO MISUSE","39.12925713","-77.23368843","
,  
(39.12925713, -77.23368843)"
"MCP3300001P","220016529","Montgomery County Police","Injury Crash","2022-04-19T07:40:00.000","Maryland (State)","UNIVERSITY BLVD W","County","GRANDVIEW AVE",,"N/A","PEDESTRIAN","OTHER","CLEAR","DRY","DAYLIGHT","NO CONTROLS","NONE DETECTED","NONE DETECTED","2AB0B996-2B62-43F9-9F33-09AF7C800C3C","No","NO APPARENT INJURY","N/A","NOT DISTRACTED","MD","CA1CA859-4D6D-47BD-BFDF-833BF34B7851","SUPERFICIAL","ONE OCLOCK","ROOF TOP","PASSENGER CAR","MOVING CONSTANT SPEED","West","West","35","No","No","2006","TOYOTA","CAMRY","N/A","39.04067067","-77.05456733","
,  
(39.04067067, -77.05456733)"
"MCP32390022","220016525","Montgomery County Police","Property Damage Crash","2022-04-19T06:41:00.000","County","CASTLE BLVD","Unknown","ROAD END",,"N/A",,"SAME DIRECTION RIGHT TURN","CLEAR","DRY","DAYLIGHT","NO CONTROLS","NONE DETECTED",,"FE7988B3-C0F8-4FC2-84B8-F328B7235F6D","Yes","NO APPARENT INJURY","N/A","LOOKED BUT DID NOT SEE","MD","DF8AC42D-87E7-466D-8B24-6BA28D4692AB","SUPERFICIAL","FIVE OCLOCK","FIVE OCLOCK","TRANSIT BUS","MAKING RIGHT TURN","East","North","25","No","No","2020","NOVA","BU","NO MISUSE","39.08577213","-76.94031155","
,  
(39.08577213, -76.94031155)"
"MCP32390023","220016559","Montgomery County Police","Injury Crash","2022-04-19T05:55:00.000",,,,,"IN FRONT OF 11225 OAK LEAF DR, SILVER SPRING, MD 20904 AT THE ROUNDABOUT.",,"PEDESTRIAN","OTHER","CLEAR",,"DARK LIGHTS ON","NO CONTROLS","UNKNOWN","NONE DETECTED","4F484A46-4C08-4E11-9B28-5129E21269DB","Yes","NO APPARENT INJURY","N/A, WET","LOOKED BUT DID NOT SEE",,"CB9DFC93-93DE-4567-94A2-E0215C19C84C","UNKNOWN","TWELVE OCLOCK","TWELVE OCLOCK","VAN","NEGOTIATING A CURVE","North","North","15","No","No","2005","CHEVY","VN","UNKNOWN","39.04074984","-76.99475444","
,  
(39.04074984, -76.99475444)"
"MCP31140028","220016522","Montgomery County Police","Injury Crash","2022-04-19T05:43:00.000","Maryland (State)","LAYHILL RD","County","NORVALE RD",,"N/A",,"SAME DIR REAR END","N/A","N/A","DAWN","TRAFFIC SIGNAL","N/A",,"74FB361D-0F3C-4EEC-A2E5-2DE1963EC450","No","NO APPARENT INJURY","N/A","NOT DISTRACTED","MD","02B0EA25-6641-4157-AEBB-73A54FB256E3","SUPERFICIAL","SIX OCLOCK","SIX OCLOCK","PASSENGER CAR","STOPPED IN TRAFFIC LANE","North","North","40","No","No","2011","HONDA","PILOT","N/A","39.095215","-77.04465833","
,  
(39.095215, -77.04465833)"
"MCP31140028","220016522","Montgomery County Police","Injury Crash","2022-04-19T05:43:00.000","Maryland (State)","LAYHILL RD","County","NORVALE RD",,"N/A",,"SAME DIR REAR END","N/A","N/A","DAWN","TRAFFIC SIGNAL","N/A",,"BD400CC1-192F-4226-AE14-31DBD5198C21","Yes","NO APPARENT INJURY","N/A","LOOKED BUT DID NOT SEE","MD","B8CDB3DE-FC6E-4816-B24A-3A1A4EBFBBB3","SUPERFICIAL","TWELVE OCLOCK","TWELVE OCLOCK","PICKUP TRUCK","MOVING CONSTANT SPEED","North","North","40","No","No","2017","FORD","TK","N/A","39.095215","-77.04465833","
,  
(39.095215, -77.04465833)"
"MCP3263001Z","220016236","Montgomery County Police","Property Damage Crash","2022-04-19T01:02:00.000","Maryland (State)","WISCONSIN AVE","County","NORWOOD DR",,"N/A",,"SINGLE VEHICLE","RAINING","WET","DARK NO LIGHTS","NO CONTROLS","UNKNOWN",,"D9C3EECE-CD13-4D62-9844-EB2F03872567","Yes","NO APPARENT INJURY","N/A","UNKNOWN",,"4158A77F-2BEA-4625-B18E-9A5642406C32","DESTROYED","TWELVE OCLOCK","TWELVE OCLOCK","PASSENGER CAR","UNKNOWN","South","South","35","No","No","2016","NISSAN","ALTIMA","UNKNOWN","38.97590963","-77.09023159","
,  
(38.97590963, -77.09023159)"
"MCP3285001Q","220016511","Montgomery County Police","Property Damage Crash","2022-04-18T22:40:00.000","County","WYNNFIELD DR","County","WATERS LANDING DR",,"N/A",,"SINGLE VEHICLE","RAINING","WET","DARK LIGHTS ON","NO CONTROLS","NONE DETECTED",,"930D9F0C-DD1F-4B89-98A1-5F2A03277E1E","Yes","NO APPARENT INJURY","N/A, WET","UNKNOWN","MD","66923AA5-33B7-4D5C-9002-E1A0C2085311","DESTROYED","TWELVE OCLOCK","TWELVE OCLOCK","PASSENGER CAR","MOVING CONSTANT SPEED","East","East","35","No","No","2022","TOYOTA","PRIUS","NO MISUSE","39.193505","-77.27793833","
,  
(39.193505, -77.27793833)"
"DD5644002M","220016495","Rockville Police Departme","Property Damage Crash","2022-04-18T20:30:00.000","Interstate (State)","EISENHOWER MEMORIAL HWY","Ramp","RAMP 6 FR IS 270 EB TO MD 355 SB",,"N/A",,"SINGLE VEHICLE","RAINING","WET","DARK -- UNKNOWN LIGHTING","NO CONTROLS","NONE DETECTED",,"4E670F7C-7151-4C18-96C7-97EB93FD4A5F","Yes","NO APPARENT INJURY","RAIN, SNOW, WET","NOT DISTRACTED","MD","FB983617-A866-4DDF-9B69-7A2F3690E6AA","DESTROYED","TWELVE OCLOCK","TWELVE OCLOCK","PASSENGER CAR","MOVING CONSTANT SPEED","South","South","55","No","No","2001","HONDA","SD","NO MISUSE","39.09261383","-77.175903","
,  
(39.09261383, -77.175903)"
"MCP23390074","220016490","Montgomery County Police","Property Damage Crash","2022-04-18T19:57:00.000","Maryland (State)","ROCKVILLE PIKE","Unknown","ENT TO FEDERAL PLAZA S.C.",,"N/A",,"STRAIGHT MOVEMENT ANGLE","RAINING","WET","DARK LIGHTS ON","TRAFFIC SIGNAL","NONE DETECTED",,"672A9883-BF82-4242-9FB7-E211F9387BA0","Yes","NO APPARENT INJURY","RAIN, SNOW, WET","INATTENTIVE OR LOST IN THOUGHT","XX","3FC46E0B-6D84-499F-8BD1-9E5CC3F916DD","DISABLING","TWELVE OCLOCK","TWELVE OCLOCK","PASSENGER CAR","MOVING CONSTANT SPEED","South","South","40","No","No","2015","JEEP","PATRIOT","N/A","39.0572704","-77.12033834","
,  
(39.0572704, -77.12033834)"
"MCP23390074","220016490","Montgomery County Police","Property Damage Crash","2022-04-18T19:57:00.000","Maryland (State)","ROCKVILLE PIKE","Unknown","ENT TO FEDERAL PLAZA S.C.",,"N/A",,"STRAIGHT MOVEMENT ANGLE","RAINING","WET","DARK LIGHTS ON","TRAFFIC SIGNAL","NONE DETECTED",,"D9D1823F-D12E-4AB4-8BF8-0EEE5B2DA2FD","No","NO APPARENT INJURY","RAIN, SNOW, WET","NOT DISTRACTED","MD","5CD25528-546D-4B11-BA4B-4719D91C7BC8","DISABLING","TWELVE OCLOCK","TWELVE OCLOCK","PASSENGER CAR","MOVING CONSTANT SPEED","West","West","30","No","No","2015","TOYOTA","SIENNA","N/A","39.0572704","-77.12033834","
,  
(39.0572704, -77.12033834)"
"MCP23390075","220016492","Montgomery County Police","Property Damage Crash","2022-04-18T19:57:00.000","Maryland (State)","ROCKVILLE PIKE","Unknown","ENT TO FEDERAL PLAZA S.C.",,"N/A",,"SAME DIR REAR END","RAINING","WET","DARK LIGHTS ON","TRAFFIC SIGNAL","NONE DETECTED",,"A3B4FAA5-FE21-4C06-AD7A-CD0A080CEB47","No","NO APPARENT INJURY","RAIN, SNOW, WET","NOT DISTRACTED","MD","5504AD79-CCB6-4F6F-BB9C-009DE1273FA1","DISABLING","TWELVE OCLOCK","TWELVE OCLOCK","PASSENGER CAR","MOVING CONSTANT SPEED","West","West","25","No","No","2015","TOYOTA","SIENNA","N/A","39.05751867","-77.12034287","
,  
(39.05751867, -77.12034287)"
"MCP23390075","220016492","Montgomery County Police","Property Damage Crash","2022-04-18T19:57:00.000","Maryland (State)","ROCKVILLE PIKE","Unknown","ENT TO FEDERAL PLAZA S.C.",,"N/A",,"SAME DIR REAR END","RAINING","WET","DARK LIGHTS ON","TRAFFIC SIGNAL","NONE DETECTED",,"9506C050-B453-4C7A-91EC-DF865AC269F7","Yes","NO APPARENT INJURY","RAIN, SNOW, WET","OTHER DISTRACTION","MD","5B301B5A-C7B8-47EC-8F33-AC10FBC6B499","FUNCTIONAL","TWELVE OCLOCK","TWELVE OCLOCK","PASSENGER CAR","MOVING CONSTANT SPEED","West","West","25","No","No","2016","HYUNDAI","SONATA","N/A","39.05751867","-77.12034287","
,  
(39.05751867, -77.12034287)"
"MCP31260035","220016477","Montgomery County Police","Property Damage Crash","2022-04-18T18:15:00.000","Maryland (State)","CLARKSBURG RD","Other Public Roadway","STRINGTOWN RD (AHEAD)",,"N/A",,"SINGLE VEHICLE","RAINING","WET","DAYLIGHT","NO CONTROLS","NONE DETECTED",,"F6E0D0D7-C83D-413D-969A-C9866086B4D1","Yes","NO APPARENT INJURY","RAIN, SNOW, WET","UNKNOWN","MD","612AC137-5F19-4AC5-BC33-1FFC896D9532","DESTROYED","TWELVE OCLOCK","TWELVE OCLOCK","PASSENGER CAR","MOVING CONSTANT SPEED","North","North","35","No","No","2012","MITSUBISHI","LANCER","NO MISUSE","39.25784167","-77.27697667","
,  
(39.25784167, -77.27697667)"
"MCP31380046","220016484","Montgomery County Police","Property Damage Crash","2022-04-18T17:17:00.000","Maryland (State)","OLNEY LAYTONSVILLE RD","County","WICKHAM RD",,"N/A",,"SINGLE VEHICLE","RAINING","WET","DAYLIGHT","N/A","NONE DETECTED",,"C9B6C471-9837-46B6-850E-D086C6171575","No","NO APPARENT INJURY","ANIMAL, N/A","NOT DISTRACTED","MD","4B0A26A7-4C8E-45B4-A130-3AE5B8995CD2","DISABLING","ONE OCLOCK","TWELVE OCLOCK","PASSENGER CAR","MOVING CONSTANT SPEED","West","West","40","No","No","2016","CHEVROLET","CRUZE","NO MISUSE","39.17275308","-77.09678317","
,  
(39.17275308, -77.09678317)"
"MCP2987006X","220016469","Montgomery County Police","Property Damage Crash","2022-04-18T17:15:00.000","US (State)","COLUMBIA PIKE","Unknown","ENT TO BURNT MILLS SHOPPING CENTER",,"N/A",,"SAME DIRECTION SIDESWIPE","RAINING","WET","DAYLIGHT","NO CONTROLS","NONE DETECTED",,"4F72FCAB-6E49-42BC-900C-18727DF976BE","No","NO APPARENT INJURY","N/A, WET","NOT DISTRACTED","MD","C812198F-2AF1-48EA-AC41-D2143A745B0B","SUPERFICIAL","TWO OCLOCK","TWO OCLOCK","PASSENGER CAR","MOVING CONSTANT SPEED","South","South","45","No","No","2013","FORD","FUSION","NO MISUSE","39.02147629","-77.01204164","
,  
(39.02147629, -77.01204164)"
"MCP2987006X","220016469","Montgomery County Police","Property Damage Crash","2022-04-18T17:15:00.000","US (State)","COLUMBIA PIKE","Unknown","ENT TO BURNT MILLS SHOPPING CENTER",,"N/A",,"SAME DIRECTION SIDESWIPE","RAINING","WET","DAYLIGHT","NO CONTROLS","UNKNOWN",,"BEF0DD22-8AA2-4399-9055-5925AD970D89","Yes","NO APPARENT INJURY","N/A, WET","UNKNOWN",,"634EB313-1779-45D5-9161-82021CCE062B","UNKNOWN","UNKNOWN","UNKNOWN","PASSENGER CAR","MOVING CONSTANT SPEED","South","South","45","No","No","2014","ACURA","4D","UNKNOWN","39.02147629","-77.01204164","
,  
(39.02147629, -77.01204164)"
"MCP3022004N","220016462","Montgomery County Police","Property Damage Crash","2022-04-18T17:01:00.000",,,,,"28904 RIDGE RD",,"OTHER","SINGLE VEHICLE","RAINING",,"DAYLIGHT","OTHER","N/A","N/A","51CA1E0C-007B-4B72-8070-A38F7B8C2BB8","Yes","NO APPARENT INJURY","RAIN, SNOW, WET","LOOKED BUT DID NOT SEE","XX","23FAEC1A-4F82-4B7C-A108-465F9D5125F1","FUNCTIONAL","TWELVE OCLOCK","TWELVE OCLOCK","PASSENGER CAR","MOVING CONSTANT SPEED","South","South","40","No","No","2013","HONDA","CIVIC","NO MISUSE","39.32980833","-77.19104067","
,  
(39.32980833, -77.19104067)"
"MCP3245002V","220016461","Montgomery County Police","Property Damage Crash","2022-04-18T16:55:00.000","Interstate (State)","EISENHOWER MEMORIAL HWY","Unknown","EXIT #8",,"N/A",,"SAME DIR REAR END","RAINING","WET","DAYLIGHT","NO CONTROLS","NONE DETECTED",,"5292BC6C-7DB8-4F63-9920-6012D168A27B","Yes","NO APPARENT INJURY","RAIN, SNOW, WET","NOT DISTRACTED","VA","0CC49B85-68B0-4D95-9350-600E9AD69198","DISABLING","TWELVE OCLOCK","TWELVE OCLOCK","CARGO VAN/LIGHT TRUCK 2 AXLES (OVER 10,000LBS (4,536 KG))","MOVING CONSTANT SPEED","South","South","55","No","No","2015","DODGE","RAM PROMASTER CI","NO MISUSE","39.1144765","-77.1921","
,  
(39.1144765, -77.1921)"
"MCP3245002V","220016461","Montgomery County Police","Property Damage Crash","2022-04-18T16:55:00.000","Interstate (State)","EISENHOWER MEMORIAL HWY","Unknown","EXIT #8",,"N/A",,"SAME DIR REAR END","RAINING","WET","DAYLIGHT","NO CONTROLS","NONE DETECTED",,"12459715-08CF-4F76-AFAB-3120215BB57A","Yes","NO APPARENT INJURY","RAIN, SNOW, WET","LOOKED BUT DID NOT SEE","MD","D5E850B5-CE1D-41E8-9292-8FB74841D655","DISABLING","SIX OCLOCK","SIX OCLOCK","PASSENGER CAR","CHANGING LANES","South","South","55","No","No","2018","LEXS","4H","NO MISUSE","39.1144765","-77.1921","
,  
(39.1144765, -77.1921)"
"MCP2291005Y","220061460","Montgomery County Police","Property Damage Crash","2022-04-18T16:47:00.000","Maryland (State)","OLD GEORGETOWN RD","Government","CENTER DR",,"N/A",,"SAME DIR REAR END","RAINING","WET","DAYLIGHT","TRAFFIC SIGNAL","NONE DETECTED",,"5B98DD02-E317-4140-8FDC-3A743A0FA762","No","NO APPARENT INJURY","N/A","NOT DISTRACTED","MD","722E374B-CE1D-4F3F-825D-3A586B8BC031","SUPERFICIAL","SIX OCLOCK","SIX OCLOCK","PASSENGER CAR","STOPPED IN TRAFFIC LANE","North","North","35","No","No","2016","VOLKSWAGON","GTI","NO MISUSE","39.00276302","-77.11006567","
,  
(39.00276302, -77.11006567)"
"MCP2291005Y","220061460","Montgomery County Police","Property Damage Crash","2022-04-18T16:47:00.000","Maryland (State)","OLD GEORGETOWN RD","Government","CENTER DR",,"N/A",,"SAME DIR REAR END","RAINING","WET","DAYLIGHT","TRAFFIC SIGNAL","UNKNOWN",,"76C0A76E-DFF5-418A-9CFB-67A602379613","Yes","NO APPARENT INJURY","N/A","UNKNOWN",,"8D58F5B7-6A1C-4AD0-91EB-B16C61CEE574","UNKNOWN","TWELVE OCLOCK","TWELVE OCLOCK","PASSENGER CAR","UNKNOWN","North","North","35","No","No","2012","MAZDA","5","UNKNOWN","39.00276302","-77.11006567","
,  
(39.00276302, -77.11006567)"
"MCP29360058","220016457","Montgomery County Police","Property Damage Crash","2022-04-18T16:45:00.000","County","CRIPPLEGATE RD","Unknown","CUL DE SAC",,"N/A",,"OTHER","RAINING","WET","DAYLIGHT","NO CONTROLS","NONE DETECTED",,"CFB2D0BD-24E6-41D4-AFBD-56C6E8F36228","No","NO APPARENT INJURY","N/A","NOT DISTRACTED","MD","4AC0A6E6-A580-48E0-B016-B3359DA723F7","FUNCTIONAL","TWELVE OCLOCK","TWELVE OCLOCK","(SPORT) UTILITY VEHICLE","STOPPED IN TRAFFIC LANE","North","North","15","No","No","2021","LNDR","RANGE ROVER","NO MISUSE","39.00806616","-77.238489","
,  
(39.00806616, -77.238489)"
"MCP29360058","220016457","Montgomery County Police","Property Damage Crash","2022-04-18T16:45:00.000","County","CRIPPLEGATE RD","Unknown","CUL DE SAC",,"N/A",,"OTHER","RAINING","WET","DAYLIGHT","NO CONTROLS","NONE DETECTED",,"E91E3F26-A7BF-40F0-B2C5-1CAC51047F56","Yes","NO APPARENT INJURY","N/A","LOOKED BUT DID NOT SEE","MD","73B17EB3-71B7-4F08-8429-23E1EC3FFB9A","FUNCTIONAL","SIX OCLOCK","SIX OCLOCK","CARGO VAN/LIGHT TRUCK 2 AXLES (OVER 10,000LBS (4,536 KG))","BACKING","South","South","15","No","No","1991","GM","LLV","NO MISUSE","39.00806616","-77.238489","
,  
(39.00806616, -77.238489)"
"MCP2674002Y","220016463","Montgomery County Police","Property Damage Crash","2022-04-18T16:41:00.000","Maryland (State)","FREDERICK RD","County","MIDDLEBROOK RD",,"N/A",,"SAME DIR REAR END","RAINING","WET","DAYLIGHT","TRAFFIC SIGNAL","NONE DETECTED",,"68776DBB-779C-42C2-82C1-ED980384F12D","No","NO APPARENT INJURY","N/A, RAIN, SNOW","NOT DISTRACTED","MD","8FCDFA73-D537-402E-8A63-E5985DE5F2F0","FUNCTIONAL","SIX OCLOCK","SIX OCLOCK","PASSENGER CAR","SLOWING OR STOPPING","North","North","40","No","No","2022","TESLA","MODEL 3","NO MISUSE","39.18102537","-77.2382688","
,  
(39.18102537, -77.2382688)"
"MCP2674002Y","220016463","Montgomery County Police","Property Damage Crash","2022-04-18T16:41:00.000","Maryland (State)","FREDERICK RD","County","MIDDLEBROOK RD",,"N/A",,"SAME DIR REAR END","RAINING","WET","DAYLIGHT","TRAFFIC SIGNAL","UNKNOWN",,"B141B75E-D98A-431E-A8BD-54A53EABD29E","Yes","NO APPARENT INJURY","N/A, RAIN, SNOW","UNKNOWN",,"10F5CC92-2200-4557-B3BF-B9EBC3CBA4BE","FUNCTIONAL","TWELVE OCLOCK","TWELVE OCLOCK","PASSENGER CAR","SLOWING OR STOPPING","North","North","40","No","No","2007","NISSAN","ALTIMA","UNKNOWN","39.18102537","-77.2382688","
,  
(39.18102537, -77.2382688)"
"MCP3059007W","220016451","Montgomery County Police","Property Damage Crash","2022-04-18T16:27:00.000","County","LITTLE SENECA PKWY","Maryland (State)","FREDERICK RD",,"N/A",,"SINGLE VEHICLE","RAINING","WET","DAYLIGHT","TRAFFIC SIGNAL","NONE DETECTED",,"28C28C12-313A-40D1-B300-B48C13ED5E14","Yes","NO APPARENT INJURY","RAIN, SNOW, WET","UNKNOWN","MD","BEE288DB-A534-4FE5-9BD2-9012FDC19CAC","DISABLING","ONE OCLOCK","ONE OCLOCK","PASSENGER CAR","MAKING LEFT TURN","East","East","35","No","No","2022","NISSAN","SENTRA","NO MISUSE","39.223175","-77.26040833","
,  
(39.223175, -77.26040833)"
"MCP31930037","20016483","Montgomery County Police","Property Damage Crash","2022-04-18T16:00:00.000","County","SEMINARY RD","County","SELWAY LA",,"N/A","PEDESTRIAN","OTHER","RAINING","WET","DAYLIGHT","UNKNOWN","UNKNOWN","NONE DETECTED","3BB3EBEC-3425-467D-BF0C-822A5BCCF202","Yes","NO APPARENT INJURY","RAIN, SNOW, WET","UNKNOWN",,"13B8AF5D-6783-4D25-AD34-D152C3DA9B80","FUNCTIONAL","ONE OCLOCK","ONE OCLOCK",,"MAKING RIGHT TURN","South","East","15","No","No","0","UNKNOWN","UNKNOWN","UNKNOWN","39.00951005","-77.04136017","
,  
(39.00951005, -77.04136017)"