"report_number","local_case_number","agency_name","acrs_report_type","crash_date_time","route_type","road_name","cross_street_type","cross_street_name","off_road_description","municipality","related_non_motorist","collision_type","weather","surface_condition","light","traffic_control","driver_substance_abuse","non_motorist_substance_abuse","person_id","driver_at_fault","injury_severity","circumstance","driver_distracted_by","drivers_license_state","vehicle_id","vehicle_damage_extent","vehicle_first_impact_location","vehicle_second_impact_location","vehicle_body_type","vehicle_movement","vehicle_continuing_dir","vehicle_going_dir","speed_limit","driverless_vehicle","parked_vehicle","vehicle_year","vehicle_make","vehicle_model","equipment_problems","latitude","longitude","geolocation"
"DD5603009B","220016450","Rockville Police Departme","Property Damage Crash","2022-04-18T16:00:00.000","Maryland (State)","VEIRS MILL RD","Municipality","EDMONSTON DR",,"ROCKVILLE",,"STRAIGHT MOVEMENT ANGLE","RAINING","WET","DAYLIGHT","TRAFFIC SIGNAL","NONE DETECTED",,"A071DA8E-F5B9-4E8C-8132-C42500B113B2","Unknown","NO APPARENT INJURY","N/A","LOOKED BUT DID NOT SEE","MD","04CAD9C7-9CE9-415D-A284-4B7ED95D48F0","FUNCTIONAL","ONE OCLOCK","ONE OCLOCK","PASSENGER CAR","MOVING CONSTANT SPEED","East","East","40","No","No","2011","HYUN","4S","UNKNOWN","39.11727833","-77.18310667","
,  
(39.11727833, -77.18310667)"
"DD5603009B","220016450","Rockville Police Departme","Property Damage Crash","2022-04-18T16:00:00.000","Maryland (State)","VEIRS MILL RD","Municipality","EDMONSTON DR",,"ROCKVILLE",,"STRAIGHT MOVEMENT ANGLE","RAINING","WET","DAYLIGHT","TRAFFIC SIGNAL","NONE DETECTED",,"1207EB66-CFE0-4147-BDAC-FFE2C1CE4700","Unknown","NO APPARENT INJURY","N/A","LOOKED BUT DID NOT SEE","MD","00FB2C3E-3F25-479B-A3D3-644DE3A18A85","DISABLING","ELEVEN OCLOCK","ELEVEN OCLOCK","PASSENGER CAR","MAKING RIGHT TURN","East","North","25","No","No","2009","ACURA","4S","UNKNOWN","39.11727833","-77.18310667","
,  
(39.11727833, -77.18310667)"
"MCP3255003B","220016444","Montgomery County Police","Injury Crash","2022-04-18T15:45:00.000","County","CENTERWAY RD","County","GOSHEN RD",,"N/A",,"HEAD ON LEFT TURN","RAINING","WET","DAYLIGHT","TRAFFIC SIGNAL","N/A",,"4C3ADBA4-3E3A-4690-A6F6-7E60C3E0038D","Yes","NO APPARENT INJURY","RAIN, SNOW, WET","UNKNOWN","MD","07D02231-537D-4506-88C0-C0EDCD6E6414","DISABLING","TWELVE OCLOCK","TWELVE OCLOCK","PASSENGER CAR","MAKING LEFT TURN","West","North","35","No","No","2014","MERCEDES","4D","NO MISUSE","39.16955","-77.19072667","
,  
(39.16955, -77.19072667)"
"MCP3255003B","220016444","Montgomery County Police","Injury Crash","2022-04-18T15:45:00.000","County","CENTERWAY RD","County","GOSHEN RD",,"N/A",,"HEAD ON LEFT TURN","RAINING","WET","DAYLIGHT","TRAFFIC SIGNAL","N/A",,"F2A273C5-504D-43F6-9938-D12C33A15164","No","POSSIBLE INJURY","RAIN, SNOW, WET","NOT DISTRACTED","MD","3E46180D-96D2-4D0D-A1A5-D71C00FC7332","DISABLING","TWELVE OCLOCK","TWELVE OCLOCK","PASSENGER CAR","MOVING CONSTANT SPEED","North","West","35","No","No","2015","NISS","SENTRA","NO MISUSE","39.16955","-77.19072667","
,  
(39.16955, -77.19072667)"
"MCP3019004N","220016436","Montgomery County Police","Property Damage Crash","2022-04-18T15:40:00.000","Maryland (State)","ROCKVILLE PIKE","County","POOKS HILL RD",,"N/A",,"OTHER","RAINING","WET","DAYLIGHT","TRAFFIC SIGNAL","N/A",,"BD2A6763-808E-4496-9102-377BC2BC856B","Unknown","NO APPARENT INJURY","RAIN, SNOW, SLEET, HAIL, FREEZ. RAIN, WET","UNKNOWN","MD","C6367118-B851-4A8A-94FF-937A311DCC3E","FUNCTIONAL","ONE OCLOCK","ONE OCLOCK","PASSENGER CAR","MAKING LEFT TURN","North","East","35","No","No","2020","NISSAN","KICKS","NO MISUSE","39.01513","-77.09966333","
,  
(39.01513, -77.09966333)"
"MCP3019004N","220016436","Montgomery County Police","Property Damage Crash","2022-04-18T15:40:00.000","Maryland (State)","ROCKVILLE PIKE","County","POOKS HILL RD",,"N/A",,"OTHER","RAINING","WET","DAYLIGHT","TRAFFIC SIGNAL","N/A",,"92D0C736-2753-4811-8956-D7C1BF3720BF","Unknown","NO APPARENT INJURY","RAIN, SNOW, SLEET, HAIL, FREEZ. RAIN, WET","UNKNOWN","SC","1F5972E5-C9D9-4259-B1F8-9641AB53BF9D","FUNCTIONAL","ELEVEN OCLOCK","ELEVEN OCLOCK","(SPORT) UTILITY VEHICLE","MOVING CONSTANT SPEED","North","North","35","No","No","2018","LINCOLN","NAVIGATOR","NO MISUSE","39.01513","-77.09966333","
,  
(39.01513, -77.09966333)"
"MCP3249003B","220016435","Montgomery County Police","Property Damage Crash","2022-04-18T15:22:00.000",,,,,"PARKING LOT OF 3700 LAMBERTON SQUARE ROAD",,,"STRAIGHT MOVEMENT ANGLE","RAINING",,"DAYLIGHT","NO CONTROLS","NONE DETECTED",,"336E914E-F393-483C-886C-D3A103BE3FA3","Yes","NO APPARENT INJURY","N/A, WET","LOOKED BUT DID NOT SEE","MD","2BA7C192-232F-4AF5-9706-3EA12267A746","FUNCTIONAL","TWELVE OCLOCK","TWELVE OCLOCK","PASSENGER CAR","STARTING FROM PARKED","South","South","15","No","No","2013","BMW","SD","NO MISUSE","39.07782806","-76.93414463","
,  
(39.07782806, -76.93414463)"
"MCP3249003B","220016435","Montgomery County Police","Property Damage Crash","2022-04-18T15:22:00.000",,,,,"PARKING LOT OF 3700 LAMBERTON SQUARE ROAD",,,"STRAIGHT MOVEMENT ANGLE","RAINING",,"DAYLIGHT","NO CONTROLS","NONE DETECTED",,"21121F9E-6D0A-4AB0-B952-38C4BB63ACD9","No","NO APPARENT INJURY","N/A, WET","NOT DISTRACTED","MD","AB0EAED0-8B52-49C5-9C34-5E7F181EC325","SUPERFICIAL","ONE OCLOCK","ONE OCLOCK","PASSENGER CAR","MOVING CONSTANT SPEED","West","West","10","No","No","2018","TOYT","HB","NO MISUSE","39.07782806","-76.93414463","
,  
(39.07782806, -76.93414463)"
"MCP3129004C","220016429","Montgomery County Police","Property Damage Crash","2022-04-18T13:45:00.000","County","TECH RD","US (State)","COLUMBIA PIKE",,"N/A",,"SAME DIRECTION LEFT TURN","RAINING","WET","DAYLIGHT","TRAFFIC SIGNAL","UNKNOWN",,"B0DF4A5A-564D-43E2-B829-2C6460AA1410","Yes","NO APPARENT INJURY","RAIN, SNOW, WET","LOOKED BUT DID NOT SEE","MD","E0FDF067-68FB-463B-A5E1-67CD95E4B040","SUPERFICIAL","ONE OCLOCK","ONE OCLOCK","PASSENGER CAR","STARTING FROM LANE","East","East","30","No","No","2012","HYUNDAI","ACCENT","UNKNOWN","39.0578925","-76.96837438","
,  
(39.0578925, -76.96837438)"
"MCP3129004C","220016429","Montgomery County Police","Property Damage Crash","2022-04-18T13:45:00.000","County","TECH RD","US (State)","COLUMBIA PIKE",,"N/A",,"SAME DIRECTION LEFT TURN","RAINING","WET","DAYLIGHT","TRAFFIC SIGNAL","NONE DETECTED",,"316BBE90-B734-4D61-90B3-62A09009FE1E","No","NO APPARENT INJURY","RAIN, SNOW, WET","UNKNOWN","MD","7B5AE610-4977-4BFF-9623-FA16DEC94973","SUPERFICIAL","TEN OCLOCK","TEN OCLOCK","PASSENGER CAR","STARTING FROM LANE","South","West","30","No","No","2009","HONDA","FIT","UNKNOWN","39.0578925","-76.96837438","
,  
(39.0578925, -76.96837438)"
"MCP229800ZY","22001642","Montgomery County Police","Injury Crash","2022-04-18T13:23:00.000",,,,,"12610 HIGH MEDOW RD",,,"SINGLE VEHICLE","RAINING",,"DAYLIGHT","N/A","NONE DETECTED",,"7DC3391F-3ED8-4B47-A518-3FF45DE05F7A","Yes","SUSPECTED MINOR INJURY","RAIN, SNOW, WET","NOT DISTRACTED","MD","2340EF9C-F30A-4667-B633-890E23F317F7","DESTROYED","TWELVE OCLOCK","TWELVE OCLOCK","PASSENGER CAR","PARKING","Unknown","Unknown","0","No","No","2007","HONDA","CIVIC","NO MISUSE","39.090335","-77.26130333","
,  
(39.090335, -77.26130333)"
"MCP29410047","220016426","Montgomery County Police","Property Damage Crash","2022-04-18T13:11:00.000","County","MACDUFF AVE","County","HINES RD",,"N/A",,"N/A","RAINING","WET","DAYLIGHT","N/A","UNKNOWN",,"E225BE42-28A2-48B5-BDF9-D0DD6D4CF3D8","Yes","NO APPARENT INJURY","RAIN, SNOW, WET","UNKNOWN",,"3C3CAA29-4137-41A3-97D6-779ECEE97E05","DISABLING","TWELVE OCLOCK","TWELVE OCLOCK","PASSENGER CAR","UNKNOWN","North","North","25","No","No","2020","NISSAN","PATHFINDER","UNKNOWN","39.14362623","-77.08602329","
,  
(39.14362623, -77.08602329)"
"MCP3130004P","220016412","Montgomery County Police","Property Damage Crash","2022-04-18T12:34:00.000","County","WELLER RD","County","GREENLY ST",,"N/A",,"HEAD ON","RAINING","WET","DAYLIGHT","NO CONTROLS","NONE DETECTED",,"3C235598-71F4-4A6C-9CB4-7E1E436CBF18","Yes","NO APPARENT INJURY","N/A, WET","OTHER DISTRACTION","MD","B879D609-E4E7-4C9E-80B3-63603F083908","DISABLING","TWELVE OCLOCK","TWELVE OCLOCK","PASSENGER CAR","MOVING CONSTANT SPEED","West","West","25","No","No","2012","LEXS","UT","NO MISUSE","39.064","-77.07005833","
,  
(39.064, -77.07005833)"
"MCP3119003K","220016405","Montgomery County Police","Property Damage Crash","2022-04-18T12:20:00.000",,,,,"10079 STEDWICK RD",,,"SINGLE VEHICLE","RAINING",,"DAYLIGHT","NO CONTROLS","NONE DETECTED",,"960B4460-8205-4C3F-A0F8-90731E921828","Yes","NO APPARENT INJURY","N/A, WET","OTHER DISTRACTION","MD","AD5AA188-22E6-442C-AB33-EE513621888D","DISABLING","TWELVE OCLOCK","TWELVE OCLOCK","PASSENGER CAR","PARKING","North","North","0","No","No","2008","TOYT","SUV","NO MISUSE","39.170758","-77.20850383","
,  
(39.170758, -77.20850383)"
"MCP3322000M","220016399","Montgomery County Police","Property Damage Crash","2022-04-18T11:46:00.000","County","ASPEN HILL RD","County","PARKLAND DR",,"N/A",,"SAME DIRECTION LEFT TURN","RAINING","WET","DAYLIGHT","NO CONTROLS","N/A",,"91F09161-73E2-4FC8-BC3A-A4CF280114FB","Yes","NO APPARENT INJURY","N/A","LOOKED BUT DID NOT SEE","MD","F60FA3B1-14F0-45E3-BBE6-7F3B2442049B","FUNCTIONAL","ELEVEN OCLOCK","ELEVEN OCLOCK","PASSENGER CAR","STARTING FROM PARKED","North","North","35","No","No","2014","HONDA","ACCORD","NO MISUSE","39.07927333","-77.08616667","
,  
(39.07927333, -77.08616667)"
"MCP3322000M","220016399","Montgomery County Police","Property Damage Crash","2022-04-18T11:46:00.000","County","ASPEN HILL RD","County","PARKLAND DR",,"N/A",,"SAME DIRECTION LEFT TURN","RAINING","WET","DAYLIGHT","NO CONTROLS","N/A",,"BBAB4738-AE19-432D-A15B-833F02756D35","No","NO APPARENT INJURY","N/A","NOT DISTRACTED","MD","BAFB9B0C-45DD-4E44-A092-DC1FDE833A75","FUNCTIONAL","ONE OCLOCK","ONE OCLOCK","PASSENGER CAR","MOVING CONSTANT SPEED","North","North","35","No","No","1999","TOYOTA","4RUNNER","NO MISUSE","39.07927333","-77.08616667","
,  
(39.07927333, -77.08616667)"
"MCP32550039","220016379","Montgomery County Police","Property Damage Crash","2022-04-18T10:15:00.000",,,,,"PARKING GARAGE IAO 25 GRAND CORNER AVE GROUND FLOOR",,,"SINGLE VEHICLE","CLEAR",,"DAYLIGHT","NO CONTROLS","N/A",,"DD48AE40-6F3E-4BFB-9D0B-E1B5A1CAE714","Yes","NO APPARENT INJURY","N/A","UNKNOWN","MD","1A7B01CD-75FA-4376-A0DF-1ED9ABA46C7E","SUPERFICIAL","ROOF TOP","ROOF TOP","VAN","MOVING CONSTANT SPEED","Unknown","Unknown","15","No","No","2018","FORD","VAN","NO MISUSE","39.11858667","-77.20167667","
,  
(39.11858667, -77.20167667)"
"MCP31360057","220016372","Montgomery County Police","Property Damage Crash","2022-04-18T08:43:00.000","Maryland (State)","UNIVERSITY BLVD E","County","E FRANKLIN AVE",,"N/A",,"SAME DIR REAR END","CLOUDY","DRY","DAYLIGHT","TRAFFIC SIGNAL","N/A",,"375B6DBB-5C45-4EF9-8EE3-812E2B22B7C4","Yes","NO APPARENT INJURY","N/A","UNKNOWN",,"C9F9F9B5-9177-4FDB-A709-4185F1541A9E","UNKNOWN","TWELVE OCLOCK","TWELVE OCLOCK","PASSENGER CAR","MOVING CONSTANT SPEED","East","East","30","No","No","2019","HYUNDAI","ELANTRA","N/A","39.01215753","-77.00266355","
,  
(39.01215753, -77.00266355)"
"MCP31360057","220016372","Montgomery County Police","Property Damage Crash","2022-04-18T08:43:00.000","Maryland (State)","UNIVERSITY BLVD E","County","E FRANKLIN AVE",,"N/A",,"SAME DIR REAR END","CLOUDY","DRY","DAYLIGHT","TRAFFIC SIGNAL","NONE DETECTED",,"D567F0A8-2505-4583-BD4C-A609FD33D88A","No","NO APPARENT INJURY","N/A","NOT DISTRACTED","MD","DA8090C0-ED13-43DA-9A5B-6B014AC18CA4","SUPERFICIAL","SIX OCLOCK","SIX OCLOCK","VAN","STOPPED IN TRAFFIC LANE","East","East","30","No","No","2007","HONDA","ODYSSEY","NO MISUSE","39.01215753","-77.00266355","
,  
(39.01215753, -77.00266355)"
"MCP9379003W","220016366","Montgomery County Police","Property Damage Crash","2022-04-18T08:20:00.000","County","SHADY GROVE RD","Maryland (State)","FREDERICK RD",,"N/A",,"HEAD ON","CLOUDY","DRY","DAYLIGHT","TRAFFIC SIGNAL","N/A",,"3EB71942-76CC-4791-9BBA-A9A1E26225E7","No","NO APPARENT INJURY","N/A","NOT DISTRACTED","MD","8C263351-A096-44D2-8350-409254D0EB6E","FUNCTIONAL","TWELVE OCLOCK","TWELVE OCLOCK","PASSENGER CAR","STOPPED IN TRAFFIC LANE","West","West","40","No","No","2018","HOND","SD","NO MISUSE","39.12302667","-77.17721833","
,  
(39.12302667, -77.17721833)"
"MCP9379003W","220016366","Montgomery County Police","Property Damage Crash","2022-04-18T08:20:00.000","County","SHADY GROVE RD","Maryland (State)","FREDERICK RD",,"N/A",,"HEAD ON","CLOUDY","DRY","DAYLIGHT","TRAFFIC SIGNAL","N/A",,"CC0B72AB-9732-41EC-91DC-895F640881D9","No","NO APPARENT INJURY","N/A","NOT DISTRACTED","MD","83880C47-47CC-45A5-AAD2-C6A67E8A3BF9","FUNCTIONAL","FOUR OCLOCK","FOUR OCLOCK","PASSENGER CAR","STOPPED IN TRAFFIC LANE","West","West","40","No","No","2014","HOND","4S","NO MISUSE","39.12302667","-77.17721833","
,  
(39.12302667, -77.17721833)"
"MCP2991006G","220016369","Montgomery County Police","Property Damage Crash","2022-04-18T08:00:00.000","Maryland (State)","GEORGIA AVE","County","MT CARMEL CEMETERY RD",,"N/A",,"SINGLE VEHICLE","CLEAR","N/A","DAYLIGHT","NO CONTROLS","NONE DETECTED",,"EA9F4E2A-B917-4BE6-8BCD-0C6E5D793A9A","Unknown","NO APPARENT INJURY","N/A","NOT DISTRACTED","WV","82CA4E3C-0E44-4BD1-99BB-AE9A6055CCB6","DISABLING","UNDERSIDE","ROOF TOP","OTHER","MAKING RIGHT TURN","South","South","20","No","No","2016","FONTAINE","SE","NO MISUSE","39.22802833","-77.05794833","
,  
(39.22802833, -77.05794833)"
"DM8494001Y","220016362","Takoma Park Police Depart","Property Damage Crash","2022-04-18T07:09:00.000","Maryland (State)","NEW HAMPSHIRE AVE","Maryland (State)","ETHAN ALLEN AVE",,"N/A",,"SAME DIRECTION RIGHT TURN","CLEAR","DRY","DAYLIGHT","NO CONTROLS","NONE DETECTED",,"7E9F94F4-E2D1-4CF2-BA90-17E28E67CFD3","Yes","NO APPARENT INJURY","N/A","UNKNOWN","MD","A61C9BCF-3F57-417B-B8A9-66646F795CDC","SUPERFICIAL","FIVE OCLOCK","FIVE OCLOCK","PASSENGER CAR","ACCELERATING","West","West","25","No","No","2019","HONDA","HB","N/A","38.9756005","-76.995447","
,  
(38.9756005, -76.995447)"
"DM8494001Y","220016362","Takoma Park Police Depart","Property Damage Crash","2022-04-18T07:09:00.000","Maryland (State)","NEW HAMPSHIRE AVE","Maryland (State)","ETHAN ALLEN AVE",,"N/A",,"SAME DIRECTION RIGHT TURN","CLEAR","DRY","DAYLIGHT","NO CONTROLS","NONE DETECTED",,"BE7EF403-87E9-4DFB-A5EF-78C01B531AEE","No","NO APPARENT INJURY","N/A","NOT DISTRACTED","MD","809CF3FA-E6CF-4458-89B8-0748E150C3E3","SUPERFICIAL","ELEVEN OCLOCK","ELEVEN OCLOCK","SCHOOL BUS","MOVING CONSTANT SPEED","West","West","25","No","No","1997","INTE","UNKNOWN","N/A","38.9756005","-76.995447","
,  
(38.9756005, -76.995447)"
"MCP3261000X","220016355","Montgomery County Police","Property Damage Crash","2022-04-18T03:00:00.000","County","EPSILON DR","County","SHADY GROVE RD",,"N/A",,"SAME DIR REAR END","CLEAR","DRY","DARK LIGHTS ON","N/A","ALCOHOL PRESENT",,"D572CEA6-8D6C-4064-A05A-0599BBDE5DB2","Yes","NO APPARENT INJURY","N/A","UNKNOWN","MD","5B1C53DB-19A0-400D-951C-F71622843426","DISABLING","TWELVE OCLOCK","TWELVE OCLOCK","(SPORT) UTILITY VEHICLE","MOVING CONSTANT SPEED","North","North","25","No","No","2020","CHEVY","TRAVERSE","NO MISUSE","39.139365","-77.15691167","
,  
(39.139365, -77.15691167)"
"MCP2082002L","220016339","Montgomery County Police","Property Damage Crash","2022-04-17T22:52:00.000","Maryland (State)","UNIVERSITY BLVD W","Maryland (State)","VEIRS MILL RD",,"N/A",,"OTHER","CLEAR","DRY","DARK LIGHTS ON","NO CONTROLS","ALCOHOL CONTRIBUTED",,"1D7538EF-3F20-4898-89CA-777E16893287","Yes","NO APPARENT INJURY","N/A","NOT DISTRACTED","MD","4AD2AAEE-9C45-4F7E-A08E-B87B6C26742A","DISABLING","TWELVE OCLOCK","TWELVE OCLOCK","PASSENGER CAR","MOVING CONSTANT SPEED","West","West","35","No","No","2008","NISSAN","ROGUE","NO MISUSE","39.04020752","-77.05524123","
,  
(39.04020752, -77.05524123)"
"DD5527003Y","220016322","Rockville Police Departme","Property Damage Crash","2022-04-17T20:15:00.000","Municipality","TWINBROOK PKWY","Maryland (State)","ROCKVILLE PIKE",,"N/A",,"SINGLE VEHICLE","CLEAR","DRY","DARK LIGHTS ON","TRAFFIC SIGNAL","NONE DETECTED",,"5420F993-8F60-4945-9370-182AABD6A8B5","Yes","NO APPARENT INJURY","N/A","NOT DISTRACTED","MD","CCAFAD9F-E6DC-4A78-848D-84E46A094704","DISABLING","TWELVE OCLOCK","TWELVE OCLOCK","PASSENGER CAR","MOVING CONSTANT SPEED","North","North","30","No","No","2005","HONDA","4DR","NO MISUSE","39.05885776","-77.12083203","
,  
(39.05885776, -77.12083203)"
"MCP32000059","220016310","Montgomery County Police","Injury Crash","2022-04-17T18:44:00.000","County","CORDELL AVE","County","NORFOLK AVE",,"N/A",,"OTHER","CLEAR","DRY","DAYLIGHT","NO CONTROLS","NONE DETECTED",,"31C7D3DD-4A5D-4FCB-AE81-59F187C0A30E","Yes","NO APPARENT INJURY","N/A","UNKNOWN","NJ","90493797-44F6-43DF-BB43-F1C45BD365E9","SUPERFICIAL","SIX OCLOCK","SIX OCLOCK","PASSENGER CAR","BACKING","East","East","25","No","No","2021","TOYOTA","COROLLA","NO MISUSE","38.9896605","-77.09788117","
,  
(38.9896605, -77.09788117)"
"MCP32000059","220016310","Montgomery County Police","Injury Crash","2022-04-17T18:44:00.000","County","CORDELL AVE","County","NORFOLK AVE",,"N/A",,"OTHER","CLEAR","DRY","DAYLIGHT","NO CONTROLS","NONE DETECTED",,"9773100C-9D0E-4A4C-8C28-E597873B34A4","No","POSSIBLE INJURY","N/A","NOT DISTRACTED","MD","5EA37A5C-AB51-4B1C-98D4-C102C4C23D30","SUPERFICIAL","TWELVE OCLOCK","TWELVE OCLOCK","PASSENGER CAR","PARKED",,,"25","No","Yes","2022","TOYOTA","COROLLA","NO MISUSE","38.9896605","-77.09788117","
,  
(38.9896605, -77.09788117)"
"DD56420030","220016304","Rockville Police Departme","Property Damage Crash","2022-04-17T17:35:00.000","Municipality","PARK RD","Municipality","S STONESTREET AVE",,"ROCKVILLE",,"OTHER","CLEAR","DRY","DAYLIGHT","TRAFFIC SIGNAL","N/A",,"39D577F3-5D8A-40D6-B6CD-9B7791590131","Yes","NO APPARENT INJURY","N/A","UNKNOWN",,"905DB384-BDA0-4942-BBC4-9CFF6A3C15E1","SUPERFICIAL","ONE OCLOCK","ONE OCLOCK","UNKNOWN","MOVING CONSTANT SPEED","West","North","25","No","No","0","UNKNOWN","UNKNOWN","UNKNOWN","39.08593265","-77.14545124","
,  
(39.08593265, -77.14545124)"
"DD56420030","220016304","Rockville Police Departme","Property Damage Crash","2022-04-17T17:35:00.000","Municipality","PARK RD","Municipality","S STONESTREET AVE",,"ROCKVILLE",,"OTHER","CLEAR","DRY","DAYLIGHT","TRAFFIC SIGNAL","NONE DETECTED",,"0B94B9B8-583E-44BB-B295-9267BA114152","No","NO APPARENT INJURY","N/A","NOT DISTRACTED","MD","3E15A618-77BB-440C-936E-1C54E87E7B57","SUPERFICIAL","SEVEN OCLOCK","SEVEN OCLOCK","TRANSIT BUS","MOVING CONSTANT SPEED","West","West","25","No","No","2018","GILG","BUS 4116C","NO MISUSE","39.08593265","-77.14545124","
,  
(39.08593265, -77.14545124)"
"DM8386001Q","220016283","Takoma Park Police Depart","Property Damage Crash","2022-04-17T14:26:00.000","Maryland (State)","CARROLL AVE","Municipality","WILLOW AVE",,"TAKOMA PARK",,"SINGLE VEHICLE","CLEAR","DRY","DAYLIGHT","N/A","N/A",,"EE659AF8-1855-4AF1-91BA-4442E8333D1F","Yes","NO APPARENT INJURY","N/A","UNKNOWN",,"8ED405CD-F884-4C0B-8778-867E94CC7357","UNKNOWN","SIX OCLOCK","SIX OCLOCK",,"BACKING","Unknown","Unknown","25","No","No","0","UNKNOWN","UNKNOWN","UNKNOWN","38.97467799","-77.01283238","
,  
(38.97467799, -77.01283238)"
"MCP31110059","220016267","Montgomery County Police","Property Damage Crash","2022-04-17T11:01:00.000","Maryland (State)","OLD GEORGETOWN RD","County","RYLAND DR",,"N/A",,"SAME DIR REAR END","CLEAR","DRY","DAYLIGHT","TRAFFIC SIGNAL","NONE DETECTED",,"F81FCDF2-ADC0-492D-A489-18A413B8FD56","No","NO APPARENT INJURY","N/A","NOT DISTRACTED","MD","E1D8803F-5326-4CEF-AF15-F93F5D295C8C","FUNCTIONAL","SIX OCLOCK","SIX OCLOCK","PASSENGER CAR","STOPPED IN TRAFFIC LANE","South","South","35","No","No","2021","HONDA","CIVIC","NO MISUSE","39.01307659","-77.11740306","
,  
(39.01307659, -77.11740306)"
"MCP31110059","220016267","Montgomery County Police","Property Damage Crash","2022-04-17T11:01:00.000","Maryland (State)","OLD GEORGETOWN RD","County","RYLAND DR",,"N/A",,"SAME DIR REAR END","CLEAR","DRY","DAYLIGHT","TRAFFIC SIGNAL","N/A",,"E2E0D6EF-1910-4D69-8C9B-E5505838BD3C","Yes","NO APPARENT INJURY","N/A","UNKNOWN","MD","54AF0B6C-6DAD-4FE8-A5FF-04D51DA1219F","FUNCTIONAL","TWELVE OCLOCK","TWELVE OCLOCK","PASSENGER CAR","SLOWING OR STOPPING","South","South","35","No","No","2019","HYUNDAI","ELANTRA","UNKNOWN","39.01307659","-77.11740306","
,  
(39.01307659, -77.11740306)"
"MCP32720018","220016264","Montgomery County Police","Injury Crash","2022-04-17T10:45:00.000","Maryland (State)","NEW HAMPSHIRE AVE","County","ADELPHI RD",,"N/A",,"SAME DIR REAR END","CLEAR","DRY","DAYLIGHT","NO CONTROLS","NONE DETECTED",,"255011A7-3567-46D1-BB27-1B88DF7E647E","No","NO APPARENT INJURY","N/A","NOT DISTRACTED","MD","63BC487A-13A2-4435-84AD-91C42767CBA4","SUPERFICIAL","SIX OCLOCK","SIX OCLOCK","PASSENGER CAR","SLOWING OR STOPPING","North","North","35","No","No","2020","TOYOTA","CAMRY","NO MISUSE","39.0133735","-76.97821183","
,  
(39.0133735, -76.97821183)"
"MCP32720018","220016264","Montgomery County Police","Injury Crash","2022-04-17T10:45:00.000","Maryland (State)","NEW HAMPSHIRE AVE","County","ADELPHI RD",,"N/A",,"SAME DIR REAR END","CLEAR","DRY","DAYLIGHT","NO CONTROLS","NONE DETECTED",,"EDF645A7-DD56-49E8-A0B8-C5A4C0FCC6F2","Yes","NO APPARENT INJURY","N/A","NOT DISTRACTED","PA","ADB9C36D-3643-46BC-A80E-615622E4A1D5","FUNCTIONAL","TWELVE OCLOCK","TWELVE OCLOCK","PASSENGER CAR","SLOWING OR STOPPING","North","North","35","No","No","2017","VOLKSWAGEN","JETTA","NO MISUSE","39.0133735","-76.97821183","
,  
(39.0133735, -76.97821183)"
"MCP3244001S","220016256","Montgomery County Police","Property Damage Crash","2022-04-17T08:46:00.000","County","WATSON RD","County","DALE DR",,"N/A",,"SAME DIR REAR END","CLEAR","DRY","DAYLIGHT","NO CONTROLS","NONE DETECTED",,"0B2CC0A4-C421-45D7-9277-4F0A61C0AB2B","Yes","NO APPARENT INJURY","N/A","NOT DISTRACTED","MD","8F451702-E38D-4C74-9B99-FB94BDD4F38F","FUNCTIONAL","TWELVE OCLOCK","TWELVE OCLOCK","PICKUP TRUCK","NEGOTIATING A CURVE","South","East","25","No","No","2021","TOYOTA","TACOMA","NO MISUSE","39.00667593","-77.02467029","
,  
(39.00667593, -77.02467029)"
"MCP2726006H","220016252","Montgomery County Police","Injury Crash","2022-04-17T08:17:00.000","Maryland (State)","FREDERICK RD","Municipality","REDLAND BLVD",,"ROCKVILLE",,"STRAIGHT MOVEMENT ANGLE","CLEAR","DRY","DAYLIGHT","TRAFFIC SIGNAL","NONE DETECTED",,"7096824E-0776-49A0-899B-BA41B12B1BD3","No","SUSPECTED MINOR INJURY","N/A","NOT DISTRACTED","MD","EC8F4E88-88FD-4B2F-A862-74070CD6D2C2","DISABLING","TEN OCLOCK","TEN OCLOCK","PASSENGER CAR","STARTING FROM LANE","East","East","30","No","No","2016","AUDI","A3","NO MISUSE","39.11553752","-77.16610131","
,  
(39.11553752, -77.16610131)"
"MCP2726006H","220016252","Montgomery County Police","Injury Crash","2022-04-17T08:17:00.000","Maryland (State)","FREDERICK RD","Municipality","REDLAND BLVD",,"ROCKVILLE",,"STRAIGHT MOVEMENT ANGLE","CLEAR","DRY","DAYLIGHT","TRAFFIC SIGNAL","NONE DETECTED",,"DC047C9C-C5E0-4AD9-B8D2-2EAE538592A1","Yes","NO APPARENT INJURY","N/A","OTHER DISTRACTION","MD","F77BE236-4D74-425C-8769-575106E628FC","DISABLING","TWELVE OCLOCK","TWELVE OCLOCK","PASSENGER CAR","MOVING CONSTANT SPEED","South","South","40","No","No","2012","FORD","F150","NO MISUSE","39.11553752","-77.16610131","
,  
(39.11553752, -77.16610131)"