"report_number","local_case_number","agency_name","acrs_report_type","crash_date_time","route_type","road_name","cross_street_type","cross_street_name","off_road_description","municipality","related_non_motorist","collision_type","weather","surface_condition","light","traffic_control","driver_substance_abuse","non_motorist_substance_abuse","person_id","driver_at_fault","injury_severity","circumstance","driver_distracted_by","drivers_license_state","vehicle_id","vehicle_damage_extent","vehicle_first_impact_location","vehicle_second_impact_location","vehicle_body_type","vehicle_movement","vehicle_continuing_dir","vehicle_going_dir","speed_limit","driverless_vehicle","parked_vehicle","vehicle_year","vehicle_make","vehicle_model","equipment_problems","latitude","longitude","geolocation"
"MCP3090005X","220016006","Montgomery County Police","Property Damage Crash","2022-04-15T14:50:00.000","Maryland (State)","GREAT SENECA HWY","County","MUDDY BRANCH RD",,"N/A",,"SAME DIR REAR END","CLEAR","DRY","DAYLIGHT","TRAFFIC SIGNAL","N/A",,"8FF61025-5F1D-4A2C-9D21-AAB7CD9CC67A","No","NO APPARENT INJURY","N/A","NOT DISTRACTED","VA","0823209D-835D-4B06-A150-591540082B45","FUNCTIONAL","SIX OCLOCK","SIX OCLOCK","(SPORT) UTILITY VEHICLE","STOPPED IN TRAFFIC LANE","South","South","50","No","No","2014","HONDA","PIOLT","NO MISUSE","39.111064","-77.21924833","
,  
(39.111064, -77.21924833)"
"MCP2763003Z","220015996","Montgomery County Police","Injury Crash","2022-04-15T13:53:00.000","Maryland (State)","MONTGOMERY VILLAGE AVE","Municipality","RUSSELL AVE",,"GAITHERSBURG",,"SAME DIR REAR END","CLEAR","DRY","DAYLIGHT","TRAFFIC SIGNAL","NONE DETECTED",,"1BE6FF28-FFBA-4DA4-89E5-FD511F03C71D","No","POSSIBLE INJURY","N/A","NOT DISTRACTED","MD","21D4734E-2C94-47D8-BD2E-03546F6B45B1","SUPERFICIAL","SIX OCLOCK","SIX OCLOCK","PASSENGER CAR","SLOWING OR STOPPING","North","North","35","No","No","2016","HYUNDAI","ELANTRA","NO MISUSE","39.15458","-77.20876833","
,  
(39.15458, -77.20876833)"
"MCP2763003Z","220015996","Montgomery County Police","Injury Crash","2022-04-15T13:53:00.000","Maryland (State)","MONTGOMERY VILLAGE AVE","Municipality","RUSSELL AVE",,"GAITHERSBURG",,"SAME DIR REAR END","CLEAR","DRY","DAYLIGHT","TRAFFIC SIGNAL","NONE DETECTED",,"00F86506-6688-4C7F-A2AB-62DB448476EF","Yes","NO APPARENT INJURY","N/A","NOT DISTRACTED","ND","486BA07C-9367-4BFE-B33B-010285456CDC","NO DAMAGE","TWELVE OCLOCK","TWELVE OCLOCK","PASSENGER CAR","SLOWING OR STOPPING","North","North","35","No","No","2017","MERZ","GLC300","NO MISUSE","39.15458","-77.20876833","
,  
(39.15458, -77.20876833)"
"MCP2966005S","220015994","Montgomery County Police","Property Damage Crash","2022-04-15T13:50:00.000","County","CRYSTAL ROCK DR","Maryland (State)","GERMANTOWN RD",,"N/A",,"ANGLE MEETS LEFT TURN","N/A","N/A","DAYLIGHT","STOP SIGN","N/A",,"6458FEDE-C270-4D78-BFF9-71B2C64626AF","Yes","NO APPARENT INJURY","N/A","LOOKED BUT DID NOT SEE","MD","782B2E2D-1F03-49C6-AC99-289B214E8BA9","FUNCTIONAL","TEN OCLOCK","TEN OCLOCK","PASSENGER CAR","ACCELERATING","South","South","25","No","No","2012","HONDA","CIVIC","N/A","39.17913717","-77.26160383","
,  
(39.17913717, -77.26160383)"
"MCP2966005S","220015994","Montgomery County Police","Property Damage Crash","2022-04-15T13:50:00.000","County","CRYSTAL ROCK DR","Maryland (State)","GERMANTOWN RD",,"N/A",,"ANGLE MEETS LEFT TURN","N/A","N/A","DAYLIGHT","STOP SIGN","N/A",,"BEC1EDDB-D3C9-4CB3-9480-4BA0EBB6A94D","No","NO APPARENT INJURY","N/A","NOT DISTRACTED","MD","E029A6AD-D5B5-4684-AA41-73C98F83C2CB","DISABLING","TEN OCLOCK","TEN OCLOCK","PASSENGER CAR","ACCELERATING","North","North","25","No","No","2021","TOYOTA","CAMRY","N/A","39.17913717","-77.26160383","
,  
(39.17913717, -77.26160383)"
"MCP3161003S","220016062","Montgomery County Police","Property Damage Crash","2022-04-15T13:30:00.000",,,,,"PARKING LOT AT 10414 DETRICK AVE",,,"SAME DIR REAR END","CLEAR",,"DAYLIGHT","NO CONTROLS","UNKNOWN",,"DE404683-6E71-47CA-8BEA-B39960AD5F61","Yes","NO APPARENT INJURY","N/A","UNKNOWN","MD","6B678A93-9291-4FA5-87DE-7B2B941F31A5","FUNCTIONAL","TWELVE OCLOCK","TWELVE OCLOCK","PASSENGER CAR","PARKING","South","East","15","No","No","2012","CHEVROLET","SONIC","NO MISUSE","39.02764872","-77.0778872","
,  
(39.02764872, -77.0778872)"
"MCP2934004H","220016021","Montgomery County Police","Property Damage Crash","2022-04-15T13:30:00.000","County","NICHOLSON LA","County","WOODGLEN DR",,"N/A",,"SAME DIRECTION SIDESWIPE","CLEAR","DRY","DAYLIGHT","TRAFFIC SIGNAL","UNKNOWN",,"678D7076-A6C4-455E-917D-FD3B8E7727DA","Yes","NO APPARENT INJURY","N/A","UNKNOWN",,"81317AAB-8985-4990-90F2-6A18E242275C","UNKNOWN","UNKNOWN","UNKNOWN","(SPORT) UTILITY VEHICLE","CHANGING LANES","West","West","35","No","No","2013","FORD","ESCAPE","UNKNOWN","39.04465047","-77.11324892","
,  
(39.04465047, -77.11324892)"
"MCP2934004H","220016021","Montgomery County Police","Property Damage Crash","2022-04-15T13:30:00.000","County","NICHOLSON LA","County","WOODGLEN DR",,"N/A",,"SAME DIRECTION SIDESWIPE","CLEAR","DRY","DAYLIGHT","TRAFFIC SIGNAL","NONE DETECTED",,"F6F24893-0923-4536-99E6-61A7187440A3","No","NO APPARENT INJURY","N/A","NOT DISTRACTED","MD","B5C4017A-C920-4C98-8A3D-2AC5A30659D5","FUNCTIONAL","ELEVEN OCLOCK","ELEVEN OCLOCK","PASSENGER CAR","MOVING CONSTANT SPEED","West","West","35","No","No","2010","TOYOTA","COROLLA","NO MISUSE","39.04465047","-77.11324892","
,  
(39.04465047, -77.11324892)"
"MCP3328000M","220015995","Montgomery County Police","Property Damage Crash","2022-04-15T13:15:00.000","Maryland (State)","GEORGIA AVE","Maryland (State)","CONNECTICUT AVE",,"N/A",,"SAME DIR REAR END","CLEAR","UNKNOWN","DAYLIGHT","TRAFFIC SIGNAL","NONE DETECTED",,"75051335-22F9-41C2-BA52-640F3D6E38FE","No","NO APPARENT INJURY","N/A","NOT DISTRACTED","MD","2805DA63-6DFA-4A52-909A-278F2CD7625D","FUNCTIONAL","SIX OCLOCK","SIX OCLOCK","PASSENGER CAR","STARTING FROM LANE","North","North","35","No","No","2011","FORD","TAURUS","UNKNOWN","39.08370719","-77.07759577","
,  
(39.08370719, -77.07759577)"
"MCP3328000M","220015995","Montgomery County Police","Property Damage Crash","2022-04-15T13:15:00.000","Maryland (State)","GEORGIA AVE","Maryland (State)","CONNECTICUT AVE",,"N/A",,"SAME DIR REAR END","CLEAR","UNKNOWN","DAYLIGHT","TRAFFIC SIGNAL","UNKNOWN",,"8F9580FE-EA17-45AE-A939-06F680586E03","Yes","NO APPARENT INJURY","N/A","UNKNOWN",,"6437F4FB-2130-43E4-8A1A-46CE3DFB3EAE","UNKNOWN","TWELVE OCLOCK","TWELVE OCLOCK","PASSENGER CAR","STARTING FROM LANE","North","North","35","No","No","2004","LINCOLN","LS","UNKNOWN","39.08370719","-77.07759577","
,  
(39.08370719, -77.07759577)"
"MCP3149003B","220015985","Montgomery County Police","Property Damage Crash","2022-04-15T12:41:00.000","Maryland (State)","NEW HAMPSHIRE AVE","County","OVERLOOK DR",,"N/A",,"OTHER","CLEAR","DRY","DAYLIGHT","N/A","UNKNOWN",,"EDA76C11-7E5C-4360-B111-D362992B6E76","Yes","NO APPARENT INJURY","N/A","UNKNOWN",,"8C4E6FF0-2793-49C5-A0C9-1E5D8B2A44B5","DESTROYED","TWELVE OCLOCK","TWELVE OCLOCK","PASSENGER CAR","MOVING CONSTANT SPEED","South","South","35","No","No","2003","NISSAN","ALTIMA","UNKNOWN","39.02676167","-76.98195","
,  
(39.02676167, -76.98195)"
"MCP1220008L","220015998","Montgomery County Police","Injury Crash","2022-04-15T12:35:00.000","Maryland (State)","NORBECK RD","Maryland (State)","MUNCASTER MILL RD",,"N/A",,"SAME DIR REAR END","CLEAR","DRY","DAYLIGHT","NO CONTROLS","NONE DETECTED",,"37184C62-7FEF-47B5-BE27-6E381C47C56F","No","POSSIBLE INJURY","N/A","NOT DISTRACTED","VA","263E0949-502F-4F87-B9D5-11E645877570","SUPERFICIAL","SIX OCLOCK","SIX OCLOCK","(SPORT) UTILITY VEHICLE","STOPPED IN TRAFFIC LANE","East","East","35","No","No","2018","KIA","SOUL","NO MISUSE","39.10815483","-77.0814505","
,  
(39.10815483, -77.0814505)"
"MCP1220008L","220015998","Montgomery County Police","Injury Crash","2022-04-15T12:35:00.000","Maryland (State)","NORBECK RD","Maryland (State)","MUNCASTER MILL RD",,"N/A",,"SAME DIR REAR END","CLEAR","DRY","DAYLIGHT","NO CONTROLS","NONE DETECTED",,"C53AA013-A5FF-4D65-A063-0306B148384A","Yes","NO APPARENT INJURY","N/A","UNKNOWN","MD","C0317D7E-4232-4926-9D79-9EE23B37DBDA","SUPERFICIAL","TWELVE OCLOCK","TWELVE OCLOCK","VAN","SLOWING OR STOPPING","East","East","35","No","No","2021","FORD","TRANSIT","NO MISUSE","39.10815483","-77.0814505","
,  
(39.10815483, -77.0814505)"
"MCP3009004J","220015982","Montgomery County Police","Property Damage Crash","2022-04-15T12:30:00.000","Maryland (State)","GERMANTOWN RD","Other Public Roadway","OBSERVATION DR",,"N/A",,"SAME DIR REAR END","CLEAR","DRY","DAYLIGHT","NO CONTROLS","N/A",,"3D28AFA1-3BDE-49F1-8204-0B30CD7B2096","Yes","NO APPARENT INJURY","N/A","NOT DISTRACTED","MD","32217BBD-6CD3-4BF3-BC60-7A126671BFFC","DISABLING","TWELVE OCLOCK","TWELVE OCLOCK","PASSENGER CAR","SLOWING OR STOPPING","North","North","40","No","No","2014","HONDA","SD","NO MISUSE","39.19083373","-77.24726653","
,  
(39.19083373, -77.24726653)"
"MCP3009004J","220015982","Montgomery County Police","Property Damage Crash","2022-04-15T12:30:00.000","Maryland (State)","GERMANTOWN RD","Other Public Roadway","OBSERVATION DR",,"N/A",,"SAME DIR REAR END","CLEAR","DRY","DAYLIGHT","NO CONTROLS","N/A",,"13A4A5B8-844C-42AD-B227-03D1AF4A2664","No","NO APPARENT INJURY","N/A","NOT DISTRACTED","MD","ACC8309D-788E-44A9-9210-B7122D2560F2","FUNCTIONAL","SIX OCLOCK","SIX OCLOCK","(SPORT) UTILITY VEHICLE","SLOWING OR STOPPING","North","North","40","No","No","2017","TOYOTA","TK","NO MISUSE","39.19083373","-77.24726653","
,  
(39.19083373, -77.24726653)"
"MCP3113003Y","220015979","Montgomery County Police","Property Damage Crash","2022-04-15T12:20:00.000","County","BROADBIRCH DR","County","CHERRY HILL RD",,"N/A",,"SAME DIR REAR END","CLEAR","DRY","DAYLIGHT","TRAFFIC SIGNAL","N/A",,"573558CB-20F2-4CC3-A46F-B71D6B8BF3A6","Yes","NO APPARENT INJURY","N/A","UNKNOWN",,"0CD977D3-797D-48BC-89D0-2E3E16FF75C0","UNKNOWN","TWELVE OCLOCK","TWELVE OCLOCK","PASSENGER CAR","MOVING CONSTANT SPEED","East","East","30","No","No","2016","TOYOTA","PRIUS","N/A","39.05610134","-76.9542526","
,  
(39.05610134, -76.9542526)"
"MCP3113003Y","220015979","Montgomery County Police","Property Damage Crash","2022-04-15T12:20:00.000","County","BROADBIRCH DR","County","CHERRY HILL RD",,"N/A",,"SAME DIR REAR END","CLEAR","DRY","DAYLIGHT","TRAFFIC SIGNAL","N/A",,"364E9DC0-591A-462D-94BC-0C54FFF53DA4","No","NO APPARENT INJURY","N/A","NOT DISTRACTED","MD","2D242B41-2A65-40E0-AE61-53AB99B38F0A","SUPERFICIAL","SIX OCLOCK","SIX OCLOCK","PASSENGER CAR","STOPPED IN TRAFFIC LANE","East","East","30","No","No","2006","SCION","TC","N/A","39.05610134","-76.9542526","
,  
(39.05610134, -76.9542526)"
"DD5646001W","220015978","Rockville Police Departme","Property Damage Crash","2022-04-15T12:10:00.000","Municipality","N WASHINGTON ST","Maryland (State)","HUNGERFORD DR",,"N/A",,"OTHER","CLEAR","DRY","DAYLIGHT","NO CONTROLS","NONE DETECTED",,"12A8180A-C876-41EE-A6BB-1F73C851A3C7","Yes","NO APPARENT INJURY","N/A","UNKNOWN","MD","8FDEBCFD-C1EA-4EE0-9C5C-22D59C9CD2C2","SUPERFICIAL","TEN OCLOCK","TEN OCLOCK","OTHER BUS","CHANGING LANES","North","North","30","No","No","2015","CHEVY","BUS","UNKNOWN","39.09171136","-77.15345049","
,  
(39.09171136, -77.15345049)"
"DD5646001W","220015978","Rockville Police Departme","Property Damage Crash","2022-04-15T12:10:00.000","Municipality","N WASHINGTON ST","Maryland (State)","HUNGERFORD DR",,"N/A",,"OTHER","CLEAR","DRY","DAYLIGHT","NO CONTROLS","NONE DETECTED",,"10B87623-9214-4987-8EDA-636023CF6DAA","No","NO APPARENT INJURY","N/A","UNKNOWN","MD","B5BCEF58-2D47-4D36-B119-3546333FB30B","SUPERFICIAL","TWO OCLOCK","TWO OCLOCK","PASSENGER CAR","MOVING CONSTANT SPEED","North","North","30","No","No","2007","TOYT","VN","N/A","39.09171136","-77.15345049","
,  
(39.09171136, -77.15345049)"
"MCP2968004B","220015977","Montgomery County Police","Injury Crash","2022-04-15T12:10:00.000","County","SHADY GROVE RD","Unknown","GUDELSKY WAY",,"N/A","OTHER PEDALCYCLIST","OTHER","CLEAR","DRY","DAYLIGHT","TRAFFIC SIGNAL","N/A","N/A","3C457488-311A-429F-8E79-3CCEA8C0ACD6","Yes","NO APPARENT INJURY","N/A","LOOKED BUT DID NOT SEE","DC","1CDA0BB2-BD81-4125-AE41-C6DDD38DB3E8","SUPERFICIAL","ONE OCLOCK","ONE OCLOCK","PASSENGER CAR","STARTING FROM LANE","North","North","35","No","No","2021","TOYT","VENZA","NO MISUSE","39.09067667","-77.199705","
,  
(39.09067667, -77.199705)"
"MCP2358009H","220015954","Montgomery County Police","Property Damage Crash","2022-04-15T08:37:00.000","Maryland (State)","BRADLEY BLVD","County","CHEVY CHASE DR",,"N/A",,"OTHER","CLEAR","DRY","DAYLIGHT","NO CONTROLS","NONE DETECTED",,"F057F15D-9D79-4D4D-86D5-14DF29933D96","No","NO APPARENT INJURY","N/A","NOT DISTRACTED","MD","EFF2AF6A-0CE2-4EFE-9E50-538D9C1CC537","DISABLING","ONE OCLOCK","ONE OCLOCK","PASSENGER CAR","MOVING CONSTANT SPEED","North","North","25","No","No","2004","TOYOTA","COROLLA","NO MISUSE","38.97753583","-77.09206683","
,  
(38.97753583, -77.09206683)"
"MCP2358009H","220015954","Montgomery County Police","Property Damage Crash","2022-04-15T08:37:00.000","Maryland (State)","BRADLEY BLVD","County","CHEVY CHASE DR",,"N/A",,"OTHER","CLEAR","DRY","DAYLIGHT","NO CONTROLS","UNKNOWN",,"183F8C5D-2812-4709-9FA2-DE98C43114DF","Yes","NO APPARENT INJURY","N/A","UNKNOWN",,"DC7891CD-9FA5-46A2-B278-75DB001FB067","UNKNOWN","UNKNOWN","UNKNOWN",,"CHANGING LANES","North","North","25","No","No","0","UNKNOWN","UNKNOWN","UNKNOWN","38.97753583","-77.09206683","
,  
(38.97753583, -77.09206683)"
"MCP2445003M","220015943","Montgomery County Police","Property Damage Crash","2022-04-15T06:41:00.000","Maryland (State)","RIDGE RD","Maryland (State)","FREDERICK RD",,"N/A",,"SINGLE VEHICLE","CLEAR","DRY","DAYLIGHT","NO CONTROLS","NONE DETECTED",,"B1A5D60E-81C7-4069-B64F-9401915B87CE","Yes","NO APPARENT INJURY","N/A","NOT DISTRACTED","MD","B2587D9C-6AAC-473F-9FBF-DAE888EBBFFB","DISABLING","ELEVEN OCLOCK","ELEVEN OCLOCK","OTHER LIGHT TRUCKS (10,000LBS (4,536KG) OR LESS)","MOVING CONSTANT SPEED","North","North","45","No","No","2002","FORD","TK","NO MISUSE","39.2041905","-77.24844867","
,  
(39.2041905, -77.24844867)"
"MCP3064004J","220015942","Montgomery County Police","Property Damage Crash","2022-04-15T06:30:00.000","County","RANDOLPH RD","County","BLUHILL RD",,"N/A",,"SINGLE VEHICLE","CLEAR","DRY","DAYLIGHT","N/A","NONE DETECTED",,"FC6F3E3C-F2FF-442C-B6D6-CA38C5E71958","Yes","NO APPARENT INJURY","N/A","UNKNOWN","MD","A1C8AD20-BB4B-48E8-BA75-F5CCB333A81A","DESTROYED","ONE OCLOCK","TWELVE OCLOCK","PASSENGER CAR","MOVING CONSTANT SPEED","East","East","35","No","No","2020","TOYOTA","COROLLA","N/A","39.05913333","-77.06271","
,  
(39.05913333, -77.06271)"
"MCP2866007P","220016085","Montgomery County Police","Property Damage Crash","2022-04-15T02:20:00.000","Maryland (State)","RIDGE RD","County","BROWN CHURCH RD",,"N/A",,"SINGLE VEHICLE","CLEAR","DRY","DARK LIGHTS ON","NO CONTROLS","NONE DETECTED",,"6D636687-68D7-4F62-9808-E56F6B6591B8","No","NO APPARENT INJURY","N/A","NOT DISTRACTED","MD","A2E656C3-269C-45D1-8632-80EC5A16FDBF","SUPERFICIAL","TWELVE OCLOCK","TWELVE OCLOCK","POLICE VEHICLE/NON EMERGENCY","MOVING CONSTANT SPEED","North","North","50","No","No","2020","CHEVROLET","TAHOE","NO MISUSE","39.3294901","-77.19116993","
,  
(39.3294901, -77.19116993)"
"MCP3171001T","220015930","Montgomery County Police","Property Damage Crash","2022-04-15T01:20:00.000","Maryland (State)","GERMANTOWN RD","County","WISTERIA DR",,"N/A",,"STRAIGHT MOVEMENT ANGLE","CLEAR","DRY","DARK LIGHTS ON","TRAFFIC SIGNAL","NONE DETECTED",,"B89589F6-2765-403A-8651-BB5916737322","Yes","NO APPARENT INJURY","N/A","NOT DISTRACTED","MD","545DA42B-E201-493C-B6BD-0399DD2122A2","FUNCTIONAL","TWELVE OCLOCK","TWELVE OCLOCK","POLICE VEHICLE/EMERGENCY","MOVING CONSTANT SPEED","East","East","40","No","No","2016","FORD","TAURUS","N/A","39.17684","-77.26998667","
,  
(39.17684, -77.26998667)"
"MCP3171001T","220015930","Montgomery County Police","Property Damage Crash","2022-04-15T01:20:00.000","Maryland (State)","GERMANTOWN RD","County","WISTERIA DR",,"N/A",,"STRAIGHT MOVEMENT ANGLE","CLEAR","DRY","DARK LIGHTS ON","TRAFFIC SIGNAL","NONE DETECTED",,"5223B96C-1118-469A-BCD2-1A9B2A9C0D96","No","NO APPARENT INJURY","N/A","NOT DISTRACTED","MD","A8331A47-5C7E-4FE9-B080-628C21173C4F","FUNCTIONAL","FIVE OCLOCK","FIVE OCLOCK","PASSENGER CAR","ACCELERATING","South","South","30","No","No","2019","HYUNDAI","ELANTRA","N/A","39.17684","-77.26998667","
,  
(39.17684, -77.26998667)"
"MCP29370046","220015172","Montgomery County Police","Property Damage Crash","2022-04-15T01:00:00.000","County","HOLLYWOOD AVE","Other Public Roadway","PINE ST",,"N/A",,"HEAD ON","CLEAR","DRY","DARK LIGHTS ON","NO CONTROLS","ALCOHOL PRESENT",,"ADCC1D12-4466-4FDE-A018-EC96F73F15D2","Yes","NO APPARENT INJURY","N/A","TALKING OR LISTENING TO CELLULAR PHONE","MD","0320F94F-3C94-4444-AA19-6E322D78441B","FUNCTIONAL","ELEVEN OCLOCK","ELEVEN OCLOCK","PASSENGER CAR","MOVING CONSTANT SPEED","North","North","35","No","No","2017","FORD","F150","NO MISUSE","39.06413359","-76.99540558","
,  
(39.06413359, -76.99540558)"
"MCP3054001M","220015911","Montgomery County Police","Injury Crash","2022-04-14T21:54:00.000","Maryland (State)","ROCKVILLE PIKE","Unknown","HUBBARD DR",,"N/A",,"SAME DIR REAR END","CLEAR","DRY","DARK LIGHTS ON","TRAFFIC SIGNAL","NONE DETECTED",,"A0C85D68-C73C-454B-B244-427521B9F99E","No","POSSIBLE INJURY","N/A","NOT DISTRACTED","MD","9D2FB106-2561-4F69-9E49-B7EDC7F154D2","DISABLING","SIX OCLOCK","SIX OCLOCK","PASSENGER CAR","STOPPED IN TRAFFIC LANE","North","North","40","No","No","2011","TOYOTA","CAMRY","NO MISUSE","39.05503262","-77.11820378","
,  
(39.05503262, -77.11820378)"
"MCP3054001M","220015911","Montgomery County Police","Injury Crash","2022-04-14T21:54:00.000","Maryland (State)","ROCKVILLE PIKE","Unknown","HUBBARD DR",,"N/A",,"SAME DIR REAR END","CLEAR","DRY","DARK LIGHTS ON","TRAFFIC SIGNAL","NONE DETECTED",,"501199E8-FF9E-4A97-9DB1-22BFACB2FC87","No","NO APPARENT INJURY","N/A","NOT DISTRACTED","MD","93F5C1C4-33AD-4040-9D68-FC1BB6958249","FUNCTIONAL","SIX OCLOCK","SIX OCLOCK","PASSENGER CAR","STOPPED IN TRAFFIC LANE","North","North","40","No","No","2021","TOYOTA","CAMRY","NO MISUSE","39.05503262","-77.11820378","
,  
(39.05503262, -77.11820378)"
"MCP3054001M","220015911","Montgomery County Police","Injury Crash","2022-04-14T21:54:00.000","Maryland (State)","ROCKVILLE PIKE","Unknown","HUBBARD DR",,"N/A",,"SAME DIR REAR END","CLEAR","DRY","DARK LIGHTS ON","TRAFFIC SIGNAL","ALCOHOL CONTRIBUTED",,"03C34CCD-1664-4937-911F-CCBDBD1B5590","Yes","POSSIBLE INJURY","N/A","UNKNOWN","MD","6219ADFF-77C4-4E00-AF73-1D8C8F85E9AF","DESTROYED","TWELVE OCLOCK","TWELVE OCLOCK","PASSENGER CAR","SLOWING OR STOPPING","North","North","40","No","No","2010","CHRYSLER","300","NO MISUSE","39.05503262","-77.11820378","
,  
(39.05503262, -77.11820378)"
"MCP29170099","220015888","Montgomery County Police","Injury Crash","2022-04-14T18:26:00.000","County","CONNECTICUT AVE","Maryland (State)","GEORGIA AVE",,"N/A",,"SINGLE VEHICLE","CLEAR","DRY","DAYLIGHT","NO CONTROLS","NONE DETECTED",,"EC84C3F3-6CE6-42C1-AC81-69415BD269A4","Yes","POSSIBLE INJURY","N/A","LOOKED BUT DID NOT SEE","MD","BFA2A08C-ED26-4139-8918-1538145FD21B","DISABLING","TWELVE OCLOCK","TWELVE OCLOCK","PASSENGER CAR","MAKING RIGHT TURN","South","North","35","No","No","2019","NISSAN","ROGUE","NO MISUSE","39.08328667","-77.07835","
,  
(39.08328667, -77.07835)"
"DD5651001M","220015885","Rockville Police Departme","Property Damage Crash","2022-04-14T17:45:00.000","Municipality","RESEARCH BLVD","Maryland (State)","W MONTGOMERY AVE",,"N/A",,"SINGLE VEHICLE","CLEAR","DRY","DAYLIGHT","NO CONTROLS","NONE DETECTED",,"05F009C1-20A8-4A0A-A816-0A70DA3AB964","No","NO APPARENT INJURY","N/A","NOT DISTRACTED","MD","A424DD75-39D6-479D-90C4-BA5B4ED6DCCF","FUNCTIONAL","TWELVE OCLOCK","TWELVE OCLOCK","TRANSIT BUS","MOVING CONSTANT SPEED","South","South","30","No","No","2019","GILG","BU","NO MISUSE","39.09474964","-77.18016558","
,  
(39.09474964, -77.18016558)"
"MCP30850035","220015884","Montgomery County Police","Injury Crash","2022-04-14T17:30:00.000","County","TUCKERMAN LA","County","VALERIAN LA",,"N/A",,"SAME DIRECTION LEFT TURN","CLEAR","DRY","DAYLIGHT","OTHER","NONE DETECTED",,"B59D1D54-FEA2-4E20-9AEF-8267FE08242E","No","SUSPECTED MINOR INJURY","N/A","NOT DISTRACTED","MD","99FCF172-57C0-4AF7-88DD-8C9549F01A2D","DISABLING","TWELVE OCLOCK","TWELVE OCLOCK","PASSENGER CAR","MOVING CONSTANT SPEED","West","West","35","No","No","2017","FORD","ESCAPE","NO MISUSE","39.03124167","-77.11585","
,  
(39.03124167, -77.11585)"
"MCP30850035","220015884","Montgomery County Police","Injury Crash","2022-04-14T17:30:00.000","County","TUCKERMAN LA","County","VALERIAN LA",,"N/A",,"SAME DIRECTION LEFT TURN","CLEAR","DRY","DAYLIGHT","OTHER","NONE DETECTED",,"AF0801CC-B635-46FD-B2F7-DAAF7847F707","Yes","NO APPARENT INJURY","N/A","OTHER DISTRACTION","MD","237866CB-91BB-4D2E-ACAD-96373656C48E","FUNCTIONAL","SEVEN OCLOCK","SEVEN OCLOCK","PASSENGER CAR","MAKING U TURN","East","West","35","No","No","2014","TOYOTA","SIEANNA","NO MISUSE","39.03124167","-77.11585","
,  
(39.03124167, -77.11585)"
"MCP20080094","220015878","Montgomery County Police","Injury Crash","2022-04-14T17:14:00.000","County","ROCK SPRING DR","County","ROCKLEDGE DR",,"N/A",,"STRAIGHT MOVEMENT ANGLE","CLEAR","DRY","DAYLIGHT","TRAFFIC SIGNAL","NONE DETECTED",,"393B2C71-8AAD-4E14-98FD-CDAECD31466C","No","SUSPECTED MINOR INJURY","N/A","NOT DISTRACTED","MD","F6044524-4BDD-4EA4-86FE-8B5E81962377","DISABLING","TWELVE OCLOCK","TWELVE OCLOCK","PASSENGER CAR","ACCELERATING","North","North","30","No","No","2012","NISS","TK","NO MISUSE","39.02684667","-77.13233667","
,  
(39.02684667, -77.13233667)"
"MCP20080094","220015878","Montgomery County Police","Injury Crash","2022-04-14T17:14:00.000","County","ROCK SPRING DR","County","ROCKLEDGE DR",,"N/A",,"STRAIGHT MOVEMENT ANGLE","CLEAR","DRY","DAYLIGHT","TRAFFIC SIGNAL","NONE DETECTED",,"0C247168-B4FE-402C-9118-E487458E40F2","Yes","SUSPECTED MINOR INJURY","N/A","NOT DISTRACTED","MD","CAC01C4A-7215-4A69-A037-F1C86E8EB520","DISABLING","FOUR OCLOCK","FOUR OCLOCK","PASSENGER CAR","MOVING CONSTANT SPEED","East","East","30","No","No","2003","BMW","330","NO MISUSE","39.02684667","-77.13233667","
,  
(39.02684667, -77.13233667)"
"EJ7894000N","220015863","Gaithersburg Police Depar","Injury Crash","2022-04-14T16:23:00.000","Municipality","S SUMMIT AVE","Municipality","OLDE TOWNE AVE",,"GAITHERSBURG",,"STRAIGHT MOVEMENT ANGLE","CLOUDY","DRY","DAYLIGHT","STOP SIGN","NONE DETECTED",,"1C8ED981-E35E-4C36-98FC-BDA84784E315","No","POSSIBLE INJURY","N/A","NOT DISTRACTED","MD","7EDE0CEF-2507-4FDA-AA94-E2C3B446DF81","FUNCTIONAL","TWELVE OCLOCK","TWELVE OCLOCK","PASSENGER CAR","MOVING CONSTANT SPEED","North","North","25","No","No","2018","NISS","4S","NO MISUSE","39.14096625","-77.193399","
,  
(39.14096625, -77.193399)"
"EJ7894000N","220015863","Gaithersburg Police Depar","Injury Crash","2022-04-14T16:23:00.000","Municipality","S SUMMIT AVE","Municipality","OLDE TOWNE AVE",,"GAITHERSBURG",,"STRAIGHT MOVEMENT ANGLE","CLOUDY","DRY","DAYLIGHT","STOP SIGN","NONE DETECTED",,"BA18C5B7-57F0-4E15-ACB1-D0DEFF19F967","Yes","NO APPARENT INJURY","N/A","NOT DISTRACTED","MD","4EBA4452-91C2-4E6A-9359-70692B04EE5A","DISABLING","ELEVEN OCLOCK","ELEVEN OCLOCK","PASSENGER CAR","ENTERING TRAFFIC LANE","South","West","0","No","No","2009","STRN","TK","NO MISUSE","39.14096625","-77.193399","
,  
(39.14096625, -77.193399)"