"report_number","local_case_number","agency_name","acrs_report_type","crash_date_time","route_type","road_name","cross_street_type","cross_street_name","off_road_description","municipality","related_non_motorist","collision_type","weather","surface_condition","light","traffic_control","driver_substance_abuse","non_motorist_substance_abuse","person_id","driver_at_fault","injury_severity","circumstance","driver_distracted_by","drivers_license_state","vehicle_id","vehicle_damage_extent","vehicle_first_impact_location","vehicle_second_impact_location","vehicle_body_type","vehicle_movement","vehicle_continuing_dir","vehicle_going_dir","speed_limit","driverless_vehicle","parked_vehicle","vehicle_year","vehicle_make","vehicle_model","equipment_problems","latitude","longitude","geolocation"
"MCP3320000P","220015854","Montgomery County Police","Property Damage Crash","2022-04-14T15:28:00.000","Maryland (State)","GEORGIA AVE","Maryland (State)","FOREST GLEN RD",,"N/A",,"SAME DIRECTION SIDESWIPE","CLEAR","DRY","DAYLIGHT","NO CONTROLS","NONE DETECTED",,"0E8C3AB7-68CD-49C3-87A5-617BE5BF64C4","No","NO APPARENT INJURY","N/A","NOT DISTRACTED","MD","29F877A7-6191-4595-9462-1D3223B68679","SUPERFICIAL","EIGHT OCLOCK","EIGHT OCLOCK","PASSENGER CAR","MOVING CONSTANT SPEED","North","North","30","No","No","2016","ACUR","4H","NO MISUSE","39.01539094","-77.04250625","
,  
(39.01539094, -77.04250625)"
"MCP3320000P","220015854","Montgomery County Police","Property Damage Crash","2022-04-14T15:28:00.000","Maryland (State)","GEORGIA AVE","Maryland (State)","FOREST GLEN RD",,"N/A",,"SAME DIRECTION SIDESWIPE","CLEAR","DRY","DAYLIGHT","NO CONTROLS","UNKNOWN",,"7D150421-0E2D-4BFD-A3CF-C88170BD6DA1","Yes","NO APPARENT INJURY","N/A","UNKNOWN",,"EB127F37-EC8B-44AA-AA38-A5FE5CC455C6","UNKNOWN","UNKNOWN","UNKNOWN",,"MOVING CONSTANT SPEED","North","North","30","No","No","0","UNKNOWN","UNKNOWN","UNKNOWN","39.01539094","-77.04250625","
,  
(39.01539094, -77.04250625)"
"MCP32000058","220015848","Montgomery County Police","Property Damage Crash","2022-04-14T13:57:00.000",,,,,"OFF THE ROAD IN THE FRONT DRIVEWAY/DITCH OF 9813 WOODFORD RD",,,"SINGLE VEHICLE","CLOUDY",,"DAYLIGHT","NO CONTROLS","NONE DETECTED",,"32B9FE10-5FB0-4949-8FB5-5A1A11E3F329","Yes","NO APPARENT INJURY","N/A","UNKNOWN","MD","EB0A50BF-D8CF-48AD-B2E4-F0B2317EAE8A","FUNCTIONAL","TWELVE OCLOCK","TWELVE OCLOCK","PASSENGER CAR","MOVING CONSTANT SPEED","East","East","25","No","No","2010","LEXUS","ES350","NO MISUSE","39.02391716","-77.20226797","
,  
(39.02391716, -77.20226797)"
"MCP204600D1","220015822","Montgomery County Police","Injury Crash","2022-04-14T12:46:00.000","County","MIDCOUNTY HWY","County","SHADY GROVE RD",,"N/A",,"SAME DIR REAR END","CLEAR","DRY","DAYLIGHT","TRAFFIC SIGNAL","NONE DETECTED",,"34F593A5-8B33-4C14-B1FC-CE0D18092664","No","POSSIBLE INJURY","N/A","NOT DISTRACTED","MD","B044DFD5-E015-4366-BEA5-9831169A58C9","FUNCTIONAL","SIX OCLOCK","SIX OCLOCK","VAN","STOPPED IN TRAFFIC LANE","West","South","40","No","No","2010","CHEV","EXPRESS","NO MISUSE","39.14092133","-77.15214333","
,  
(39.14092133, -77.15214333)"
"MCP204600D1","220015822","Montgomery County Police","Injury Crash","2022-04-14T12:46:00.000","County","MIDCOUNTY HWY","County","SHADY GROVE RD",,"N/A",,"SAME DIR REAR END","CLEAR","DRY","DAYLIGHT","TRAFFIC SIGNAL","NONE DETECTED",,"A66AF88C-5203-49BB-86E1-F51DCA6A5ECD","Yes","POSSIBLE INJURY","N/A","NOT DISTRACTED","MD","DA400D57-D22D-4A16-823A-F449E42524D2","FUNCTIONAL","TWELVE OCLOCK","TWELVE OCLOCK","PASSENGER CAR","MOVING CONSTANT SPEED","West","South","40","No","No","2017","HYUN","ELANTRA","NO MISUSE","39.14092133","-77.15214333","
,  
(39.14092133, -77.15214333)"
"MCP22390026","220015789","Montgomery County Police","Property Damage Crash","2022-04-14T09:11:00.000","County","SHADY GROVE RD","Unknown","PROCERA DR",,"N/A",,"OTHER","N/A","DRY","DAYLIGHT","NO CONTROLS","NONE DETECTED",,"34091897-A0E6-43F5-9179-AB7D3522D186","Yes","NO APPARENT INJURY","N/A","LOOKED BUT DID NOT SEE","MD","135A3579-2C11-46A5-B9BA-9E42C6A49B4F","SUPERFICIAL","TWELVE OCLOCK","TWELVE OCLOCK","AMBULANCE/EMERGENCY","ACCELERATING","North","North","15","No","No","2008","SPAR","TK","N/A","39.08566","-77.21748","
,  
(39.08566, -77.21748)"
"MCP2278003W","220015785","Montgomery County Police","Property Damage Crash","2022-04-14T08:17:00.000","Maryland (State)","MASSACHUSETTS AVE","County","CROMWELL DR",,"N/A",,"SAME DIR REAR END","CLEAR","DRY","DAYLIGHT","TRAFFIC SIGNAL","NONE DETECTED",,"3B962025-87E0-4736-BD8E-3604A73CE1D5","Yes","NO APPARENT INJURY","N/A","UNKNOWN","VA","2A66CE4F-4E56-4D7A-8B72-96CAF2756199","DISABLING","TWELVE OCLOCK","TWELVE OCLOCK","PASSENGER CAR","MOVING CONSTANT SPEED","East","East","35","No","No","2009","FORD","FOCUS","NO MISUSE","38.96111167","-77.116325","
,  
(38.96111167, -77.116325)"
"MCP2278003W","220015785","Montgomery County Police","Property Damage Crash","2022-04-14T08:17:00.000","Maryland (State)","MASSACHUSETTS AVE","County","CROMWELL DR",,"N/A",,"SAME DIR REAR END","CLEAR","DRY","DAYLIGHT","TRAFFIC SIGNAL","NONE DETECTED",,"8D61F402-FA40-4C4D-AB1C-B250F5A4AE5E","No","NO APPARENT INJURY","N/A","NOT DISTRACTED","MD","01625869-EF5C-4C16-962C-1599902189F7","FUNCTIONAL","SIX OCLOCK","SIX OCLOCK","PASSENGER CAR","STOPPED IN TRAFFIC LANE","North","East","35","No","No","2011","TOYOTA","CAMRY","NO MISUSE","38.96111167","-77.116325","
,  
(38.96111167, -77.116325)"
"MCP2278003W","220015785","Montgomery County Police","Property Damage Crash","2022-04-14T08:17:00.000","Maryland (State)","MASSACHUSETTS AVE","County","CROMWELL DR",,"N/A",,"SAME DIR REAR END","CLEAR","DRY","DAYLIGHT","TRAFFIC SIGNAL","NONE DETECTED",,"E5CED7E3-7FB1-4C7F-BE45-6A488AAA3FC7","No","NO APPARENT INJURY","N/A","NOT DISTRACTED","MD","66CE74D8-C78A-48D5-8F45-3575806E7F35","FUNCTIONAL","SIX OCLOCK","SIX OCLOCK","PASSENGER CAR","STOPPED IN TRAFFIC LANE","East","East","35","No","No","2019","HONDA","ACCORD","NO MISUSE","38.96111167","-77.116325","
,  
(38.96111167, -77.116325)"
"MCP3289001T","220015775","Montgomery County Police","Property Damage Crash","2022-04-14T01:18:00.000","County","FAIRLAND RD","County","WESTWIND DR",,"N/A",,"SAME DIRECTION SIDESWIPE","CLEAR","DRY","DARK NO LIGHTS","NO CONTROLS","NONE DETECTED",,"178B8937-3B48-4341-8B42-A1A31D4C6A33","No","NO APPARENT INJURY","N/A","NOT DISTRACTED","MD","9828EDDE-A3CA-433A-8B19-772405CD7745","SUPERFICIAL","ELEVEN OCLOCK","ELEVEN OCLOCK","PASSENGER CAR","MAKING LEFT TURN","West","West","40","No","No","2012","HONDA","CIVIC","N/A","39.07773227","-76.96112408","
,  
(39.07773227, -76.96112408)"
"MCP3289001T","220015775","Montgomery County Police","Property Damage Crash","2022-04-14T01:18:00.000","County","FAIRLAND RD","County","WESTWIND DR",,"N/A",,"SAME DIRECTION SIDESWIPE","CLEAR","DRY","DARK NO LIGHTS","NO CONTROLS","NONE DETECTED",,"293BDA5A-E3D5-4529-AE13-554D0AC00BCC","Yes","NO APPARENT INJURY","N/A","NOT DISTRACTED","XX","36062F95-8CCF-47B1-96F6-C26C9AD3A959","SUPERFICIAL","ONE OCLOCK","ONE OCLOCK","PASSENGER CAR","ACCELERATING","West","West","40","No","No","2012","AUDI","UT","NO MISUSE","39.07773227","-76.96112408","
,  
(39.07773227, -76.96112408)"
"MCP29370045","220013985","Montgomery County Police","Injury Crash","2022-04-14T00:45:00.000","County","ROBEY RD","County","BRIGGS CHANEY RD",,"N/A","PEDESTRIAN","SINGLE VEHICLE","N/A","DRY","DARK LIGHTS ON","NO CONTROLS","UNKNOWN","NONE DETECTED","57FA9F55-EFBF-41A7-B241-08C51CEEA743","Unknown","NO APPARENT INJURY","N/A","UNKNOWN",,"B87588F7-F13E-4BE3-A9C3-9313DE11ECED","UNKNOWN","UNKNOWN","UNKNOWN","UNKNOWN","UNKNOWN","Unknown","Unknown","35","No","No","0","UNKNOWN","UNKNOWN","UNKNOWN","39.07990715","-76.94437646","
,  
(39.07990715, -76.94437646)"
"MCP2737005K","220015764","Montgomery County Police","Property Damage Crash","2022-04-14T00:00:00.000","Maryland (State)","NORWOOD RD","Other Public Roadway","ENT TO SANDY SPRING FRIENDS SCHOOL",,"N/A",,"SINGLE VEHICLE","CLEAR","DRY","DARK LIGHTS ON","NO CONTROLS","ALCOHOL CONTRIBUTED",,"170661A5-2518-4053-AC17-1A134FB5A7A9","Yes","NO APPARENT INJURY","N/A","UNKNOWN","MD","C60BA697-8601-4554-9042-DB9526386A6B","DESTROYED","TWELVE OCLOCK","ROOF TOP","PASSENGER CAR","MOVING CONSTANT SPEED","South","South","45","No","No","2016","NISSAN","MAXIMA","NO MISUSE","39.13382167","-77.03067167","
,  
(39.13382167, -77.03067167)"
"MCP2835002V","220015753","Montgomery County Police","Property Damage Crash","2022-04-13T22:01:00.000","Maryland (State)","EAST WEST HWY","Unknown","CROSSOVER",,"N/A",,"SINGLE VEHICLE","CLEAR","DRY","DARK LIGHTS ON","NO CONTROLS","NONE DETECTED",,"1A22B7D4-FB00-4EDA-9BF7-98E083D07EFF","No","NO APPARENT INJURY","N/A","NOT DISTRACTED","MD","D1E5AE43-C022-481E-A9C1-EA2EA4B10398","DISABLING","ELEVEN OCLOCK","ELEVEN OCLOCK","PASSENGER CAR","MOVING CONSTANT SPEED","East","East","35","No","No","2003","TOYT","4D","NO MISUSE","38.99515167","-77.04831333","
,  
(38.99515167, -77.04831333)"
"MCP2966005Q","220015835","Montgomery County Police","Property Damage Crash","2022-04-13T21:45:00.000",,,,,"PARKING LOT IN FRONT OF 21112 ARCHSTONE WAY",,,"OTHER","N/A",,"N/A","N/A","N/A",,"DBDF334E-59AA-47D5-A39F-98D1D7FCAA4F","Yes","NO APPARENT INJURY","N/A","UNKNOWN","MD","FAE08013-DFD9-45FC-A620-F96A527D463F","FUNCTIONAL","NINE OCLOCK","NINE OCLOCK","PASSENGER CAR","BACKING","South","South","0","No","No","2018","TOYOTA","CAMRY","N/A","39.20191782","-77.25753291","
,  
(39.20191782, -77.25753291)"
"MCP3198003R","220015750","Montgomery County Police","Property Damage Crash","2022-04-13T21:33:00.000","Maryland (State)","VEIRS MILL RD","Maryland (State)","CONNECTICUT AVE",,"N/A",,"SAME DIR REAR END","CLEAR","DRY","DARK LIGHTS ON","TRAFFIC SIGNAL","NONE DETECTED",,"3702C00C-E808-4403-B000-52474989B306","No","NO APPARENT INJURY","N/A","NOT DISTRACTED","MD","BABA816F-1876-4120-AE74-184CADA4DBCF","FUNCTIONAL","SIX OCLOCK","SIX OCLOCK","PASSENGER CAR","STOPPED IN TRAFFIC LANE","East","East","40","No","No","2022","HOND","HB","N/A","39.051875","-77.07523833","
,  
(39.051875, -77.07523833)"
"MCP3198003R","220015750","Montgomery County Police","Property Damage Crash","2022-04-13T21:33:00.000","Maryland (State)","VEIRS MILL RD","Maryland (State)","CONNECTICUT AVE",,"N/A",,"SAME DIR REAR END","CLEAR","DRY","DARK LIGHTS ON","TRAFFIC SIGNAL","NONE DETECTED",,"A1933E99-A7E7-454D-8912-47B056136840","Yes","NO APPARENT INJURY","N/A","TALKING OR LISTENING TO CELLULAR PHONE","XX","1684DE88-739E-4D50-AF45-EFC74AED9881","FUNCTIONAL","TWELVE OCLOCK","TWELVE OCLOCK","PASSENGER CAR","MOVING CONSTANT SPEED","East","East","40","No","No","2004","FORD","RANGER","N/A","39.051875","-77.07523833","
,  
(39.051875, -77.07523833)"
"DM8503000D","220015741","Takoma Park Police Depart","Property Damage Crash","2022-04-13T20:31:00.000",,,,,"MARATHON GAS STATION LOT
6400 NEW HAMPSHIRE AVE",,,"OTHER","CLEAR",,"DARK LIGHTS ON","N/A","N/A",,"22B9DA92-50F6-4308-BEAD-A89339F268DF","No","NO APPARENT INJURY","N/A","NOT DISTRACTED","MD","1B793BF2-A0BD-4580-8210-1A16A47BD9E4","SUPERFICIAL","ONE OCLOCK","ONE OCLOCK","VAN","PARKED",,,"0","No","Yes","2012","HONDA","ODYSSEY","N/A","38.96778833","-77.00148","
,  
(38.96778833, -77.00148)"
"DM8503000D","220015741","Takoma Park Police Depart","Property Damage Crash","2022-04-13T20:31:00.000",,,,,"MARATHON GAS STATION LOT
6400 NEW HAMPSHIRE AVE",,,"OTHER","CLEAR",,"DARK LIGHTS ON","N/A","N/A",,"0EF5D38C-48DA-4BE6-89C5-A5E182A0B84C","Yes","NO APPARENT INJURY","N/A","UNKNOWN","MD","30514203-B590-47EC-B7D4-E9000C48CDDB","SUPERFICIAL","EIGHT OCLOCK","EIGHT OCLOCK","AMBULANCE/NON EMERGENCY","PASSING","South","South","5","No","No","2011","FORD","ECONOLINE","N/A","38.96778833","-77.00148","
,  
(38.96778833, -77.00148)"
"MCP2683005R","220015724","Montgomery County Police","Property Damage Crash","2022-04-13T18:37:00.000","Other Public Roadway","ODENDHAL AVE","County","LOST KNIFE RD",,"N/A",,"STRAIGHT MOVEMENT ANGLE","CLEAR","DRY","DAYLIGHT","STOP SIGN","NONE DETECTED",,"703BAD39-B93F-4FA2-8FBF-FA9B23823375","No","NO APPARENT INJURY","N/A","NOT DISTRACTED","MD","8BFB72CA-B8E5-4EE8-9136-D4CDF8E15342","DISABLING","NINE OCLOCK","NINE OCLOCK","PASSENGER CAR","MAKING LEFT TURN","North","East","30","No","No","2009","HOND","CRV","NO MISUSE","39.15182833","-77.20048333","
,  
(39.15182833, -77.20048333)"
"MCP2683005R","220015724","Montgomery County Police","Property Damage Crash","2022-04-13T18:37:00.000","Other Public Roadway","ODENDHAL AVE","County","LOST KNIFE RD",,"N/A",,"STRAIGHT MOVEMENT ANGLE","CLEAR","DRY","DAYLIGHT","STOP SIGN","NONE DETECTED",,"3A53551A-0ADC-46C5-8F60-63BAD48BC878","Yes","NO APPARENT INJURY","N/A","NOT DISTRACTED","MD","AABDE149-8DDC-432A-B115-9300F980F49B","DISABLING","TWELVE OCLOCK","TWELVE OCLOCK","PASSENGER CAR","MAKING LEFT TURN","East","South","30","No","No","2014","TOYT","YARIS","NO MISUSE","39.15182833","-77.20048333","
,  
(39.15182833, -77.20048333)"
"MCP3078004W","220015720","Montgomery County Police","Property Damage Crash","2022-04-13T18:15:00.000","Maryland (State)","NEW HAMPSHIRE AVE","County","BRIGGS CHANEY RD",,"N/A",,"SAME DIRECTION SIDESWIPE","N/A","DRY","DAYLIGHT","NO CONTROLS","NONE DETECTED",,"367EE91A-EE49-447D-8D72-8AECA6EC9D02","Yes","NO APPARENT INJURY","N/A","LOOKED BUT DID NOT SEE","MD","ED717E54-E470-4307-9AB6-2A702468FC2D","SUPERFICIAL","ELEVEN OCLOCK","TEN OCLOCK","PASSENGER CAR","CHANGING LANES","South","South","35","No","No","2011","HYUN","4S","NO MISUSE","39.10887","-76.99777","
,  
(39.10887, -76.99777)"
"MCP3078004W","220015720","Montgomery County Police","Property Damage Crash","2022-04-13T18:15:00.000","Maryland (State)","NEW HAMPSHIRE AVE","County","BRIGGS CHANEY RD",,"N/A",,"SAME DIRECTION SIDESWIPE","N/A","DRY","DAYLIGHT","NO CONTROLS","NONE DETECTED",,"97A1FA56-5689-4E4C-BD5D-81FBAA793507","No","NO APPARENT INJURY","N/A","NOT DISTRACTED","MD","58D7F881-6659-4154-804C-56ACB6B4B2AE","SUPERFICIAL","TWO OCLOCK","ONE OCLOCK","PASSENGER CAR","MOVING CONSTANT SPEED","South","South","35","No","No","2019","TOYT","UT","NO MISUSE","39.10887","-76.99777","
,  
(39.10887, -76.99777)"
"MCP242500HF","220015719","Montgomery County Police","Injury Crash","2022-04-13T18:02:00.000","County","SHADY GROVE RD","County","MIDCOUNTY HWY",,"N/A",,"SINGLE VEHICLE","CLEAR","DRY","DAYLIGHT","TRAFFIC SIGNAL","NONE DETECTED",,"E0ECA62F-CA64-46A5-917A-B374D709C2E7","Yes","POSSIBLE INJURY","N/A","UNKNOWN","MD","F8512068-AC0A-4370-AA71-FD897F50D784","DESTROYED","TWELVE OCLOCK","TWELVE OCLOCK","PASSENGER CAR","MOVING CONSTANT SPEED","North","North","45","No","No","2019","DODG","CHARGER0775","NO MISUSE","39.14059667","-77.15203667","
,  
(39.14059667, -77.15203667)"
"DD56550007","220015712","Rockville Police Departme","Injury Crash","2022-04-13T17:11:00.000","Municipality","MARYLAND AVE","Municipality","MONUMENT ST",,"ROCKVILLE",,"SAME DIR REAR END","CLEAR","DRY","DAYLIGHT","NO CONTROLS","NONE DETECTED",,"46E6AC35-52D9-42E1-9260-213A2050566C","No","NO APPARENT INJURY","N/A","NOT DISTRACTED","MD","7CEE6251-5CCF-44D9-83B4-F34BA5C3272B","FUNCTIONAL","SIX OCLOCK","SIX OCLOCK","PASSENGER CAR","STOPPED IN TRAFFIC LANE","East","East","30","No","No","2021","HYUNDAI","ELANTRA","NO MISUSE","39.07747312","-77.15913935","
,  
(39.07747312, -77.15913935)"
"DD56550007","220015712","Rockville Police Departme","Injury Crash","2022-04-13T17:11:00.000","Municipality","MARYLAND AVE","Municipality","MONUMENT ST",,"ROCKVILLE",,"SAME DIR REAR END","CLEAR","DRY","DAYLIGHT","NO CONTROLS","NONE DETECTED",,"3F4505EF-5442-44A2-A8D9-A33E32C62E30","No","POSSIBLE INJURY","N/A","NOT DISTRACTED","MD","F149261B-A7F6-40E3-9601-CF74ADD5C014","FUNCTIONAL","SIX OCLOCK","SIX OCLOCK","PASSENGER CAR","STOPPED IN TRAFFIC LANE","East","East","30","No","No","2019","TOYOTA","CAMRY","NO MISUSE","39.07747312","-77.15913935","
,  
(39.07747312, -77.15913935)"
"DD56550007","220015712","Rockville Police Departme","Injury Crash","2022-04-13T17:11:00.000","Municipality","MARYLAND AVE","Municipality","MONUMENT ST",,"ROCKVILLE",,"SAME DIR REAR END","CLEAR","DRY","DAYLIGHT","NO CONTROLS","NONE DETECTED",,"12A5E7EB-748F-4FF2-8CD6-C0269864BD20","Yes","NO APPARENT INJURY","N/A","LOOKED BUT DID NOT SEE","MD","39419837-24AB-4927-AF81-CA3CAEAEF9B6","FUNCTIONAL","TWELVE OCLOCK","TWELVE OCLOCK","(SPORT) UTILITY VEHICLE","MOVING CONSTANT SPEED","East","East","30","No","No","2014","NISS","TK","NO MISUSE","39.07747312","-77.15913935","
,  
(39.07747312, -77.15913935)"
"MCP27640026","220015698","Montgomery County Police","Injury Crash","2022-04-13T16:40:00.000",,,,,"11160 VEIRS MILL RD",,,"OTHER","CLEAR",,"DAYLIGHT","NO CONTROLS","NONE DETECTED",,"E40906EC-B615-4181-A486-04475DA5CCF3","No","POSSIBLE INJURY","N/A","LOOKED BUT DID NOT SEE","MD","275C11E8-32EF-4C65-93AB-2EE3D498FEB5","SUPERFICIAL","TEN OCLOCK","TEN OCLOCK","PASSENGER CAR","MOVING CONSTANT SPEED","Unknown","Unknown","0","No","No","2006","PONTIAC","4S","NO MISUSE","39.03512167","-77.054235","
,  
(39.03512167, -77.054235)"
"MCP27640026","220015698","Montgomery County Police","Injury Crash","2022-04-13T16:40:00.000",,,,,"11160 VEIRS MILL RD",,,"OTHER","CLEAR",,"DAYLIGHT","NO CONTROLS","NONE DETECTED",,"990175CB-D7C4-43ED-B989-79C06A62FAC7","No","NO APPARENT INJURY","N/A","LOOKED BUT DID NOT SEE","MD","A4749F92-9445-46E1-A371-9555A4C2AB8A","NO DAMAGE","SIX OCLOCK","SIX OCLOCK","PASSENGER CAR","STARTING FROM PARKED","Unknown","Unknown","0","No","No","2004","LEXUS","TK","NO MISUSE","39.03512167","-77.054235","
,  
(39.03512167, -77.054235)"
"MCP3042003S","220015687","Montgomery County Police","Property Damage Crash","2022-04-13T16:00:00.000","County","GRANDVIEW AVE","Maryland (State)","UNIVERSITY BLVD W",,"N/A",,"SAME DIRECTION SIDESWIPE","CLOUDY","DRY","DAYLIGHT","TRAFFIC SIGNAL","NONE DETECTED",,"A278C51C-A0D9-454A-80AB-05B0C5F1AAB8","Yes","NO APPARENT INJURY","N/A","LOOKED BUT DID NOT SEE","MD","E62D3A77-32F6-4993-949C-1EFB32C0DE97","SUPERFICIAL","ELEVEN OCLOCK","ELEVEN OCLOCK","PASSENGER CAR","CHANGING LANES","North","North","25","No","No","2018","FORD","PK","N/A","39.040635","-77.05280667","
,  
(39.040635, -77.05280667)"
"MCP3042003S","220015687","Montgomery County Police","Property Damage Crash","2022-04-13T16:00:00.000","County","GRANDVIEW AVE","Maryland (State)","UNIVERSITY BLVD W",,"N/A",,"SAME DIRECTION SIDESWIPE","CLOUDY","DRY","DAYLIGHT","TRAFFIC SIGNAL","NONE DETECTED",,"D5ACE227-1785-4CC7-9F47-A260F599BD63","No","NO APPARENT INJURY","N/A","NOT DISTRACTED","MD","E80B4ED7-98FF-4028-B652-62FD45D88715","SUPERFICIAL","ONE OCLOCK","ONE OCLOCK","PASSENGER CAR","STARTING FROM LANE","North","North","25","No","No","2016","FORD","EXPLORER","NO MISUSE","39.040635","-77.05280667","
,  
(39.040635, -77.05280667)"
"MCP3263001Y","220015685","Montgomery County Police","Property Damage Crash","2022-04-13T15:46:00.000","County","GLADWYNE DR","County","JONES BRIDGE RD",,"N/A",,"SAME DIR REAR END","CLEAR","DRY","DAYLIGHT","NO CONTROLS","NONE DETECTED",,"F4DB7B64-FBD6-4FC0-BC4A-66A8EF8DA998","Yes","NO APPARENT INJURY","N/A","LOOKED BUT DID NOT SEE","MD","1D8D9319-FFEA-4DDD-9480-E884D1E3C5C9","SUPERFICIAL","SIX OCLOCK","SIX OCLOCK","AMBULANCE/EMERGENCY","BACKING","West","West","35","No","No","2021","FREIGHTLINER","AMBULANCE","NO MISUSE","38.99697886","-77.09168491","
,  
(38.99697886, -77.09168491)"
"MCP26070066","220015686","Montgomery County Police","Property Damage Crash","2022-04-13T15:00:00.000","County","GAITHER RD","County","SHADY GROVE RD",,"N/A",,"OTHER","CLEAR","DRY","DAYLIGHT","NO CONTROLS","UNKNOWN",,"CC6E94D5-A44A-4EB1-9CAD-62FA69096565","Yes","NO APPARENT INJURY","N/A","UNKNOWN",,"CD8F80C6-F3D1-4099-9D00-F723E599D233","NO DAMAGE","NON-COLLISION","NON-COLLISION","UNKNOWN","MAKING LEFT TURN","North","North","25","No","No","0","UNKNOWN","UNKNOWN","UNKNOWN","39.11753596","-77.18442943","
,  
(39.11753596, -77.18442943)"
"MCP26070066","220015686","Montgomery County Police","Property Damage Crash","2022-04-13T15:00:00.000","County","GAITHER RD","County","SHADY GROVE RD",,"N/A",,"OTHER","CLEAR","DRY","DAYLIGHT","NO CONTROLS","NONE DETECTED",,"88AE118A-2153-4BC6-A951-105686618BAF","No","NO APPARENT INJURY","N/A","UNKNOWN","MD","AFE37FF9-FBB1-48AF-B957-DCE30D390A5A","FUNCTIONAL","ONE OCLOCK","ELEVEN OCLOCK","MOTORCYCLE","MOVING CONSTANT SPEED","West","West","25","No","No","2020","MOGU","V7III","NO MISUSE","39.11753596","-77.18442943","
,  
(39.11753596, -77.18442943)"
"MCP3217001P","220015676","Montgomery County Police","Property Damage Crash","2022-04-13T14:00:00.000","County","GATEWAY CENTER DR","Maryland (State)","CLARKSBURG RD",,"N/A",,"SAME DIRECTION RIGHT TURN","CLEAR","DRY","DAYLIGHT","YIELD SIGN","NONE DETECTED",,"45A3D78E-00BA-459E-8E94-05701F98EC76","No","NO APPARENT INJURY","N/A","NOT DISTRACTED","MD","DD54F1D8-2070-4EA0-9864-97B26AFAB3F7","FUNCTIONAL","ELEVEN OCLOCK","ELEVEN OCLOCK","PASSENGER CAR","MAKING RIGHT TURN","North","West","30","No","No","2012","JEEP","TK","NO MISUSE","39.23554667","-77.28269067","
,  
(39.23554667, -77.28269067)"
"MCP3217001P","220015676","Montgomery County Police","Property Damage Crash","2022-04-13T14:00:00.000","County","GATEWAY CENTER DR","Maryland (State)","CLARKSBURG RD",,"N/A",,"SAME DIRECTION RIGHT TURN","CLEAR","DRY","DAYLIGHT","YIELD SIGN","NONE DETECTED",,"F32DAEBA-97E4-4FD4-88AA-7D138B8B4738","Yes","NO APPARENT INJURY","N/A","UNKNOWN","WV","24452E4B-9A71-4D10-BD27-A65912A306C0","SUPERFICIAL","THREE OCLOCK","THREE OCLOCK","MEDIUM/HEAVY TRUCKS 3 AXLES (OVER 10,000LBS (4,536KG))","MAKING RIGHT TURN","North","West","30","No","No","2016","KENW","TRUCK TRACTOR","NO MISUSE","39.23554667","-77.28269067","
,  
(39.23554667, -77.28269067)"
"MCP2799006M","220015672","Montgomery County Police","Property Damage Crash","2022-04-13T13:10:00.000",,,,,"PARKING LOT OF 13335 NEW HAMPSHIRE AVE 
SUNOCO GAS STATION",,,"HEAD ON","CLEAR",,"DAYLIGHT","NO CONTROLS","NONE DETECTED",,"81AB177C-BD2B-41EA-9C90-01BABD43B660","Yes","NO APPARENT INJURY","N/A","UNKNOWN","MD","09B8EEF8-24FE-4947-9A18-A383E2D0600B","DISABLING","TWELVE OCLOCK","TWELVE OCLOCK","PASSENGER CAR","MOVING CONSTANT SPEED","South","South","15","No","No","2019","HONDA","CR-V","NO MISUSE","39.07497667","-77.00178833","
,  
(39.07497667, -77.00178833)"
"DD56330070","220015671","Rockville Police Departme","Property Damage Crash","2022-04-13T13:00:00.000","Maryland (State)","VEIRS MILL RD","Municipality","EDMONSTON DR",,"ROCKVILLE",,"SAME DIRECTION SIDESWIPE","CLEAR","DRY","DAYLIGHT","N/A","NONE DETECTED",,"E5B28C91-3BF5-4142-926B-5143915140F4","Yes","NO APPARENT INJURY","N/A","NOT DISTRACTED","MD","16CA3A16-868D-411B-88F4-BF288C6F86E3","SUPERFICIAL","ONE OCLOCK","ONE OCLOCK","CARGO VAN/LIGHT TRUCK 2 AXLES (OVER 10,000LBS (4,536 KG))","SLOWING OR STOPPING","West","West","5","No","No","2019","PTRB","TK","NO MISUSE","39.07857759","-77.12995418","
,  
(39.07857759, -77.12995418)"
"MCP13430006","220014641","Montgomery County Police","Property Damage Crash","2022-04-13T12:05:00.000",,,,,"SCHOOL PARKING LOT",,,"OTHER","N/A",,"DAYLIGHT","NO CONTROLS","NONE DETECTED",,"F1E56FB8-58A6-4636-8CD4-257E20666886","Yes","NO APPARENT INJURY","N/A","NOT DISTRACTED","MD","776EEFEC-DA77-4AD5-8F68-980794D6640F","SUPERFICIAL","FIVE OCLOCK","FIVE OCLOCK","SCHOOL BUS","BACKING","East","East","5","No","No","2017","THOMAS","BUS","NO MISUSE","39.28186346","-77.2105905","
,  
(39.28186346, -77.2105905)"