"report_number","local_case_number","agency_name","acrs_report_type","crash_date_time","route_type","road_name","cross_street_type","cross_street_name","off_road_description","municipality","related_non_motorist","collision_type","weather","surface_condition","light","traffic_control","driver_substance_abuse","non_motorist_substance_abuse","person_id","driver_at_fault","injury_severity","circumstance","driver_distracted_by","drivers_license_state","vehicle_id","vehicle_damage_extent","vehicle_first_impact_location","vehicle_second_impact_location","vehicle_body_type","vehicle_movement","vehicle_continuing_dir","vehicle_going_dir","speed_limit","driverless_vehicle","parked_vehicle","vehicle_year","vehicle_make","vehicle_model","equipment_problems","latitude","longitude","geolocation"
"MCP285900C0","220015661","Montgomery County Police","Property Damage Crash","2022-04-13T11:30:00.000","Maryland (State)","KEY WEST AVE","County","OMEGA DR",,"N/A",,"SAME DIR REAR END","CLEAR","DRY","DAYLIGHT","TRAFFIC SIGNAL","NONE DETECTED",,"5CAD59F8-E031-4CAC-A909-64A176AA6C21","No","NO APPARENT INJURY","N/A","NOT DISTRACTED","MD","11A7AB51-3C64-4D44-8598-60622C6328E4","FUNCTIONAL","SIX OCLOCK","SIX OCLOCK","PASSENGER CAR","STOPPED IN TRAFFIC LANE","South","South","30","No","No","2016","MAZDA","SUV","NO MISUSE","39.10529667","-77.19604333","
,  
(39.10529667, -77.19604333)"
"MCP285900C0","220015661","Montgomery County Police","Property Damage Crash","2022-04-13T11:30:00.000","Maryland (State)","KEY WEST AVE","County","OMEGA DR",,"N/A",,"SAME DIR REAR END","CLEAR","DRY","DAYLIGHT","TRAFFIC SIGNAL","NONE DETECTED",,"86767A38-5E4F-4275-A905-8439830A05A7","Yes","NO APPARENT INJURY","N/A","LOOKED BUT DID NOT SEE","MD","488C81CA-7235-48CA-A1E2-070C4B2A2E12","DISABLING","TWELVE OCLOCK","TWELVE OCLOCK","PASSENGER CAR","MOVING CONSTANT SPEED","South","South","30","No","No","2018","JEEP","SUV","NO MISUSE","39.10529667","-77.19604333","
,  
(39.10529667, -77.19604333)"
"MCP3198003S","220015697","Montgomery County Police","Property Damage Crash","2022-04-13T11:00:00.000",,,,,"PARKING LOT OF 10325 KENSINGTON PKWY KENSINGTON, MD 20895",,,"OTHER","CLEAR",,"DAYLIGHT","N/A","UNKNOWN",,"AF498B2F-4787-4BC0-834E-ED83889F90C4","Yes","NO APPARENT INJURY","N/A","UNKNOWN",,"859260D2-EA38-421A-8489-33E2F25C3CD9","UNKNOWN","SIX OCLOCK","SIX OCLOCK","PASSENGER CAR","BACKING","Unknown","Unknown","10","No","No","2002","CHEVY","IMPALA","N/A","39.02572781","-77.07154875","
,  
(39.02572781, -77.07154875)"
"MCP0942003H","220015655","Montgomery County Police","Property Damage Crash","2022-04-13T10:41:00.000","County","ARLINGTON RD","Maryland (State)","OLD GEORGETOWN RD",,"N/A",,"SAME DIR REAR END","CLEAR","DRY","DAYLIGHT","TRAFFIC SIGNAL","NONE DETECTED",,"B553EB34-C9B8-46D7-BD37-0373B37414D9","Yes","NO APPARENT INJURY","N/A","NOT DISTRACTED","MD","D47AB1C4-7B2F-4401-9E33-87C774AD922C","FUNCTIONAL","TWELVE OCLOCK","TWELVE OCLOCK","(SPORT) UTILITY VEHICLE","SLOWING OR STOPPING","North","North","25","No","No","2017","MERZ","GLS450","NO MISUSE","38.98730045","-77.09935242","
,  
(38.98730045, -77.09935242)"
"MCP0942003H","220015655","Montgomery County Police","Property Damage Crash","2022-04-13T10:41:00.000","County","ARLINGTON RD","Maryland (State)","OLD GEORGETOWN RD",,"N/A",,"SAME DIR REAR END","CLEAR","DRY","DAYLIGHT","TRAFFIC SIGNAL","NONE DETECTED",,"87C9B23B-6B96-4DEA-B57B-0A15D7E6F645","No","NO APPARENT INJURY","N/A","NOT DISTRACTED","MD","86F0BBCB-A9E9-4F18-871A-2E6B4A92EE4D","SUPERFICIAL","SIX OCLOCK","SIX OCLOCK","MEDIUM/HEAVY TRUCKS 3 AXLES (OVER 10,000LBS (4,536KG))","STOPPED IN TRAFFIC LANE","North","North","25","No","No","2020","HINO","195","NO MISUSE","38.98730045","-77.09935242","
,  
(38.98730045, -77.09935242)"
"MCP32390021","220015651","Montgomery County Police","Injury Crash","2022-04-13T10:16:00.000","County","STEWART LA","County","LOCKWOOD DR",,"N/A","PEDESTRIAN","SINGLE VEHICLE","CLEAR","DRY","DAYLIGHT","NO CONTROLS","UNKNOWN","N/A","64095954-3635-4C08-90A9-8CFFE6BF8B42","Yes","NO APPARENT INJURY","N/A","UNKNOWN",,"544E263C-23B6-4630-9BE6-A150532F6CE3","UNKNOWN","UNKNOWN","UNKNOWN",,"NEGOTIATING A CURVE","East","East","25","Unknown","No","0","UNKNOWN","UNKNOWN","UNKNOWN","39.0438284","-76.98218047","
,  
(39.0438284, -76.98218047)"
"MCP115100CN","220015645","Montgomery County Police","Property Damage Crash","2022-04-13T09:05:00.000","County","OBSERVATION DR","County","EXPLORATION LA",,"N/A",,"SINGLE VEHICLE","CLEAR","DRY","DAYLIGHT","N/A","NONE DETECTED",,"1CDA0DE1-BC8D-4E00-870E-49D9D4FB5990","Yes","NO APPARENT INJURY","N/A","INATTENTIVE OR LOST IN THOUGHT","MD","495ECA50-4C7E-4142-BCEB-F274B85417FA","DISABLING","ONE OCLOCK","ONE OCLOCK","PASSENGER CAR","MOVING CONSTANT SPEED","North","North","30","No","No","2018","FIAT","500X","NO MISUSE","39.180655","-77.243865","
,  
(39.180655, -77.243865)"
"MCP2902005G","220015643","Montgomery County Police","Injury Crash","2022-04-13T08:43:00.000","County","MATENY RD","County","BARLEYCORN WAY",,"N/A",,"STRAIGHT MOVEMENT ANGLE","N/A","DRY","DAYLIGHT","STOP SIGN","N/A",,"DC3A70FA-C4DC-41EF-878B-02FC499FE518","Yes","SUSPECTED MINOR INJURY","N/A","UNKNOWN","MD","47271806-CC13-4404-852B-949CD835FAA1","DISABLING","ONE OCLOCK","ONE OCLOCK","(SPORT) UTILITY VEHICLE","ACCELERATING","East","South","35","No","No","2017","HOND","TK","NO MISUSE","39.147745","-77.27068167","
,  
(39.147745, -77.27068167)"
"MCP2902005G","220015643","Montgomery County Police","Injury Crash","2022-04-13T08:43:00.000","County","MATENY RD","County","BARLEYCORN WAY",,"N/A",,"STRAIGHT MOVEMENT ANGLE","N/A","DRY","DAYLIGHT","STOP SIGN","N/A",,"6CC615C4-EACB-49DE-AE6B-CD3AC3CE2AF4","No","NO APPARENT INJURY","N/A","NOT DISTRACTED","MD","9CC157C1-148A-449C-9C73-B91DE370543B","SUPERFICIAL","TWELVE OCLOCK","ELEVEN OCLOCK","PASSENGER CAR","MOVING CONSTANT SPEED","East","East","35","No","No","2017","HONDA","CRV","NO MISUSE","39.147745","-77.27068167","
,  
(39.147745, -77.27068167)"
"MCP243600FS","220015640","Montgomery County Police","Property Damage Crash","2022-04-13T07:30:00.000","Maryland (State)","PINEY BRANCH RD","Maryland (State)","FLOWER AVE",,"N/A",,"SAME DIR REAR END","CLEAR","DRY","DAYLIGHT","TRAFFIC SIGNAL","NONE DETECTED",,"EAA607D5-9E3A-433D-8547-BB91CC6E1834","Yes","NO APPARENT INJURY","N/A","UNKNOWN","DE","ED43AEE0-015A-46EB-B571-3CC98A589FCA","SUPERFICIAL","TWELVE OCLOCK","TWELVE OCLOCK","TRANSIT BUS","SLOWING OR STOPPING","South","South","30","No","No","2011","GILLIG","BUS","NO MISUSE","38.99843202","-77.00297417","
,  
(38.99843202, -77.00297417)"
"MCP243600FS","220015640","Montgomery County Police","Property Damage Crash","2022-04-13T07:30:00.000","Maryland (State)","PINEY BRANCH RD","Maryland (State)","FLOWER AVE",,"N/A",,"SAME DIR REAR END","CLEAR","DRY","DAYLIGHT","TRAFFIC SIGNAL","NONE DETECTED",,"950F8D7A-D2D3-4D2F-9B9D-5EFCD28AE792","No","NO APPARENT INJURY","N/A","NOT DISTRACTED","MD","ED08019B-C0DF-43D9-A37D-56F30CE89E93","SUPERFICIAL","SIX OCLOCK","SIX OCLOCK","PASSENGER CAR","STOPPED IN TRAFFIC LANE","South","South","30","No","No","2021","HYUNDAI","ELANTRA","NO MISUSE","38.99843202","-77.00297417","
,  
(38.99843202, -77.00297417)"
"MCP20160064","220015638","Montgomery County Police","Injury Crash","2022-04-13T06:59:00.000","Maryland (State)","ROCKVILLE PIKE","Municipality","TWINBROOK PKWY",,"ROCKVILLE",,"STRAIGHT MOVEMENT ANGLE","CLEAR","DRY","DAYLIGHT","TRAFFIC SIGNAL","N/A",,"B13ED733-A98D-4A6A-B8B4-7B5157B273BF","Yes","SUSPECTED MINOR INJURY","N/A","NOT DISTRACTED","MD","24D8B7E7-8E49-41A8-9655-2618AC65C9D5","DISABLING","TWELVE OCLOCK","TWELVE OCLOCK","PASSENGER CAR","MOVING CONSTANT SPEED","North","North","40","No","No","2010","FORD","FOCUS","N/A","39.05912333","-77.15083333","
,  
(39.05912333, -77.15083333)"
"MCP20160064","220015638","Montgomery County Police","Injury Crash","2022-04-13T06:59:00.000","Maryland (State)","ROCKVILLE PIKE","Municipality","TWINBROOK PKWY",,"ROCKVILLE",,"STRAIGHT MOVEMENT ANGLE","CLEAR","DRY","DAYLIGHT","TRAFFIC SIGNAL","N/A",,"22DC35A4-FE06-4AD8-9E37-F5DE77350792","Yes","SUSPECTED MINOR INJURY","N/A","NOT DISTRACTED","MD","1ABCD5A2-5929-48C8-BA50-A2175D8FC98D","DISABLING","THREE OCLOCK","THREE OCLOCK","PASSENGER CAR","MAKING LEFT TURN","East","South","40","No","No","2021","BMW","X6","NO MISUSE","39.05912333","-77.15083333","
,  
(39.05912333, -77.15083333)"
"MCP2905005D","220015636","Montgomery County Police","Injury Crash","2022-04-13T06:26:00.000","County","PARKLAWN DR","County","BOILING BROOK PKWY",,"N/A",,"SAME DIR REAR END","CLEAR","DRY","DAWN","TRAFFIC SIGNAL","N/A",,"A16CF7AC-F53B-44BE-98E8-D3A75DD6CCBC","No","SUSPECTED MINOR INJURY","N/A","NOT DISTRACTED","MD","24A27AF2-A83B-4B8D-94D2-556805EFCBE3","SUPERFICIAL","SIX OCLOCK","SIX OCLOCK","PASSENGER CAR","STOPPED IN TRAFFIC LANE","South","South","30","No","No","2004","PONTIAC","4S","NO MISUSE","39.04901833","-77.102465","
,  
(39.04901833, -77.102465)"
"MCP2905005D","220015636","Montgomery County Police","Injury Crash","2022-04-13T06:26:00.000","County","PARKLAWN DR","County","BOILING BROOK PKWY",,"N/A",,"SAME DIR REAR END","CLEAR","DRY","DAWN","TRAFFIC SIGNAL","N/A",,"11EF46D8-C01D-4250-8385-FFBE270C622C","Yes","NO APPARENT INJURY","N/A","LOOKED BUT DID NOT SEE","MD","53AC4FF5-0FD3-4945-A520-13D263AD6874","DISABLING","TWELVE OCLOCK","TWELVE OCLOCK","PASSENGER CAR","SLOWING OR STOPPING","South","South","30","No","No","1999","ACURA","TL","N/A","39.04901833","-77.102465","
,  
(39.04901833, -77.102465)"
"MCP2905005D","220015636","Montgomery County Police","Injury Crash","2022-04-13T06:26:00.000","County","PARKLAWN DR","County","BOILING BROOK PKWY",,"N/A",,"SAME DIR REAR END","CLEAR","DRY","DAWN","TRAFFIC SIGNAL","N/A",,"CDD7FDBB-7096-4DF1-A14B-E7D0194BD97A","No","NO APPARENT INJURY","N/A","NOT DISTRACTED","MD","ED4B7AA8-5924-46C0-8987-D56E27870635","SUPERFICIAL","ONE OCLOCK","ONE OCLOCK","PASSENGER CAR","SLOWING OR STOPPING","South","South","30","No","No","2005","VOLK","JETTA","NO MISUSE","39.04901833","-77.102465","
,  
(39.04901833, -77.102465)"
"MCP2814002Z","220015635","Montgomery County Police","Property Damage Crash","2022-04-13T05:37:00.000","Maryland (State)","S FREDERICK RD","Municipality","EDUCATION BLVD",,"GAITHERSBURG",,"SINGLE VEHICLE","N/A","DRY","DARK LIGHTS ON","TRAFFIC SIGNAL","NONE DETECTED",,"7E426E73-28CF-49FA-B9CA-1A4728DABBCC","Yes","NO APPARENT INJURY","N/A","UNKNOWN","MD","A36FE119-7710-487F-AD13-99CEACD9DD06","DISABLING","TWELVE OCLOCK","TWELVE OCLOCK","PASSENGER CAR","MOVING CONSTANT SPEED","North","North","35","No","No","2009","HONDA","CIVIC","NO MISUSE","39.13611077","-77.19246631","
,  
(39.13611077, -77.19246631)"
"MCP2402000W","220015615","Montgomery County Police","Injury Crash","2022-04-12T22:32:00.000","County","KILGORE RD","County","ALLERTON LA",,"N/A",,"SINGLE VEHICLE","CLEAR","DRY","DARK LIGHTS ON","N/A","N/A",,"4B5AF3EA-2B78-43E5-97D8-3EAB493379B5","Yes","SUSPECTED MINOR INJURY","N/A","UNKNOWN","MD","059F1EDC-07F2-4044-829C-9584BA769B49","DESTROYED","TWELVE OCLOCK","TWELVE OCLOCK","PASSENGER CAR","UNKNOWN","West","West","25","No","No","2004","CHEVROLET","IMPALA","N/A","39.067554","-76.989288","
,  
(39.067554, -76.989288)"
"MCP3240002T","220015609","Montgomery County Police","Property Damage Crash","2022-04-12T21:58:00.000","County","METZ DR","Maryland (State)","CLOPPER RD",,"N/A",,"SINGLE VEHICLE","CLEAR","DRY","DARK LIGHTS ON","NO CONTROLS","NONE DETECTED",,"EE17AA4F-1B01-47B3-9013-02EE85CB0DE1","Yes","NO APPARENT INJURY","N/A","OTHER CELLULAR PHONE RELATED","MD","895C3DC2-7FAA-4CE3-819E-75D46AAEDEF4","FUNCTIONAL","TWELVE OCLOCK","TWELVE OCLOCK","PASSENGER CAR","MOVING CONSTANT SPEED","South","South","30","No","No","2007","LEXUS","4S","NO MISUSE","39.15684733","-77.27081152","
,  
(39.15684733, -77.27081152)"
"DD5644002L","220015601","Rockville Police Departme","Property Damage Crash","2022-04-12T21:00:00.000","Municipality","N STONESTREET AVE","Municipality","FREDERICK AVE",,"ROCKVILLE",,"SAME DIRECTION SIDESWIPE","CLEAR","DRY","DARK LIGHTS ON","NO CONTROLS","ALCOHOL PRESENT",,"070047C1-016C-4CB6-A7A6-CC86FC955069","Yes","NO APPARENT INJURY","N/A","OTHER DISTRACTION","MD","4D99D18A-AB65-4094-979C-9446B5FE20C6","DESTROYED","ONE OCLOCK","ONE OCLOCK","PASSENGER CAR","MOVING CONSTANT SPEED","South","South","25","No","No","2007","HONDA","SD","NO MISUSE","39.09381133","-77.15051117","
,  
(39.09381133, -77.15051117)"
"MCP29170098","220015602","Montgomery County Police","Property Damage Crash","2022-04-12T20:53:00.000","County","LITTLETON ST","County","NEOLA RD",,"N/A",,"SAME DIRECTION SIDESWIPE","CLEAR","DRY","DARK NO LIGHTS","NO CONTROLS","NONE DETECTED",,"9D39F614-1BD2-4295-985D-624696134BB0","No","NO APPARENT INJURY","N/A","NOT DISTRACTED","MD","4763CA17-3AEC-4EAC-A4B1-5215EA7D0AE0","SUPERFICIAL","TWO OCLOCK","TWO OCLOCK","FIRE VEHICLE/EMERGENCY","MOVING CONSTANT SPEED","South","East","35","No","No","2019","PIERCE","ENFORCER","NO MISUSE","39.06882597","-77.07888883","
,  
(39.06882597, -77.07888883)"
"MCP32800021","220015590","Montgomery County Police","Property Damage Crash","2022-04-12T19:35:00.000",,,,,"PARKING LOT OF 8890 PINEY BRANCH RD, SILVER SPRING, MD 20903",,,"OTHER","CLEAR",,"DAYLIGHT","NO CONTROLS","UNKNOWN",,"6B0782CE-C73C-4514-B4CA-CFE7CD9B5E1C","Yes","NO APPARENT INJURY","N/A","UNKNOWN",,"6777A0DA-6D06-4EA9-8568-4E8525662558","UNKNOWN","UNKNOWN","UNKNOWN","VAN","OTHER","South","North","10","No","No","2006","FORD","E-250","UNKNOWN","39.0016341","-76.99048952","
,  
(39.0016341, -76.99048952)"
"MCP3227003G","220015582","Montgomery County Police","Property Damage Crash","2022-04-12T18:35:00.000","Maryland (State)","NEW HAMPSHIRE AVE","County","FOX ST",,"N/A",,"SAME DIRECTION RIGHT TURN","CLEAR","DRY","DAYLIGHT","NO CONTROLS","UNKNOWN",,"D02D4836-8E63-447B-811B-7A4423270747","Yes","NO APPARENT INJURY","N/A","UNKNOWN",,"B39F7617-F549-406C-BB9C-7AF7ED5F2C59","UNKNOWN","ONE OCLOCK","ONE OCLOCK","PASSENGER CAR","MAKING RIGHT TURN","East","North","40","No","No","0","TOYOTA","CAMRY","NO MISUSE","39.00818214","-76.9796477","
,  
(39.00818214, -76.9796477)"
"MCP3227003G","220015582","Montgomery County Police","Property Damage Crash","2022-04-12T18:35:00.000","Maryland (State)","NEW HAMPSHIRE AVE","County","FOX ST",,"N/A",,"SAME DIRECTION RIGHT TURN","CLEAR","DRY","DAYLIGHT","NO CONTROLS","NONE DETECTED",,"DBE81AD2-5DEF-4B8E-96CF-36C60D1358EE","No","NO APPARENT INJURY","N/A","NOT DISTRACTED","MD","701396A1-E830-4907-9330-EA9256E19560","FUNCTIONAL","TWELVE OCLOCK","TWELVE OCLOCK","TRANSIT BUS","STARTING FROM LANE","North","North","40","No","No","2016","GILL","BUS","NO MISUSE","39.00818214","-76.9796477","
,  
(39.00818214, -76.9796477)"
"MCP28850036","220015570","Montgomery County Police","Injury Crash","2022-04-12T18:05:00.000","Maryland (State)","NEW HAMPSHIRE AVE","Maryland (State)","INTERCOUNTY CONNECTOR",,"N/A",,"HEAD ON LEFT TURN","CLEAR","DRY","DAYLIGHT","TRAFFIC SIGNAL","NONE DETECTED",,"556713B1-BC30-4803-9961-F455F675CAB5","Yes","SUSPECTED MINOR INJURY","N/A","UNKNOWN","VA","4875A838-FA53-43A3-A965-3B3E430373B4","DESTROYED","TWO OCLOCK","TWO OCLOCK","PASSENGER CAR","MAKING LEFT TURN","East","South","45","No","No","2011","TOYOTA","COROLLA","NO MISUSE","39.08827","-76.99942833","
,  
(39.08827, -76.99942833)"
"MCP28850036","220015570","Montgomery County Police","Injury Crash","2022-04-12T18:05:00.000","Maryland (State)","NEW HAMPSHIRE AVE","Maryland (State)","INTERCOUNTY CONNECTOR",,"N/A",,"HEAD ON LEFT TURN","CLEAR","DRY","DAYLIGHT","TRAFFIC SIGNAL","NONE DETECTED",,"929310D7-EEF0-4F35-8C43-A6B0B7005B98","Yes","NO APPARENT INJURY","N/A","NOT DISTRACTED","MD","9348075B-CC95-4082-B218-D9D71BC6E426","DISABLING","TWELVE OCLOCK","TWELVE OCLOCK","PASSENGER CAR","MOVING CONSTANT SPEED","North","North","45","No","No","2012","TOYOTA","HIGHLANDER","NO MISUSE","39.08827","-76.99942833","
,  
(39.08827, -76.99942833)"
"MCP0617003T","22001557","Montgomery County Police","Property Damage Crash","2022-04-12T17:46:00.000",,,,,"EMERGENCY BAY AT 9901 MEDICAL CENTER DR (SHADY GROVE HOSPITAL)",,,"SINGLE VEHICLE","CLEAR",,"DAYLIGHT","NO CONTROLS","NONE DETECTED",,"97D88D73-DA66-4908-8C63-A468F0E39B44","Yes","NO APPARENT INJURY","N/A","NOT DISTRACTED","MD","673C36A9-4000-4F61-B0D3-D5B8958A547C","SUPERFICIAL","SIX OCLOCK","SIX OCLOCK","AMBULANCE/NON EMERGENCY","BACKING","North","North","5","No","No","2020","FRHT","AM","NO MISUSE","39.098125","-77.19783667","
,  
(39.098125, -77.19783667)"
"DD5651001L","220015563","Rockville Police Departme","Injury Crash","2022-04-12T17:09:00.000","Maryland (State)","FREDERICK RD","County","REDLAND RD",,"N/A",,"STRAIGHT MOVEMENT ANGLE","CLEAR","DRY","DAYLIGHT","TRAFFIC SIGNAL","NONE DETECTED",,"E5F48483-2684-4F26-A5FF-F5081D23499F","Yes","NO APPARENT INJURY","N/A","LOOKED BUT DID NOT SEE","MD","573CEC36-33AA-44CC-9BCA-C0A249F75B9F","DESTROYED","TWELVE OCLOCK","TWELVE OCLOCK","PASSENGER CAR","MAKING RIGHT TURN","North","West","25","No","No","2021","SUBA","UT","NO MISUSE","39.11570482","-77.16610008","
,  
(39.11570482, -77.16610008)"
"DD5651001L","220015563","Rockville Police Departme","Injury Crash","2022-04-12T17:09:00.000","Maryland (State)","FREDERICK RD","County","REDLAND RD",,"N/A",,"STRAIGHT MOVEMENT ANGLE","CLEAR","DRY","DAYLIGHT","TRAFFIC SIGNAL","NONE DETECTED",,"88223092-968C-4628-8EAC-A59081815F00","No","NO APPARENT INJURY","N/A","NOT DISTRACTED","MD","8EE1208A-4FD0-4865-8A7A-754008DC52CA","DISABLING","TWO OCLOCK","TWO OCLOCK","PASSENGER CAR","MOVING CONSTANT SPEED","North","North","40","No","No","2016","DODG","UT","NO MISUSE","39.11570482","-77.16610008","
,  
(39.11570482, -77.16610008)"
"MCP1235003Z","220015559","Montgomery County Police","Property Damage Crash","2022-04-12T17:03:00.000","County","BROOKMOOR DR","County","HILLMOOR DR",,"N/A",,"STRAIGHT MOVEMENT ANGLE","CLEAR","DRY","DAYLIGHT","STOP SIGN","NONE DETECTED",,"0EDFEA72-4494-48B6-A0FF-35EF9260C511","Yes","NO APPARENT INJURY","N/A","LOOKED BUT DID NOT SEE","MD","4FDD5199-263C-4675-8327-4102D6D3854A","DISABLING","TWELVE OCLOCK","TWELVE OCLOCK","PASSENGER CAR","STARTING FROM LANE","South","South","25","No","No","2021","TOYOTA","RAV 4","NO MISUSE","39.02385333","-77.00260833","
,  
(39.02385333, -77.00260833)"
"MCP1235003Z","220015559","Montgomery County Police","Property Damage Crash","2022-04-12T17:03:00.000","County","BROOKMOOR DR","County","HILLMOOR DR",,"N/A",,"STRAIGHT MOVEMENT ANGLE","CLEAR","DRY","DAYLIGHT","STOP SIGN","NONE DETECTED",,"A65839ED-C556-4546-BDC1-4A05C311F0CA","No","NO APPARENT INJURY","N/A","NOT DISTRACTED","MD","75ECDBCD-3EDB-4B4E-AE52-C970B89002B0","DISABLING","ONE OCLOCK","ONE OCLOCK","PASSENGER CAR","MOVING CONSTANT SPEED","West","West","25","No","No","2019","JEEP","LIMITED","NO MISUSE","39.02385333","-77.00260833","
,  
(39.02385333, -77.00260833)"
"MCP2674002X","220015558","Montgomery County Police","Injury Crash","2022-04-12T17:00:00.000","County","MIDDLEBROOK RD","Unknown","ENT TO MIDDLEBROOK SQ SHOPPING CENTER",,"N/A",,"HEAD ON LEFT TURN","CLEAR","DRY","DAYLIGHT","NO CONTROLS","UNKNOWN",,"FBC049B7-2BBA-4CD0-9033-1B00594749C2","Yes","POSSIBLE INJURY","N/A","NOT DISTRACTED","MD","C110021B-DADC-44F9-BB73-47C82D52FEB1","DISABLING","NINE OCLOCK","NINE OCLOCK","(SPORT) UTILITY VEHICLE","ACCELERATING","East","North","40","No","No","2011","TOYOTA","RAV4","NO MISUSE","39.18151853","-77.23725963","
,  
(39.18151853, -77.23725963)"
"MCP2674002X","220015558","Montgomery County Police","Injury Crash","2022-04-12T17:00:00.000","County","MIDDLEBROOK RD","Unknown","ENT TO MIDDLEBROOK SQ SHOPPING CENTER",,"N/A",,"HEAD ON LEFT TURN","CLEAR","DRY","DAYLIGHT","NO CONTROLS","NONE DETECTED",,"FAFBF628-B10E-42F6-90B0-8F4EEC716E15","No","POSSIBLE INJURY","N/A","NOT DISTRACTED","MD","4731D19B-47FE-4110-9606-98E8AB49EC76","DISABLING","TWELVE OCLOCK","TWELVE OCLOCK","(SPORT) UTILITY VEHICLE","MOVING CONSTANT SPEED","East","East","40","No","No","2004","MERZ","TK","NO MISUSE","39.18151853","-77.23725963","
,  
(39.18151853, -77.23725963)"
"MCP2339006Z","220015556","Montgomery County Police","Property Damage Crash","2022-04-12T16:41:00.000","Maryland (State)","VEIRS MILL RD","Municipality","MEADOW HALL DR",,"ROCKVILLE",,"STRAIGHT MOVEMENT ANGLE","CLEAR","DRY","DAYLIGHT","NO CONTROLS","NONE DETECTED",,"AFE471F2-D18B-4043-9C6C-9155021A9EB7","No","NO APPARENT INJURY","N/A","NOT DISTRACTED","MD","93CD8867-1F4D-4D10-B9E0-017E97F5AED3","DISABLING","TWELVE OCLOCK","TWELVE OCLOCK","PASSENGER CAR","MOVING CONSTANT SPEED","East","East","40","No","No","2020","HONDA","ACCORD","N/A","39.07428995","-77.11388005","
,  
(39.07428995, -77.11388005)"
"MCP2339006Z","220015556","Montgomery County Police","Property Damage Crash","2022-04-12T16:41:00.000","Maryland (State)","VEIRS MILL RD","Municipality","MEADOW HALL DR",,"ROCKVILLE",,"STRAIGHT MOVEMENT ANGLE","CLEAR","DRY","DAYLIGHT","NO CONTROLS","NONE DETECTED",,"453435E1-2388-4D60-839E-284432BC72E7","Yes","NO APPARENT INJURY","N/A","LOOKED BUT DID NOT SEE","VA","B8811A40-7ED0-47D9-9482-9C5DCD785362","DISABLING","TWELVE OCLOCK","TWELVE OCLOCK","PASSENGER CAR","MOVING CONSTANT SPEED","South","South","30","No","No","2017","FORD","FUSION","N/A","39.07428995","-77.11388005","
,  
(39.07428995, -77.11388005)"
"MCP3022004M","220015546","Montgomery County Police","Injury Crash","2022-04-12T15:51:00.000","Maryland (State)","WOODFIELD RD","County","ROLLING FORK DR",,"N/A",,"STRAIGHT MOVEMENT ANGLE","CLEAR","DRY","DAYLIGHT","STOP SIGN","N/A",,"2CCBFA1B-9E48-40E9-B5CB-F36A1EC9FE04","Yes","NO APPARENT INJURY","N/A","LOOKED BUT DID NOT SEE","MD","F8C2969C-EE3B-443D-910F-5D1B757B104A","SUPERFICIAL","NINE OCLOCK","NINE OCLOCK","PASSENGER CAR","MAKING LEFT TURN","North","North","30","No","No","2016","KIA","4S","NO MISUSE","39.25034783","-77.19482317","
,  
(39.25034783, -77.19482317)"
"MCP3022004M","220015546","Montgomery County Police","Injury Crash","2022-04-12T15:51:00.000","Maryland (State)","WOODFIELD RD","County","ROLLING FORK DR",,"N/A",,"STRAIGHT MOVEMENT ANGLE","CLEAR","DRY","DAYLIGHT","STOP SIGN","N/A",,"0A1357FC-9D43-4705-9105-E4592273E5F1","No","NO APPARENT INJURY","N/A","NOT DISTRACTED","MD","F2F79F24-DEC3-4406-9435-E20033FB3214","FUNCTIONAL","TWELVE OCLOCK","TWELVE OCLOCK","PASSENGER CAR","MOVING CONSTANT SPEED","South","South","30","No","No","2015","TOYOTA","4S","NO MISUSE","39.25034783","-77.19482317","
,  
(39.25034783, -77.19482317)"
"MCP3160003M","220015539","Montgomery County Police","Property Damage Crash","2022-04-12T15:30:00.000","Maryland (State)","ROCKVILLE PIKE","County","GOLF LA",,"N/A",,"SAME DIR REAR END","CLEAR","DRY","DAYLIGHT","NO CONTROLS","NONE DETECTED",,"0BEADBF0-B18A-45B8-8E85-13F14565A8E3","Yes","NO APPARENT INJURY","N/A","LOOKED BUT DID NOT SEE","MD","AFDBDA04-C450-427D-A3B5-CEF1BA2CB085","DISABLING","TWELVE OCLOCK","TWELVE OCLOCK","PASSENGER CAR","MOVING CONSTANT SPEED","South","South","35","No","No","2011","TOYOTA","CAMERY","NO MISUSE","39.037185","-77.10808667","
,  
(39.037185, -77.10808667)"
"MCP3160003M","220015539","Montgomery County Police","Property Damage Crash","2022-04-12T15:30:00.000","Maryland (State)","ROCKVILLE PIKE","County","GOLF LA",,"N/A",,"SAME DIR REAR END","CLEAR","DRY","DAYLIGHT","NO CONTROLS","NONE DETECTED",,"BBC3D6E3-D0B9-49FA-B0E3-792E1A856C85","No","NO APPARENT INJURY","N/A","NOT DISTRACTED","MD","DD5AB655-C3B2-49F4-BE6D-3E169B2185BE","SUPERFICIAL","SIX OCLOCK","SIX OCLOCK","PICKUP TRUCK","MOVING CONSTANT SPEED","South","South","35","No","No","2014","RAM","TK","NO MISUSE","39.037185","-77.10808667","
,  
(39.037185, -77.10808667)"