"report_number","local_case_number","agency_name","acrs_report_type","crash_date_time","route_type","road_name","cross_street_type","cross_street_name","off_road_description","municipality","related_non_motorist","collision_type","weather","surface_condition","light","traffic_control","driver_substance_abuse","non_motorist_substance_abuse","person_id","driver_at_fault","injury_severity","circumstance","driver_distracted_by","drivers_license_state","vehicle_id","vehicle_damage_extent","vehicle_first_impact_location","vehicle_second_impact_location","vehicle_body_type","vehicle_movement","vehicle_continuing_dir","vehicle_going_dir","speed_limit","driverless_vehicle","parked_vehicle","vehicle_year","vehicle_make","vehicle_model","equipment_problems","latitude","longitude","geolocation"
"MCP2766006T","220015534","Montgomery County Police","Property Damage Crash","2022-04-12T14:50:00.000","Maryland (State)","NORBECK RD","County","ROCKING SPRING DR",,"N/A",,"STRAIGHT MOVEMENT ANGLE","CLEAR","DRY","DAYLIGHT","STOP SIGN","NONE DETECTED",,"57EB584D-C563-4A70-A2DE-76F3D77DB3CC","Yes","NO APPARENT INJURY","N/A","LOOKED BUT DID NOT SEE","MD","3298FDE6-0510-44D9-9600-517A90947E5E","DISABLING","TWELVE OCLOCK","TWELVE OCLOCK","(SPORT) UTILITY VEHICLE","MAKING LEFT TURN","East","South","40","No","No","2002","HONDA","CRV","NO MISUSE","39.09793","-77.104855","
,  
(39.09793, -77.104855)"
"MCP2766006T","220015534","Montgomery County Police","Property Damage Crash","2022-04-12T14:50:00.000","Maryland (State)","NORBECK RD","County","ROCKING SPRING DR",,"N/A",,"STRAIGHT MOVEMENT ANGLE","CLEAR","DRY","DAYLIGHT","STOP SIGN","NONE DETECTED",,"11DC1392-C6AE-4AB9-85AC-ADECED4B897B","No","NO APPARENT INJURY","N/A","NOT DISTRACTED","MD","72C4D341-2646-4A16-8FF7-F2F6CFAFE64C","DISABLING","ONE OCLOCK","ONE OCLOCK","PASSENGER CAR","MOVING CONSTANT SPEED","West","West","40","No","No","2012","HONDA","CIVIC","NO MISUSE","39.09793","-77.104855","
,  
(39.09793, -77.104855)"
"MCP229800ZW","220015528","Montgomery County Police","Property Damage Crash","2022-04-12T14:30:00.000","County","SHADY GROVE RD","Municipality","RESEARCH BLVD",,"ROCKVILLE",,"STRAIGHT MOVEMENT ANGLE","CLEAR","DRY","DAYLIGHT","TRAFFIC SIGNAL","NONE DETECTED",,"0ED44C27-6FDE-4A28-A2D3-251D39359424","No","NO APPARENT INJURY","N/A","NOT DISTRACTED","MD","9ABCAD47-9E8A-49CB-AB23-1ECD20218AE5","DISABLING","TEN OCLOCK","TEN OCLOCK","VAN","MOVING CONSTANT SPEED","West","West","35","No","No","2022","TOYOTA","SIENNA","NO MISUSE","39.10485833","-77.19059333","
,  
(39.10485833, -77.19059333)"
"MCP229800ZW","220015528","Montgomery County Police","Property Damage Crash","2022-04-12T14:30:00.000","County","SHADY GROVE RD","Municipality","RESEARCH BLVD",,"ROCKVILLE",,"STRAIGHT MOVEMENT ANGLE","CLEAR","DRY","DAYLIGHT","TRAFFIC SIGNAL","NONE DETECTED",,"BC16B8FB-9340-4977-8639-A763AD0E9556","Yes","NO APPARENT INJURY","N/A","LOOKED BUT DID NOT SEE","MD","34D33757-BFBB-4F6D-B70D-44EAA9968A44","DISABLING","TWELVE OCLOCK","TWELVE OCLOCK","(SPORT) UTILITY VEHICLE","MOVING CONSTANT SPEED","South","South","45","No","No","2019","HYUN","UT","NO MISUSE","39.10485833","-77.19059333","
,  
(39.10485833, -77.19059333)"
"MCP2667007W","220015536","Montgomery County Police","Property Damage Crash","2022-04-12T14:00:00.000",,,,,"REAR OF 20125 ARROWHEAD ROAD, GAITHERSBURG MD 20886",,,"SINGLE VEHICLE","CLEAR",,"DAYLIGHT","N/A","NONE DETECTED",,"BE455F78-DFC3-4617-A377-DA9C70077957","Yes","NO APPARENT INJURY","N/A","NOT DISTRACTED","MD","79EB35AD-FB24-45BB-9AF9-4D4FC92847D5","DISABLING","TWELVE OCLOCK","TWELVE OCLOCK","POLICE VEHICLE/EMERGENCY","MOVING CONSTANT SPEED","North","North","0","No","No","2019","DODGE","CHARGER","NO MISUSE","39.18807408","-77.19583414","
,  
(39.18807408, -77.19583414)"
"MCP15500036","220015522","Montgomery County Police","Property Damage Crash","2022-04-12T13:59:00.000","County","PARKLAWN DR","Other Public Roadway","COAKLEY CIR",,"N/A",,"STRAIGHT MOVEMENT ANGLE","CLEAR","DRY","DAYLIGHT","NO CONTROLS","NONE DETECTED",,"1CB7EA57-2874-427F-9CBE-81E41DE4649F","Yes","NO APPARENT INJURY","N/A","NOT DISTRACTED","MD","36AFBC9E-1848-472F-9F92-E5C3C032C8B8","DISABLING","TWELVE OCLOCK","TWELVE OCLOCK","PASSENGER CAR","MAKING LEFT TURN","North","East","40","No","No","2017","HONDA","ACCORD","NO MISUSE","39.05037333","-77.10389333","
,  
(39.05037333, -77.10389333)"
"MCP15500036","220015522","Montgomery County Police","Property Damage Crash","2022-04-12T13:59:00.000","County","PARKLAWN DR","Other Public Roadway","COAKLEY CIR",,"N/A",,"STRAIGHT MOVEMENT ANGLE","CLEAR","DRY","DAYLIGHT","NO CONTROLS","NONE DETECTED",,"B4D1C7C8-1CEE-446F-B0D7-11FB7F97C2F6","No","NO APPARENT INJURY","N/A","NOT DISTRACTED","MD","CB4341C5-20F7-4326-8CE0-F5E4C63185F3","DISABLING","ONE OCLOCK","ONE OCLOCK","PASSENGER CAR","MOVING CONSTANT SPEED","North","North","40","No","No","2020","JEEP","WRANGLER","NO MISUSE","39.05037333","-77.10389333","
,  
(39.05037333, -77.10389333)"
"MCP23980043","220015520","Montgomery County Police","Injury Crash","2022-04-12T13:52:00.000","County","SHADY GROVE RD","Ramp","RAMP 5 FR IS 270 SB TO SHADY GROVE RD",,"N/A",,"STRAIGHT MOVEMENT ANGLE","CLEAR","DRY","DAYLIGHT","TRAFFIC SIGNAL","NONE DETECTED",,"3ADB60B0-A9AD-4F3F-B0D9-3AE0157FFCD9","Yes","NO APPARENT INJURY","N/A","UNKNOWN","MD","6230B6B7-0FDF-4D7D-BD43-EE7A900C359E","DISABLING","TWELVE OCLOCK","TWELVE OCLOCK","PASSENGER CAR","MOVING CONSTANT SPEED","South","South","45","No","No","2020","LEXS","ES","NO MISUSE","39.10945533","-77.18811083","
,  
(39.10945533, -77.18811083)"
"MCP23980043","220015520","Montgomery County Police","Injury Crash","2022-04-12T13:52:00.000","County","SHADY GROVE RD","Ramp","RAMP 5 FR IS 270 SB TO SHADY GROVE RD",,"N/A",,"STRAIGHT MOVEMENT ANGLE","CLEAR","DRY","DAYLIGHT","TRAFFIC SIGNAL","NONE DETECTED",,"3EBE80AF-BA80-4B7B-93E4-33ADA51397E8","No","POSSIBLE INJURY","N/A","NOT DISTRACTED","MD","496B692E-39D9-49F5-80C4-473EB9A1E586","FUNCTIONAL","ELEVEN OCLOCK","ELEVEN OCLOCK","VAN","STARTING FROM LANE","North","East","45","No","No","2008","TOYOTA","SIENNA","NO MISUSE","39.10945533","-77.18811083","
,  
(39.10945533, -77.18811083)"
"MCP23980043","220015520","Montgomery County Police","Injury Crash","2022-04-12T13:52:00.000","County","SHADY GROVE RD","Ramp","RAMP 5 FR IS 270 SB TO SHADY GROVE RD",,"N/A",,"STRAIGHT MOVEMENT ANGLE","CLEAR","DRY","DAYLIGHT","TRAFFIC SIGNAL","NONE DETECTED",,"486512CA-3A79-4887-9AB0-2116E46B5EF8","No","POSSIBLE INJURY","N/A","NOT DISTRACTED","MD","71A2D534-0952-4B82-BD2F-97D2B9762845","DISABLING","ELEVEN OCLOCK","ELEVEN OCLOCK","PASSENGER CAR","STARTING FROM LANE","North","East","45","No","No","2014","MAZD","3","NO MISUSE","39.10945533","-77.18811083","
,  
(39.10945533, -77.18811083)"
"MCP2072005H","220017543","Montgomery County Police","Property Damage Crash","2022-04-12T12:30:00.000","Maryland (State)","GERMANTOWN RD","Maryland (State)","FREDERICK RD",,"N/A",,"SAME DIR REAR END","CLEAR","DRY","DAYLIGHT","NO CONTROLS","N/A",,"139EE38F-0EFB-4684-AEB4-47BD50FB977E","No","NO APPARENT INJURY","N/A","NOT DISTRACTED","MD","9E21608E-8340-40A2-BBE6-5EE4C014C20C","FUNCTIONAL","SEVEN OCLOCK","SEVEN OCLOCK","PASSENGER CAR","MOVING CONSTANT SPEED","North","North","25","No","No","2010","TOYT","4D","NO MISUSE","39.20891333","-77.24462667","
,  
(39.20891333, -77.24462667)"
"MCP2072005H","220017543","Montgomery County Police","Property Damage Crash","2022-04-12T12:30:00.000","Maryland (State)","GERMANTOWN RD","Maryland (State)","FREDERICK RD",,"N/A",,"SAME DIR REAR END","CLEAR","DRY","DAYLIGHT","NO CONTROLS","UNKNOWN",,"F56DF7C8-17B5-45FB-9A17-4414399D77D5","Yes","NO APPARENT INJURY","N/A","NOT DISTRACTED",,"BB7F34E0-DD5F-47B1-BDE0-3AF6767FBBDF","UNKNOWN","UNKNOWN","UNKNOWN","PASSENGER CAR","MOVING CONSTANT SPEED","North","North","30","No","No","2010","TOYT","TK","N/A","39.20891333","-77.24462667","
,  
(39.20891333, -77.24462667)"
"MCP29740046","220015499","Montgomery County Police","Injury Crash","2022-04-12T11:40:00.000","Maryland (State)","OLD COLUMBIA PIKE","Unknown","ENT TO BUSINESS",,"N/A",,"SAME DIR REAR END","CLEAR","DRY","DAYLIGHT","NO CONTROLS","NONE DETECTED",,"BE937C76-D169-4ED3-8AAB-B14B0100B9CC","No","NO APPARENT INJURY","N/A","NOT DISTRACTED","MD","93AF03D7-35A7-4E82-A911-71023BF60AE4","FUNCTIONAL","SIX OCLOCK","SIX OCLOCK","PASSENGER CAR","MAKING LEFT TURN","South","West","30","No","No","2015","TOYOTA","COROLLA","NO MISUSE","39.10966167","-76.93380167","
,  
(39.10966167, -76.93380167)"
"MCP29740046","220015499","Montgomery County Police","Injury Crash","2022-04-12T11:40:00.000","Maryland (State)","OLD COLUMBIA PIKE","Unknown","ENT TO BUSINESS",,"N/A",,"SAME DIR REAR END","CLEAR","DRY","DAYLIGHT","NO CONTROLS","NONE DETECTED",,"A50B164F-9183-42F5-80AF-1D85294E39E8","Yes","NO APPARENT INJURY","N/A","NOT DISTRACTED","MD","FFECD22B-F270-4BC2-AC2C-23AC012F0EEF","FUNCTIONAL","TWELVE OCLOCK","TWELVE OCLOCK","PASSENGER CAR","ACCELERATING","West","West","30","No","No","2015","TOYOTA","CAMRY","NO MISUSE","39.10966167","-76.93380167","
,  
(39.10966167, -76.93380167)"
"DM8388003X","220015502","Takoma Park Police Depart","Injury Crash","2022-04-12T11:33:00.000",,,,,"BEHIND 1325 HOLTON LANE",,,"SINGLE VEHICLE","CLOUDY",,"DAYLIGHT","N/A","NONE DETECTED",,"A2D4A1BE-AB20-484D-98BB-EDA877271895","Yes","SUSPECTED MINOR INJURY","N/A","NOT DISTRACTED","MD","1CCD5071-8991-4FBC-A813-2611F65A475A","DISABLING","SIX OCLOCK","TWELVE OCLOCK","PASSENGER CAR","PARKING","South","South","25","No","No","2005","TOYOTA","MATRIX","NO MISUSE","38.98546433","-76.98673417","
,  
(38.98546433, -76.98673417)"
"MCP3055003H","220015500","Montgomery County Police","Property Damage Crash","2022-04-12T11:29:00.000","Maryland (State)","LAYHILL RD","County","GLENALLAN AVE",,"N/A",,"OTHER","CLEAR","DRY","DAYLIGHT","TRAFFIC SIGNAL","N/A",,"63DC8E68-780C-4431-B734-8DCD112FF5CE","Yes","NO APPARENT INJURY","N/A","LOOKED BUT DID NOT SEE","MD","63D9C256-2A7E-42BC-B60B-6D534E8557AE","DISABLING","TEN OCLOCK","TEN OCLOCK","PASSENGER CAR","RIGHT TURN ON RED","South","East","30","No","No","2022","TOYT","UT","NO MISUSE","39.06281167","-77.05055667","
,  
(39.06281167, -77.05055667)"
"MCP3055003H","220015500","Montgomery County Police","Property Damage Crash","2022-04-12T11:29:00.000","Maryland (State)","LAYHILL RD","County","GLENALLAN AVE",,"N/A",,"OTHER","CLEAR","DRY","DAYLIGHT","TRAFFIC SIGNAL","N/A",,"8C1929F3-CC73-4B3D-B382-DB9CDED83D2E","No","NO APPARENT INJURY","N/A","NOT DISTRACTED","MD","603FFAC8-560E-4B0D-95FC-8153DF11CB1B","SUPERFICIAL","FIVE OCLOCK","FIVE OCLOCK","OTHER LIGHT TRUCKS (10,000LBS (4,536KG) OR LESS)","MOVING CONSTANT SPEED","South","South","30","No","No","2015","CHEV","TK","NO MISUSE","39.06281167","-77.05055667","
,  
(39.06281167, -77.05055667)"
"DD5633006Z","220015490","Rockville Police Departme","Property Damage Crash","2022-04-12T10:45:00.000",,,,,"2106 VEIRS MILL RD (TWINBROOK CENTER PARKING LOT)",,,"SAME DIR REAR END","CLEAR",,"DAYLIGHT","N/A","NONE DETECTED",,"57788145-AE46-4235-98D8-FC476B2F532D","No","NO APPARENT INJURY","N/A","NOT DISTRACTED","MD","BFDECC86-6DF0-462F-9D7C-11F8905F76C7","SUPERFICIAL","SIX OCLOCK","SIX OCLOCK","CARGO VAN/LIGHT TRUCK 2 AXLES (OVER 10,000LBS (4,536 KG))","PARKED",,,"0","No","Yes","2005","GMC","TK","NO MISUSE","39.07556361","-77.1162548","
,  
(39.07556361, -77.1162548)"
"DD5633006Z","220015490","Rockville Police Departme","Property Damage Crash","2022-04-12T10:45:00.000",,,,,"2106 VEIRS MILL RD (TWINBROOK CENTER PARKING LOT)",,,"SAME DIR REAR END","CLEAR",,"DAYLIGHT","N/A","UNKNOWN",,"B231D8D0-3DBA-4223-90C0-7A3621D450E1","Yes","NO APPARENT INJURY","N/A","UNKNOWN","XX","459CB5B5-AAE1-49D1-891B-F802B4647A46","UNKNOWN","TWELVE OCLOCK","UNKNOWN","UNKNOWN","STARTING FROM PARKED","Unknown","Unknown","5","No","No","2022","UNKNOWN","UNKNOWN","UNKNOWN","39.07556361","-77.1162548","
,  
(39.07556361, -77.1162548)"
"MCP3048007X","220015483","Montgomery County Police","Property Damage Crash","2022-04-12T09:30:00.000",,,,,"PARKING LOT 11820 PARKLAWN DR",,,"SINGLE VEHICLE","CLEAR",,"DAYLIGHT","N/A","N/A",,"CAC2AC52-FDD7-4F34-BD08-47308702D1C0","Yes","NO APPARENT INJURY","N/A","NOT DISTRACTED","MD","97D84EC1-DBEE-4C6A-BE1B-B8056F2F98CE","DISABLING","TWELVE OCLOCK","TWELVE OCLOCK","PASSENGER CAR","STARTING FROM PARKED","North","North","5","No","No","2012","LEXUS","IS 250","NO MISUSE","39.04972167","-77.10326333","
,  
(39.04972167, -77.10326333)"
"MCP3130004M","220015468","Montgomery County Police","Property Damage Crash","2022-04-12T07:40:00.000","Maryland (State)","GEORGIA AVE","Maryland (State)","CONNECTICUT AVE",,"N/A",,"SAME DIRECTION SIDESWIPE","CLOUDY","DRY","DAWN","NO CONTROLS","NONE DETECTED",,"02A8EF0E-48BB-4983-8112-10FC92790838","No","NO APPARENT INJURY","N/A","NOT DISTRACTED","MD","848A7445-4E5B-4312-BED9-1C10FB6312D5","SUPERFICIAL","TWO OCLOCK","TWO OCLOCK","PASSENGER CAR","MOVING CONSTANT SPEED","North","North","35","No","No","2011","LEXS","SD","NO MISUSE","39.08491167","-77.07606833","
,  
(39.08491167, -77.07606833)"
"MCP3130004M","220015468","Montgomery County Police","Property Damage Crash","2022-04-12T07:40:00.000","Maryland (State)","GEORGIA AVE","Maryland (State)","CONNECTICUT AVE",,"N/A",,"SAME DIRECTION SIDESWIPE","CLOUDY","DRY","DAWN","NO CONTROLS","UNKNOWN",,"AE74B926-04FF-4449-8979-0F123BF906F4","Yes","NO APPARENT INJURY","N/A","UNKNOWN",,"3A7F0032-3426-4F24-8B6D-89BE6EFE3090","SUPERFICIAL","TEN OCLOCK","TEN OCLOCK","PASSENGER CAR","CHANGING LANES","North","North","35","No","No","2017","FORD","ESCAPE","NO MISUSE","39.08491167","-77.07606833","
,  
(39.08491167, -77.07606833)"
"MCP0617003S","220015467","Montgomery County Police","Property Damage Crash","2022-04-12T07:02:00.000","Maryland (State)","NEW HAMPSHIRE AVE","County","BRIGHTON KNOLLS DR",,"N/A",,"HEAD ON","CLEAR","DRY","DAYLIGHT","NO CONTROLS","NONE DETECTED",,"67273C10-ACC1-4736-8567-44B58F762F74","Yes","NO APPARENT INJURY","N/A","NOT DISTRACTED","MD","F756157E-899E-420D-A43E-C48913856735","DISABLING","TEN OCLOCK","TEN OCLOCK","PASSENGER CAR","MOVING CONSTANT SPEED","North","North","40","No","No","2011","TOYOTA","CAMRY","NO MISUSE","39.14904667","-77.066605","
,  
(39.14904667, -77.066605)"
"MCP0617003S","220015467","Montgomery County Police","Property Damage Crash","2022-04-12T07:02:00.000","Maryland (State)","NEW HAMPSHIRE AVE","County","BRIGHTON KNOLLS DR",,"N/A",,"HEAD ON","CLEAR","DRY","DAYLIGHT","NO CONTROLS","NONE DETECTED",,"F59D97F6-6E6D-49BE-8AB9-6019EEEADD77","Yes","NO APPARENT INJURY","N/A","NOT DISTRACTED","MD","CC5ED912-F5CD-4B01-BF83-7A9D3CA32BE9","FUNCTIONAL","ELEVEN OCLOCK","ELEVEN OCLOCK","PASSENGER CAR","MOVING CONSTANT SPEED","South","South","40","No","No","2020","CHEVY","MALIBU","NO MISUSE","39.14904667","-77.066605","
,  
(39.14904667, -77.066605)"
"MCP3164005K","220015462","Montgomery County Police","Property Damage Crash","2022-04-12T06:15:00.000","County","DALEWOOD DR","County","GOODHILL RD",,"N/A",,"SAME DIRECTION SIDESWIPE","CLEAR","DRY","N/A","NO CONTROLS","NONE DETECTED",,"4626F25E-A532-44A6-84C8-E068D37A9B3A","Unknown","NO APPARENT INJURY","N/A","NOT DISTRACTED","MD","476EF3F5-91E9-4053-A284-AAC786CB6FBF","SUPERFICIAL","ONE OCLOCK","ONE OCLOCK","TRANSIT BUS","MAKING RIGHT TURN","West","South","25","No","No","2013","OTHR","BUS","NO MISUSE","39.05696667","-77.06988","
,  
(39.05696667, -77.06988)"
"MCP3164005K","220015462","Montgomery County Police","Property Damage Crash","2022-04-12T06:15:00.000","County","DALEWOOD DR","County","GOODHILL RD",,"N/A",,"SAME DIRECTION SIDESWIPE","CLEAR","DRY","N/A","NO CONTROLS","NONE DETECTED",,"E1C23247-4953-44FA-ADC7-BB2B72F35E76","Unknown","NO APPARENT INJURY","N/A","NOT DISTRACTED","MD","81133B72-64EA-40E4-A508-8B9016B630FA","SUPERFICIAL","NINE OCLOCK","NINE OCLOCK","PASSENGER CAR","PARKED",,,"25","No","Yes","2009","MAZD","HB","NO MISUSE","39.05696667","-77.06988","
,  
(39.05696667, -77.06988)"
"EJ7895001B","220015430","Gaithersburg Police Depar","Injury Crash","2022-04-11T20:02:00.000","Maryland (State)","GREAT SENECA HWY","Maryland (State)","QUINCE ORCHARD RD",,"N/A",,"SAME DIRECTION RIGHT TURN","CLEAR","DRY","DARK LIGHTS ON","TRAFFIC SIGNAL","ILLEGAL DRUG PRESENT",,"87B49FEF-18B6-45FB-BC33-B32C3732B91B","Yes","NO APPARENT INJURY","N/A","LOOKED BUT DID NOT SEE","MD","D87E35F7-9665-4FE0-8436-6C1DE77390E8","DISABLING","ONE OCLOCK","TWO OCLOCK","PASSENGER CAR","STARTING FROM LANE","North","East","50","No","No","2019","NISSAN","ALTIMA","NO MISUSE","39.12851113","-77.2377355","
,  
(39.12851113, -77.2377355)"
"EJ7895001B","220015430","Gaithersburg Police Depar","Injury Crash","2022-04-11T20:02:00.000","Maryland (State)","GREAT SENECA HWY","Maryland (State)","QUINCE ORCHARD RD",,"N/A",,"SAME DIRECTION RIGHT TURN","CLEAR","DRY","DARK LIGHTS ON","TRAFFIC SIGNAL","NONE DETECTED",,"617A614A-8796-4E2A-A555-38ED3D8CBCD4","No","NO APPARENT INJURY","N/A","NOT DISTRACTED","MD","99C8D3BC-835B-48E2-8C6D-93BD46E9770B","DISABLING","TWELVE OCLOCK","TWELVE OCLOCK","PASSENGER CAR","MOVING CONSTANT SPEED","South","South","50","No","No","2004","TOYOTA","SIENNA","NO MISUSE","39.12851113","-77.2377355","
,  
(39.12851113, -77.2377355)"
"MCP3245002S","220015421","Montgomery County Police","Property Damage Crash","2022-04-11T18:49:00.000","County","SHADY GROVE RD","Unknown","EXIT #8",,"N/A",,"SINGLE VEHICLE","CLEAR","DRY","DAYLIGHT","NO CONTROLS","NONE DETECTED",,"23FCCB17-CDBA-4410-8BB6-1CD67376731B","Yes","NO APPARENT INJURY","N/A","NOT DISTRACTED","MD","9319D2DF-9B73-4557-8A03-A9E7AF3B4A7D","DISABLING","TWELVE OCLOCK","TWELVE OCLOCK","PASSENGER CAR","MOVING CONSTANT SPEED","North","North","40","No","No","2016","CHEVROLET","CAMERO","NO MISUSE","39.11225117","-77.1869795","
,  
(39.11225117, -77.1869795)"
"MCP31390033","220015418","Montgomery County Police","Property Damage Crash","2022-04-11T18:48:00.000","County","AUTOMOBILE BLVD","County","BRIGGS CHANEY RD",,"N/A",,"SAME DIR REAR END","N/A","N/A","DAYLIGHT","NO CONTROLS","COMBINED SUBSTANCE PRESENT",,"D1DE52FC-A972-4824-84D3-14C9DF8371B7","Yes","NO APPARENT INJURY","N/A","INATTENTIVE OR LOST IN THOUGHT","XX","1FB7755D-2189-4262-96AD-0428A9E271B5","DISABLING","TWO OCLOCK","THREE OCLOCK","PASSENGER CAR","SLOWING OR STOPPING","North","South","25","No","No","2002","CADILLAC","DEVILLE","N/A","39.0788345","-76.9488635","
,  
(39.0788345, -76.9488635)"
"MCP2339006X","220015412","Montgomery County Police","Property Damage Crash","2022-04-11T18:37:00.000","Municipality","E JEFFERSON ST","Municipality","ROLLINS AVE",,"ROCKVILLE",,"HEAD ON LEFT TURN","CLEAR","DRY","DAYLIGHT","NO CONTROLS","NONE DETECTED",,"4F0763DE-9F5F-48EF-ABF5-E6909B385CC6","Yes","NO APPARENT INJURY","N/A","UNKNOWN","MD","F581A768-34E1-4040-B2EC-086E3F6E1A2C","DISABLING","TWELVE OCLOCK","TWELVE OCLOCK","PASSENGER CAR","MAKING LEFT TURN","South","West","15","No","No","2006","TOYOTA","HIGHLANDER","N/A","39.057325","-77.12632167","
,  
(39.057325, -77.12632167)"
"MCP2339006X","220015412","Montgomery County Police","Property Damage Crash","2022-04-11T18:37:00.000","Municipality","E JEFFERSON ST","Municipality","ROLLINS AVE",,"ROCKVILLE",,"HEAD ON LEFT TURN","CLEAR","DRY","DAYLIGHT","NO CONTROLS","NONE DETECTED",,"A8DC9490-4255-4349-ACB8-5E39C1D03FCD","No","NO APPARENT INJURY","N/A","UNKNOWN","DC","5D77C11A-9BFF-4BC1-9862-CDF39907064A","DISABLING","TWELVE OCLOCK","TWELVE OCLOCK","PASSENGER CAR","MOVING CONSTANT SPEED","South","South","30","No","No","2017","MITSUBISHI","MIRAGE","N/A","39.057325","-77.12632167","
,  
(39.057325, -77.12632167)"
"MCP32490038","220015398","Montgomery County Police","Injury Crash","2022-04-11T17:31:00.000","US (State)","COLUMBIA PIKE","County","FAIRLAND RD",,"N/A",,"SAME DIR REAR END","CLEAR","DRY","DAYLIGHT","TRAFFIC SIGNAL","NONE DETECTED",,"D2D0DB5C-C628-4B81-9B44-2DE06C78E639","No","SUSPECTED MINOR INJURY","N/A","NOT DISTRACTED","MD","9CB8B596-F100-4640-9428-9CFD888FCCA8","DISABLING","FIVE OCLOCK","FIVE OCLOCK","TRUCK TRACTOR","STOPPED IN TRAFFIC LANE","South","South","50","No","No","2018","GDAN","1GR","NO MISUSE","39.07427","-76.95546","
,  
(39.07427, -76.95546)"
"MCP32490038","220015398","Montgomery County Police","Injury Crash","2022-04-11T17:31:00.000","US (State)","COLUMBIA PIKE","County","FAIRLAND RD",,"N/A",,"SAME DIR REAR END","CLEAR","DRY","DAYLIGHT","TRAFFIC SIGNAL","NONE DETECTED",,"2D56821B-7FDB-47B9-A2C0-94080A14DDB4","Yes","SUSPECTED SERIOUS INJURY","N/A","UNKNOWN","MD","2ADCF7F0-4D49-475E-8C00-4A031256787A","DESTROYED","ELEVEN OCLOCK","ELEVEN OCLOCK","(SPORT) UTILITY VEHICLE","NEGOTIATING A CURVE","South","South","50","No","No","2020","TOYOTA","4RUNNER","NO MISUSE","39.07427","-76.95546","
,  
(39.07427, -76.95546)"
"MCP3309000Q","220016639","Montgomery County Police","Property Damage Crash","2022-04-11T15:30:00.000","County","POWDER HORN DR","County","HUNT CLUB DR",,"N/A",,"SINGLE VEHICLE","CLEAR","N/A","DAYLIGHT","N/A","UNKNOWN",,"25674C66-5B74-4A69-B1C4-898B249C287B","Yes","NO APPARENT INJURY","N/A","UNKNOWN",,"A1429A68-3F7E-444D-AC4C-AD32430FB181","UNKNOWN","UNKNOWN","UNKNOWN","VAN","BACKING","East","East","25","No","No","2020","CHEVY","EXPRESS G2500","UNKNOWN","39.03605515","-77.17682836","
,  
(39.03605515, -77.17682836)"
"MCP3325000L","220015369","Montgomery County Police","Injury Crash","2022-04-11T15:09:00.000","US (State)","COLUMBIA PIKE","County","INDUSTRIAL PKWY",,"N/A",,"SAME DIR REAR END","N/A","DRY","DAYLIGHT","N/A","NONE DETECTED",,"FE39AF04-BB68-4075-A83B-DA9598B5976F","No","NO APPARENT INJURY","N/A","NOT DISTRACTED","MD","1139E3A1-2543-479A-856C-89C899921CAC","DISABLING","SIX OCLOCK","SIX OCLOCK","VAN","MOVING CONSTANT SPEED","North","North","50","No","No","2018","CHRY","VN","NO MISUSE","39.05335833","-76.97565333","
,  
(39.05335833, -76.97565333)"
"MCP3325000L","220015369","Montgomery County Police","Injury Crash","2022-04-11T15:09:00.000","US (State)","COLUMBIA PIKE","County","INDUSTRIAL PKWY",,"N/A",,"SAME DIR REAR END","N/A","DRY","DAYLIGHT","N/A","NONE DETECTED",,"FB95B230-FD54-4670-98C6-5EB2E1F45EF7","No","NO APPARENT INJURY","N/A","NOT DISTRACTED","MD","353EA7F3-1CA6-4E17-B33A-43B68ECC9A7B","SUPERFICIAL","SIX OCLOCK","SIX OCLOCK","PASSENGER CAR","MOVING CONSTANT SPEED","North","North","50","No","No","2015","ACUR","TK","NO MISUSE","39.05335833","-76.97565333","
,  
(39.05335833, -76.97565333)"
"MCP3325000L","220015369","Montgomery County Police","Injury Crash","2022-04-11T15:09:00.000","US (State)","COLUMBIA PIKE","County","INDUSTRIAL PKWY",,"N/A",,"SAME DIR REAR END","N/A","DRY","DAYLIGHT","N/A","NONE DETECTED",,"C14AE4B1-609B-443A-9496-15AAB92793D1","Yes","POSSIBLE INJURY","N/A","UNKNOWN","MD","FC973732-3B96-4B39-AA87-7D4DD67B11A1","DISABLING","TWELVE OCLOCK","TWELVE OCLOCK","PICKUP TRUCK","MOVING CONSTANT SPEED","North","North","50","No","No","2018","NISS","TK","NO MISUSE","39.05335833","-76.97565333","
,  
(39.05335833, -76.97565333)"