"report_number","local_case_number","agency_name","acrs_report_type","crash_date_time","route_type","road_name","cross_street_type","cross_street_name","off_road_description","municipality","related_non_motorist","collision_type","weather","surface_condition","light","traffic_control","driver_substance_abuse","non_motorist_substance_abuse","person_id","driver_at_fault","injury_severity","circumstance","driver_distracted_by","drivers_license_state","vehicle_id","vehicle_damage_extent","vehicle_first_impact_location","vehicle_second_impact_location","vehicle_body_type","vehicle_movement","vehicle_continuing_dir","vehicle_going_dir","speed_limit","driverless_vehicle","parked_vehicle","vehicle_year","vehicle_make","vehicle_model","equipment_problems","latitude","longitude","geolocation"
"DD5644002K","220015363","Rockville Police Departme","Property Damage Crash","2022-04-11T14:30:00.000","Maryland (State)","FIRST ST","Maryland (State)","VEIRS MILL RD",,"N/A",,"SAME DIRECTION SIDESWIPE","CLEAR","DRY","DAYLIGHT","TRAFFIC SIGNAL","NONE DETECTED",,"A974DD9C-A13D-4CF0-A675-141847902DEB","Yes","NO APPARENT INJURY","N/A","LOOKED BUT DID NOT SEE","MD","91575E85-87D5-4181-9C00-DFBAD8832CA7","NO DAMAGE","THREE OCLOCK","THREE OCLOCK","CARGO VAN/LIGHT TRUCK 2 AXLES (OVER 10,000LBS (4,536 KG))","MAKING LEFT TURN","East","East","30","No","No","2019","PTRB","TK","NO MISUSE","39.08003353","-77.13784044","
,  
(39.08003353, -77.13784044)"
"DD5644002K","220015363","Rockville Police Departme","Property Damage Crash","2022-04-11T14:30:00.000","Maryland (State)","FIRST ST","Maryland (State)","VEIRS MILL RD",,"N/A",,"SAME DIRECTION SIDESWIPE","CLEAR","DRY","DAYLIGHT","TRAFFIC SIGNAL","NONE DETECTED",,"73F6DA93-7C4B-4C2C-934F-D0C453094A31","No","NO APPARENT INJURY","N/A","NOT DISTRACTED","MD","B7448070-40AB-4F74-9C89-470647267663","SUPERFICIAL","TEN OCLOCK","TEN OCLOCK","PICKUP TRUCK","STOPPED IN TRAFFIC LANE","West","West","35","No","No","2020","FORD","PK","NO MISUSE","39.08003353","-77.13784044","
,  
(39.08003353, -77.13784044)"
"MCP3307001B","220015350","Montgomery County Police","Property Damage Crash","2022-04-11T12:18:00.000",,,,,"16550 GEORGIA AVE PARKING LOT",,,"OTHER","CLEAR",,"DAYLIGHT","N/A","NONE DETECTED",,"5102E5A6-CBF5-4733-906A-115580EEE5E0","No","NO APPARENT INJURY","N/A","UNKNOWN","MD","601A3D1E-672D-4D37-A1E8-C2964E307D86","FUNCTIONAL","FIVE OCLOCK","FIVE OCLOCK","PASSENGER CAR","PARKED",,,"10","No","Yes","2017","HYUNDAI","ELANTRA","NO MISUSE","39.13008","-77.07145167","
,  
(39.13008, -77.07145167)"
"MCP3307001B","220015350","Montgomery County Police","Property Damage Crash","2022-04-11T12:18:00.000",,,,,"16550 GEORGIA AVE PARKING LOT",,,"OTHER","CLEAR",,"DAYLIGHT","N/A","NONE DETECTED",,"D3C72A5C-F881-4382-9A95-7E86F2A41F92","Yes","NO APPARENT INJURY","N/A","LOOKED BUT DID NOT SEE","MD","FDDE216E-597A-47F9-AE24-EC1C9DF3D92B","FUNCTIONAL","SIX OCLOCK","SIX OCLOCK","PASSENGER CAR","BACKING","East","East","10","No","No","2010","MERCEDES","ML 350","NO MISUSE","39.13008","-77.07145167","
,  
(39.13008, -77.07145167)"
"DM8490001W","220015338","Takoma Park Police Depart","Property Damage Crash","2022-04-11T11:53:00.000","Maryland (State)","NEW HAMPSHIRE AVE","Municipality","DEVONSHIRE RD",,"TAKOMA PARK",,"OTHER","CLEAR","DRY","DAYLIGHT","N/A","N/A",,"B28DCEDB-7BE4-4192-8190-A1724E242502","No","NO APPARENT INJURY","N/A","NOT DISTRACTED","MD","8E8915E9-C93F-4BA6-B9D8-0F9FEB15B770","DISABLING","ONE OCLOCK","ONE OCLOCK","PASSENGER CAR","MOVING CONSTANT SPEED","North","North","35","No","No","2010","HONDA","HB","N/A","38.97645483","-76.993134","
,  
(38.97645483, -76.993134)"
"DM8490001W","220015338","Takoma Park Police Depart","Property Damage Crash","2022-04-11T11:53:00.000","Maryland (State)","NEW HAMPSHIRE AVE","Municipality","DEVONSHIRE RD",,"TAKOMA PARK",,"OTHER","CLEAR","DRY","DAYLIGHT","N/A","N/A",,"1EF91C2F-41B2-4505-B06F-86C568270810","Yes","NO APPARENT INJURY","N/A","LOOKED BUT DID NOT SEE","MD","54D1D969-51C8-481E-ADE1-CE90B896AAF3","SUPERFICIAL","ELEVEN OCLOCK","ELEVEN OCLOCK","PASSENGER CAR","MOVING CONSTANT SPEED","North","North","35","No","No","2017","FORD","FUSION","N/A","38.97645483","-76.993134","
,  
(38.97645483, -76.993134)"
"MCP3086006R","220015334","Montgomery County Police","Injury Crash","2022-04-11T11:20:00.000","County","MUNCASTER RD","County","CYNTHIA LA",,"N/A",,"SAME DIR REAR END","CLEAR","DRY","DAYLIGHT","NO CONTROLS","NONE DETECTED",,"2ED98CD3-E64F-42C3-BDB3-0F204DCBED62","No","POSSIBLE INJURY","N/A","NOT DISTRACTED","MD","2FE4BB75-62CF-4718-9A92-C1B3BC405CEA","DISABLING","SIX OCLOCK","SIX OCLOCK","PICKUP TRUCK","STOPPED IN TRAFFIC LANE","South","South","30","No","No","2018","RAM","1500","NO MISUSE","39.14923833","-77.14218167","
,  
(39.14923833, -77.14218167)"
"MCP3086006R","220015334","Montgomery County Police","Injury Crash","2022-04-11T11:20:00.000","County","MUNCASTER RD","County","CYNTHIA LA",,"N/A",,"SAME DIR REAR END","CLEAR","DRY","DAYLIGHT","NO CONTROLS","NONE DETECTED",,"58701B01-1CF4-4D38-AD22-74944C2C2B2D","No","NO APPARENT INJURY","N/A","NOT DISTRACTED","VA","9B727719-E3CB-4229-A4D8-CCE0543DEEF2","SUPERFICIAL","SIX OCLOCK","SIX OCLOCK","VAN","STOPPED IN TRAFFIC LANE","South","South","30","No","No","2009","CHEVROLET","E15","NO MISUSE","39.14923833","-77.14218167","
,  
(39.14923833, -77.14218167)"
"MCP3086006R","220015334","Montgomery County Police","Injury Crash","2022-04-11T11:20:00.000","County","MUNCASTER RD","County","CYNTHIA LA",,"N/A",,"SAME DIR REAR END","CLEAR","DRY","DAYLIGHT","NO CONTROLS","NONE DETECTED",,"0F8A5780-F5E7-425D-BD6E-1A083CA59557","Yes","NO APPARENT INJURY","N/A","LOOKED BUT DID NOT SEE","MD","70893174-3D77-4B68-80F4-6594AB885F7A","DISABLING","TWELVE OCLOCK","TWELVE OCLOCK","VAN","SLOWING OR STOPPING","South","South","30","No","No","2020","DODGE","CARAVAN","NO MISUSE","39.14923833","-77.14218167","
,  
(39.14923833, -77.14218167)"
"MCP3005006B","220015324","Montgomery County Police","Injury Crash","2022-04-11T10:22:00.000","Maryland (State)","CONNECTICUT AVE","County","CAREY ST",,"N/A",,"SAME DIR REAR END","CLEAR","DRY","DAYLIGHT","NO CONTROLS","NONE DETECTED",,"3783EB7F-69D0-4FD4-9603-984D22157001","Unknown","POSSIBLE INJURY","N/A","DISTRACTED BY OUTSIDE PERSON OBJECT OR EVENT","MD","05353082-DB78-4131-8170-A44CECF53079","FUNCTIONAL","SIX OCLOCK","SIX OCLOCK","PASSENGER CAR","CHANGING LANES","North","North","40","No","No","2004","FORD","TRUCK","NO MISUSE","39.05567833","-77.07400667","
,  
(39.05567833, -77.07400667)"
"MCP3005006B","220015324","Montgomery County Police","Injury Crash","2022-04-11T10:22:00.000","Maryland (State)","CONNECTICUT AVE","County","CAREY ST",,"N/A",,"SAME DIR REAR END","CLEAR","DRY","DAYLIGHT","NO CONTROLS","NONE DETECTED",,"AF39FF4D-68FC-42DD-9AA2-8AD8961E411F","Unknown","NO APPARENT INJURY","N/A","NOT DISTRACTED","MD","45FA0ACC-63AC-4C4A-BCC4-4DC183BC91DF","FUNCTIONAL","TWELVE OCLOCK","TWELVE OCLOCK","PICKUP TRUCK","SLOWING OR STOPPING","North","North","40","No","No","2004","FORD","TRUCK","NO MISUSE","39.05567833","-77.07400667","
,  
(39.05567833, -77.07400667)"
"DD5633006X","210015313","Rockville Police Departme","Injury Crash","2022-04-11T09:30:00.000","Maryland (State)","NORBECK RD","Municipality","E GUDE DR",,"ROCKVILLE",,"SAME DIR REAR END","CLEAR","DRY","DAYLIGHT","NO CONTROLS","NONE DETECTED",,"22C5D897-4D8E-4C62-BC07-1CB7AB12BAA5","Yes","POSSIBLE INJURY","N/A","NOT DISTRACTED","MD","7983EB44-5318-474E-A957-D2F4D21C52CE","SUPERFICIAL","SIX OCLOCK","SIX OCLOCK","PASSENGER CAR","SLOWING OR STOPPING","West","West","40","No","No","2018","TOYOTA","COROLLA","NO MISUSE","39.09146724","-77.12646125","
,  
(39.09146724, -77.12646125)"
"DD5633006X","210015313","Rockville Police Departme","Injury Crash","2022-04-11T09:30:00.000","Maryland (State)","NORBECK RD","Municipality","E GUDE DR",,"ROCKVILLE",,"SAME DIR REAR END","CLEAR","DRY","DAYLIGHT","NO CONTROLS","NONE DETECTED",,"9D796FEC-317E-49AE-89E2-398FD8618A49","No","NO APPARENT INJURY","N/A","NOT DISTRACTED","MD","223C6CE2-3BED-41BD-88A9-7761B0568D48","SUPERFICIAL","SIX OCLOCK","SIX OCLOCK","PASSENGER CAR","SLOWING OR STOPPING","West","West","40","No","No","2002","FORD","MUSTANG","NO MISUSE","39.09146724","-77.12646125","
,  
(39.09146724, -77.12646125)"
"DD5633006X","210015313","Rockville Police Departme","Injury Crash","2022-04-11T09:30:00.000","Maryland (State)","NORBECK RD","Municipality","E GUDE DR",,"ROCKVILLE",,"SAME DIR REAR END","CLEAR","DRY","DAYLIGHT","NO CONTROLS","NONE DETECTED",,"13C47F19-A1E6-4F03-830A-4BF0C0D9D50D","Yes","NO APPARENT INJURY","N/A","NOT DISTRACTED","MD","DE5F6014-90D1-45F3-B8FF-D82900528B97","SUPERFICIAL","TWELVE OCLOCK","TWELVE OCLOCK","(SPORT) UTILITY VEHICLE","SLOWING OR STOPPING","West","West","40","No","No","2015","LEXUS","TK","NO MISUSE","39.09146724","-77.12646125","
,  
(39.09146724, -77.12646125)"
"MCP3164005J","220015302","Montgomery County Police","Injury Crash","2022-04-11T08:30:00.000","Maryland (State)","GEORGIA AVE","County","REEDIE DR",,"N/A",,"SAME DIRECTION SIDESWIPE","N/A","DRY","DAYLIGHT","TRAFFIC SIGNAL","NONE DETECTED",,"477F9B07-AB4A-4477-B8A6-187639DDC670","Yes","NO APPARENT INJURY","N/A","LOOKED BUT DID NOT SEE","FL","2E1D2FDC-9074-42E0-A143-291C612D6A79","FUNCTIONAL","ONE OCLOCK","ONE OCLOCK","PASSENGER CAR","MAKING U TURN","South","North","25","No","No","2015","HOND","SD","N/A","39.03859","-77.05095667","
,  
(39.03859, -77.05095667)"
"MCP3164005J","220015302","Montgomery County Police","Injury Crash","2022-04-11T08:30:00.000","Maryland (State)","GEORGIA AVE","County","REEDIE DR",,"N/A",,"SAME DIRECTION SIDESWIPE","N/A","DRY","DAYLIGHT","TRAFFIC SIGNAL","NONE DETECTED",,"C41D2D15-8BD5-48F7-AFB5-CA76FBD43F71","No","NO APPARENT INJURY","N/A","LOOKED BUT DID NOT SEE","MD","63F88948-C625-4C88-929C-76608EDB16FC","SUPERFICIAL","ELEVEN OCLOCK","ELEVEN OCLOCK","PASSENGER CAR","MOVING CONSTANT SPEED","South","South","25","No","No","2018","JEEP","PATRIOT","N/A","39.03859","-77.05095667","
,  
(39.03859, -77.05095667)"
"MCP3312000X","220015295","Montgomery County Police","Property Damage Crash","2022-04-11T06:50:00.000","Maryland (State)","UNIVERSITY BLVD W","County","BRUNETT AVE",,"N/A",,"OTHER","CLEAR","DRY","DAYLIGHT","NO CONTROLS","NONE DETECTED",,"D7716492-587B-4B3D-A6D4-360D29A09639","Yes","NO APPARENT INJURY","N/A","LOOKED BUT DID NOT SEE","MD","CC7E94DB-ABEC-4390-BA19-89E37FE2D045","DISABLING","ELEVEN OCLOCK","ELEVEN OCLOCK","PASSENGER CAR","CHANGING LANES","West","West","35","No","No","2016","TOYOTA","COROLLA","N/A","39.02309333","-77.01661833","
,  
(39.02309333, -77.01661833)"
"MCP3312000X","220015295","Montgomery County Police","Property Damage Crash","2022-04-11T06:50:00.000","Maryland (State)","UNIVERSITY BLVD W","County","BRUNETT AVE",,"N/A",,"OTHER","CLEAR","DRY","DAYLIGHT","NO CONTROLS","N/A",,"E3EA3A74-B666-4C38-9105-9AF10D57D237","No","NO APPARENT INJURY","N/A","NOT DISTRACTED","WV","42DE42F3-21CB-4E70-BB46-3AA3C1DF292D","SUPERFICIAL","THREE OCLOCK","THREE OCLOCK","TRANSIT BUS","ACCELERATING","West","West","35","No","No","2013","NEW FLYER","BUS","NO MISUSE","39.02309333","-77.01661833","
,  
(39.02309333, -77.01661833)"
"MCP3312000X","220015295","Montgomery County Police","Property Damage Crash","2022-04-11T06:50:00.000","Maryland (State)","UNIVERSITY BLVD W","County","BRUNETT AVE",,"N/A",,"OTHER","CLEAR","DRY","DAYLIGHT","NO CONTROLS","N/A",,"5CAEE798-63D0-4447-87CD-34A15042AC7B","No","NO APPARENT INJURY","N/A","NOT DISTRACTED","NY","DD2DAA99-33B6-4D70-9D18-36CAB7E83623","FUNCTIONAL","ELEVEN OCLOCK","ELEVEN OCLOCK","PASSENGER CAR","OTHER","West","West","35","No","No","2008","HONDA","ACCORD","NO MISUSE","39.02309333","-77.01661833","
,  
(39.02309333, -77.01661833)"
"DD5645001R","220015278","Rockville Police Departme","Property Damage Crash","2022-04-10T21:57:00.000","Municipality","LINCOLN ST","Municipality","FIRST ST",,"ROCKVILLE",,"SAME DIR REAR END","N/A","DRY","DARK NO LIGHTS","NO CONTROLS","ALCOHOL PRESENT",,"F5409BF0-40D1-436E-AF4F-585B8D3F0326","Yes","NO APPARENT INJURY","N/A","UNKNOWN","MD","DCC77B14-B8CF-4919-AEE2-6C58FDCBCF84","DISABLING","TWELVE OCLOCK","ONE OCLOCK","PASSENGER CAR","MOVING CONSTANT SPEED","West","West","25","No","No","2008","VOLK","4S","NO MISUSE","39.09041643","-77.13725025","
,  
(39.09041643, -77.13725025)"
"MCP26350077","220015275","Montgomery County Police","Injury Crash","2022-04-10T21:43:00.000","Maryland (State)","MUNCASTER MILL RD","County","EMORY LA",,"N/A",,"SAME DIRECTION LEFT TURN","CLEAR","DRY","DARK LIGHTS ON","NO CONTROLS","N/A",,"1CC21417-38FA-4586-B116-2C2B0B3F9ECA","Yes","POSSIBLE INJURY","N/A","LOOKED BUT DID NOT SEE","MD","A2FDDFE0-3B11-4096-BD7A-6BAEA3A7F496","DISABLING","TEN OCLOCK","TEN OCLOCK","(SPORT) UTILITY VEHICLE","MAKING U TURN","East","West","40","No","No","2017","CADILLAC","ESCALADE","NO MISUSE","39.11645833","-77.09943333","
,  
(39.11645833, -77.09943333)"
"MCP26350077","220015275","Montgomery County Police","Injury Crash","2022-04-10T21:43:00.000","Maryland (State)","MUNCASTER MILL RD","County","EMORY LA",,"N/A",,"SAME DIRECTION LEFT TURN","CLEAR","DRY","DARK LIGHTS ON","NO CONTROLS","N/A",,"43795534-7A6A-4A39-B3E9-F7D097BB1096","No","NO APPARENT INJURY","N/A","NOT DISTRACTED","MD","C5F41F77-7AE2-466D-9CB9-BB1A04A47DFE","DISABLING","ONE OCLOCK","ONE OCLOCK","PASSENGER CAR","MOVING CONSTANT SPEED","West","West","40","No","No","2018","TOYOTA","YARIS","NO MISUSE","39.11645833","-77.09943333","
,  
(39.11645833, -77.09943333)"
"MCP2314001F","220015254","Montgomery County Police","Property Damage Crash","2022-04-10T18:26:00.000","County","GAINSBOROUGH RD","County","SEVEN LOCKS RD",,"N/A",,"SAME DIRECTION SIDESWIPE","CLEAR","DRY","DAYLIGHT","TRAFFIC SIGNAL","NONE DETECTED",,"A92C0B0E-BFF8-481A-A648-91F10035E7B9","Yes","NO APPARENT INJURY","N/A","NOT DISTRACTED","MD","C93210E3-89C2-4B17-8D5C-2558E1550D36","FUNCTIONAL","FIVE OCLOCK","FIVE OCLOCK","(SPORT) UTILITY VEHICLE","PASSING","North","North","25","No","No","2007","CHEVROLET","TRAILBLAZER","N/A","39.04775933","-77.162386","
,  
(39.04775933, -77.162386)"
"MCP2314001F","220015254","Montgomery County Police","Property Damage Crash","2022-04-10T18:26:00.000","County","GAINSBOROUGH RD","County","SEVEN LOCKS RD",,"N/A",,"SAME DIRECTION SIDESWIPE","CLEAR","DRY","DAYLIGHT","TRAFFIC SIGNAL","NONE DETECTED",,"99E4F26C-7D2F-474D-A09F-8A28DC483355","No","NO APPARENT INJURY","N/A","NOT DISTRACTED","MD","6EBC235E-E55B-47FA-AD28-60A37EC59D5B","FUNCTIONAL","ELEVEN OCLOCK","ELEVEN OCLOCK","(SPORT) UTILITY VEHICLE","MOVING CONSTANT SPEED","North","North","25","No","No","2014","CHEVROLET","TAHOE","N/A","39.04775933","-77.162386","
,  
(39.04775933, -77.162386)"
"MCP3195003J","220015236","Montgomery County Police","Property Damage Crash","2022-04-10T15:54:00.000","US (State)","COLUMBIA PIKE","County","FAIRLAND RD",,"N/A",,"SAME DIR REAR END","CLEAR","DRY","DAYLIGHT","TRAFFIC SIGNAL","NONE DETECTED",,"61902F63-3D25-4E66-B109-9F5C6B3056D4","No","NO APPARENT INJURY","N/A","NOT DISTRACTED","DC","A991F0CC-BCF9-43C6-BA41-9311A3EDB3CC","FUNCTIONAL","SIX OCLOCK","SIX OCLOCK","PASSENGER CAR","SLOWING OR STOPPING","North","North","45","No","No","2012","TOYOTA","HB","NO MISUSE","39.07303083","-76.95573283","
,  
(39.07303083, -76.95573283)"
"MCP3195003J","220015236","Montgomery County Police","Property Damage Crash","2022-04-10T15:54:00.000","US (State)","COLUMBIA PIKE","County","FAIRLAND RD",,"N/A",,"SAME DIR REAR END","CLEAR","DRY","DAYLIGHT","TRAFFIC SIGNAL","NONE DETECTED",,"4B388895-5477-45A7-9E36-91079FD4BCD0","No","NO APPARENT INJURY","N/A","NOT DISTRACTED","MD","AF6DCAC0-4802-44FB-B684-42D36E0E39F4","SUPERFICIAL","SIX OCLOCK","SIX OCLOCK","PASSENGER CAR","SLOWING OR STOPPING","North","North","45","No","No","2014","NISSAN","VERSA","NO MISUSE","39.07303083","-76.95573283","
,  
(39.07303083, -76.95573283)"
"MCP3195003J","220015236","Montgomery County Police","Property Damage Crash","2022-04-10T15:54:00.000","US (State)","COLUMBIA PIKE","County","FAIRLAND RD",,"N/A",,"SAME DIR REAR END","CLEAR","DRY","DAYLIGHT","TRAFFIC SIGNAL","NONE DETECTED",,"E7A83E90-C699-4FF4-8BE5-E50F9EBCD612","No","NO APPARENT INJURY","N/A","NOT DISTRACTED","MD","BEE8623A-9D84-4104-BE5E-14047FED6CE8","SUPERFICIAL","SIX OCLOCK","SIX OCLOCK","PASSENGER CAR","SLOWING OR STOPPING","North","North","45","No","No","2010","MERZ","TK","NO MISUSE","39.07303083","-76.95573283","
,  
(39.07303083, -76.95573283)"
"MCP3195003J","220015236","Montgomery County Police","Property Damage Crash","2022-04-10T15:54:00.000","US (State)","COLUMBIA PIKE","County","FAIRLAND RD",,"N/A",,"SAME DIR REAR END","CLEAR","DRY","DAYLIGHT","TRAFFIC SIGNAL","NONE DETECTED",,"60AEA4AC-21A2-49CB-ACD7-8288E9B3F03F","Yes","NO APPARENT INJURY","N/A","LOOKED BUT DID NOT SEE","VA","A96E8E39-8750-42BA-BFDC-3D89B29637CD","DISABLING","TWELVE OCLOCK","TWELVE OCLOCK","PASSENGER CAR","MOVING CONSTANT SPEED","North","North","45","No","No","2014","TOYOTA","CAMRY","NO MISUSE","39.07303083","-76.95573283","
,  
(39.07303083, -76.95573283)"
"MCP2720006P","220015282","Montgomery County Police","Injury Crash","2022-04-10T13:45:00.000","County","13TH ST","US (State)","GEORGIA AVE",,"N/A","PEDESTRIAN","SINGLE VEHICLE","CLEAR","DRY","DAYLIGHT","TRAFFIC SIGNAL","UNKNOWN","UNKNOWN","BFDD9838-2526-4179-8A6E-FE2DEB63F829","Yes","NO APPARENT INJURY","N/A","UNKNOWN","VA","8BE67233-1C95-4456-8494-F913EE59B395","UNKNOWN","TWELVE OCLOCK","TWELVE OCLOCK","PASSENGER CAR","MAKING LEFT TURN","South","West","30","No","No","2019","HYUNDAI","KONA","UNKNOWN","38.98732533","-77.0267463","
,  
(38.98732533, -77.0267463)"
"MCP94190037","220015220","Montgomery County Police","Property Damage Crash","2022-04-10T13:34:00.000","Maryland (State)","ROCKVILLE PIKE","Maryland (State)","VEIRS MILL RD",,"N/A",,"SAME DIR REAR END","CLOUDY","DRY","DAYLIGHT","TRAFFIC SIGNAL","NONE DETECTED",,"AEF8479F-F7F7-495B-953B-F3599740134A","No","NO APPARENT INJURY","N/A","NOT DISTRACTED","MD","D27354D8-0EAC-4F12-A4A4-7D187A3BF4BB","FUNCTIONAL","FOUR OCLOCK","FOUR OCLOCK","(SPORT) UTILITY VEHICLE","MOVING CONSTANT SPEED","East","South","35","No","No","2018","JEEP","GRAND CHEROKEE","NO MISUSE","39.08056333","-77.14396833","
,  
(39.08056333, -77.14396833)"
"MCP94190037","220015220","Montgomery County Police","Property Damage Crash","2022-04-10T13:34:00.000","Maryland (State)","ROCKVILLE PIKE","Maryland (State)","VEIRS MILL RD",,"N/A",,"SAME DIR REAR END","CLOUDY","DRY","DAYLIGHT","TRAFFIC SIGNAL","NONE DETECTED",,"A6A271A5-7EDE-4967-914A-F2C63FDC9410","Yes","NO APPARENT INJURY","N/A","NOT DISTRACTED","WI","CCD915A9-4130-4281-B683-BD1C0B661404","DISABLING","ELEVEN OCLOCK","ELEVEN OCLOCK","(SPORT) UTILITY VEHICLE","MOVING CONSTANT SPEED","East","South","35","No","No","2017","HYUNDAI","TUCSON","NO MISUSE","39.08056333","-77.14396833","
,  
(39.08056333, -77.14396833)"
"MCP3091003H","220015218","Montgomery County Police","Property Damage Crash","2022-04-10T12:45:00.000","County","DARNESTOWN RD","County","TRAVILLE  GATEWAY DR",,"N/A",,"HEAD ON LEFT TURN","CLOUDY","DRY","DAYLIGHT","TRAFFIC SIGNAL","N/A",,"CDE3BE80-245F-467C-BCFA-B6DE074BF315","No","NO APPARENT INJURY","N/A","NOT DISTRACTED","MD","2A971D29-D85D-4156-B855-BA76BD177A6B","FUNCTIONAL","TWELVE OCLOCK","TWELVE OCLOCK","PICKUP TRUCK","MOVING CONSTANT SPEED","South","South","35","No","No","2015","RAM","1500","N/A","39.09590467","-77.20110883","
,  
(39.09590467, -77.20110883)"
"MCP3091003H","220015218","Montgomery County Police","Property Damage Crash","2022-04-10T12:45:00.000","County","DARNESTOWN RD","County","TRAVILLE  GATEWAY DR",,"N/A",,"HEAD ON LEFT TURN","CLOUDY","DRY","DAYLIGHT","TRAFFIC SIGNAL","N/A",,"18B3116D-5836-41C9-9852-7226047C6CAA","Yes","NO APPARENT INJURY","N/A","UNKNOWN","MD","DD70A7E8-2A92-4605-8879-33CC40BB7216","DISABLING","TWELVE OCLOCK","TWELVE OCLOCK","PASSENGER CAR","ACCELERATING","North","North","35","No","No","2015","HONDA","CIVIC","N/A","39.09590467","-77.20110883","
,  
(39.09590467, -77.20110883)"
"MCP2195004Y","220015208","Montgomery County Police","Injury Crash","2022-04-10T12:04:00.000","Maryland (State)","FREDERICK RD","Municipality","RIDGEMONT AVE",,"ROCKVILLE",,"SAME DIRECTION RIGHT TURN","CLOUDY","DRY","DAYLIGHT","NO CONTROLS","NONE DETECTED",,"5624D35C-E462-4751-BC98-DF57269A6F9D","Yes","NO APPARENT INJURY","N/A","NOT DISTRACTED","MD","B7238964-A053-4B62-A902-EA23970D2D90","FUNCTIONAL","ONE OCLOCK","ONE OCLOCK","PICKUP TRUCK","MOVING CONSTANT SPEED","South","South","40","No","No","2014","TOYT","TK","NO MISUSE","39.12073167","-77.174935","
,  
(39.12073167, -77.174935)"
"MCP2195004Y","220015208","Montgomery County Police","Injury Crash","2022-04-10T12:04:00.000","Maryland (State)","FREDERICK RD","Municipality","RIDGEMONT AVE",,"ROCKVILLE",,"SAME DIRECTION RIGHT TURN","CLOUDY","DRY","DAYLIGHT","NO CONTROLS","NONE DETECTED",,"971C5F61-2C9B-4F56-9206-0A82128243D4","No","NO APPARENT INJURY","N/A","NOT DISTRACTED","MD","95D6E715-6ECD-4094-90DB-D15FF92CB87A","FUNCTIONAL","SEVEN OCLOCK","SEVEN OCLOCK","(SPORT) UTILITY VEHICLE","MOVING CONSTANT SPEED","South","South","40","No","No","2021","VOLK","ATLAS","NO MISUSE","39.12073167","-77.174935","
,  
(39.12073167, -77.174935)"
"MCP913000CD","220015200","Montgomery County Police","Injury Crash","2022-04-10T11:01:00.000","County","MANCHESTER RD","County","BRADFORD RD",,"N/A",,"HEAD ON","CLOUDY","DRY","DAYLIGHT","NO CONTROLS","NONE DETECTED",,"701CD289-C996-4462-AF34-AFC688F8C6B7","Yes","POSSIBLE INJURY","N/A","UNKNOWN","VA","52110CC2-6199-4F3A-990C-955DAD1B80EF","DISABLING","TWELVE OCLOCK","TWELVE OCLOCK","PASSENGER CAR","MOVING CONSTANT SPEED","South","South","30","No","No","2017","FORD","FUSION","NO MISUSE","38.99870333","-77.00790667","
,  
(38.99870333, -77.00790667)"
"MCP913000CD","220015200","Montgomery County Police","Injury Crash","2022-04-10T11:01:00.000","County","MANCHESTER RD","County","BRADFORD RD",,"N/A",,"HEAD ON","CLOUDY","DRY","DAYLIGHT","NO CONTROLS","NONE DETECTED",,"69A7B2A6-4CCB-4086-812F-7BD5D2AA2909","No","SUSPECTED MINOR INJURY","N/A","NOT DISTRACTED","MD","C724DE0E-1DD6-408F-8DD1-107BDDC0145B","DISABLING","TWELVE OCLOCK","TWELVE OCLOCK","PASSENGER CAR","MOVING CONSTANT SPEED","North","North","30","No","No","2018","TOYOTA","CAMRY","NO MISUSE","38.99870333","-77.00790667","
,  
(38.99870333, -77.00790667)"
"MCP3213001G","220015183","Montgomery County Police","Injury Crash","2022-04-10T03:59:00.000","US (State)","COLUMBIA PIKE","County","FAIRLAND RD",,"N/A",,"SAME DIR REAR END","CLEAR","DRY","DARK LIGHTS ON","TRAFFIC SIGNAL","NONE DETECTED",,"274A8116-7FA9-4D51-A947-3E02DB8F3314","Yes","SUSPECTED MINOR INJURY","N/A","NOT DISTRACTED","MD","B5C4C55B-D9A8-4831-93C5-CA1B279B3D53","DISABLING","TWELVE OCLOCK","TWELVE OCLOCK","PASSENGER CAR","MOVING CONSTANT SPEED","North","North","55","No","No","2019","HONDA","ACCORD","N/A","39.07296933","-76.95584633","
,  
(39.07296933, -76.95584633)"
"MCP3213001G","220015183","Montgomery County Police","Injury Crash","2022-04-10T03:59:00.000","US (State)","COLUMBIA PIKE","County","FAIRLAND RD",,"N/A",,"SAME DIR REAR END","CLEAR","DRY","DARK LIGHTS ON","TRAFFIC SIGNAL","NONE DETECTED",,"7425DA05-1C46-4986-96E7-6F71CDB74D1A","No","NO APPARENT INJURY","N/A","NOT DISTRACTED","VA","8983CEAA-EDD1-4DB4-B924-3920EC9B9E8D","DESTROYED","SIX OCLOCK","SIX OCLOCK","PASSENGER CAR","SLOWING OR STOPPING","North","North","55","No","No","2009","HONDA","CIVIC","N/A","39.07296933","-76.95584633","
,  
(39.07296933, -76.95584633)"