"report_number","local_case_number","agency_name","acrs_report_type","crash_date_time","route_type","road_name","cross_street_type","cross_street_name","off_road_description","municipality","related_non_motorist","collision_type","weather","surface_condition","light","traffic_control","driver_substance_abuse","non_motorist_substance_abuse","person_id","driver_at_fault","injury_severity","circumstance","driver_distracted_by","drivers_license_state","vehicle_id","vehicle_damage_extent","vehicle_first_impact_location","vehicle_second_impact_location","vehicle_body_type","vehicle_movement","vehicle_continuing_dir","vehicle_going_dir","speed_limit","driverless_vehicle","parked_vehicle","vehicle_year","vehicle_make","vehicle_model","equipment_problems","latitude","longitude","geolocation"
"MCP2000001G","220015185","Montgomery County Police","Property Damage Crash","2022-04-10T03:44:00.000","County","BETHESDA CHURCH RD","County","LASALLE CT",,"N/A",,"HEAD ON","CLEAR","DRY","DARK LIGHTS ON","NO CONTROLS","UNKNOWN",,"703A1F45-F16F-42CA-9D02-CB8A06602D80","Yes","NO APPARENT INJURY","N/A","UNKNOWN",,"A7406B49-B2F4-4A36-BB3E-BDB3C848F816","DISABLING","TWELVE OCLOCK","TWELVE OCLOCK","PICKUP TRUCK","MOVING CONSTANT SPEED","East","East","30","No","No","2004","CHEVROLET","SILVERADO","N/A","39.28360183","-77.20356833","
,  
(39.28360183, -77.20356833)"
"MCP3291000X","220015179","Montgomery County Police","Injury Crash","2022-04-10T03:30:00.000","County","FENTON ST","US (State)","COLESVILLE RD",,"N/A",,"STRAIGHT MOVEMENT ANGLE","CLEAR","DRY","DARK LIGHTS ON","TRAFFIC SIGNAL","UNKNOWN",,"51571E5F-2D44-4C43-A633-928029EC91BF","Yes","NO APPARENT INJURY","N/A","UNKNOWN",,"EBE1C204-91E2-4671-AD63-A96B7C91E714","UNKNOWN","TWELVE OCLOCK","TWELVE OCLOCK","PASSENGER CAR","ACCELERATING","West","West","30","No","No","2007","MERCEDES","E350","UNKNOWN","38.99769333","-77.02697167","
,  
(38.99769333, -77.02697167)"
"MCP3291000X","220015179","Montgomery County Police","Injury Crash","2022-04-10T03:30:00.000","County","FENTON ST","US (State)","COLESVILLE RD",,"N/A",,"STRAIGHT MOVEMENT ANGLE","CLEAR","DRY","DARK LIGHTS ON","TRAFFIC SIGNAL","NONE DETECTED",,"4BD4EF37-7789-4BC9-B6B1-75523F92DDDE","No","NO APPARENT INJURY","N/A","NOT DISTRACTED","VA","C3C4795C-F578-4173-8CBE-5BA7F58268F4","DESTROYED","ONE OCLOCK","ONE OCLOCK","PASSENGER CAR","MOVING CONSTANT SPEED","North","North","30","No","No","2018","MERCEDES BENS","GLA","NO MISUSE","38.99769333","-77.02697167","
,  
(38.99769333, -77.02697167)"
"MCP3176001Q","220015180","Montgomery County Police","Property Damage Crash","2022-04-10T03:28:00.000","Maryland (State)","GEORGIA AVE","County","LOCUST GROVE RD",,"N/A",,"SAME DIRECTION SIDESWIPE","CLEAR","DRY","DARK LIGHTS ON","TRAFFIC SIGNAL","NONE DETECTED",,"CDDC2800-25F8-4A20-BE08-2B8B2B781299","No","NO APPARENT INJURY","N/A","NOT DISTRACTED","MD","FFCC7940-C753-45B3-8A54-07126C1871AE","FUNCTIONAL","ELEVEN OCLOCK","ELEVEN OCLOCK","PASSENGER CAR","MOVING CONSTANT SPEED","South","South","45","No","No","2003","CHEV","SILVERADO","NO MISUSE","39.011895","-77.041413","
,  
(39.011895, -77.041413)"
"MCP3176001Q","220015180","Montgomery County Police","Property Damage Crash","2022-04-10T03:28:00.000","Maryland (State)","GEORGIA AVE","County","LOCUST GROVE RD",,"N/A",,"SAME DIRECTION SIDESWIPE","CLEAR","DRY","DARK LIGHTS ON","TRAFFIC SIGNAL","ALCOHOL PRESENT",,"2B4FB7B4-94DE-4268-A483-29BDF795746A","Yes","NO APPARENT INJURY","N/A","LOOKED BUT DID NOT SEE","NY","EF9433C9-897A-4A0A-9195-300712888C4B","DISABLING","TWELVE OCLOCK","TWELVE OCLOCK","PASSENGER CAR","MAKING U TURN","South","North","45","No","No","2020","FORD","FUSION","NO MISUSE","39.011895","-77.041413","
,  
(39.011895, -77.041413)"
"MCP32740018","220015181","Montgomery County Police","Property Damage Crash","2022-04-10T03:17:00.000","County","MACARTHUR BLVD","Government","MACARTHUR BLVD (AHEAD)",,"N/A",,"SINGLE VEHICLE","CLEAR","DRY","DARK LIGHTS ON","NO CONTROLS","NONE DETECTED",,"93E0170C-2D6A-45F1-9F0F-EE30302273A9","Yes","NO APPARENT INJURY","N/A","NOT DISTRACTED","MD","FE979E80-074B-46C4-B00E-2C8E364E1924","DISABLING","TWELVE OCLOCK","TWELVE OCLOCK","PASSENGER CAR","MOVING CONSTANT SPEED","North","North","35","No","No","2014","KIA","SORENTO","NO MISUSE","38.99887","-77.23821833","
,  
(38.99887, -77.23821833)"
"MCP91180036","220015176","Montgomery County Police","Property Damage Crash","2022-04-10T01:44:00.000","County","NORTHWOOD TERR","County","CONTI PL",,"N/A",,"SAME DIR REAR END","CLEAR","DRY","DARK NO LIGHTS","NO CONTROLS","UNKNOWN",,"D6E85ACC-45C2-4969-9F0F-07F5ECBF099B","Yes","NO APPARENT INJURY","N/A","UNKNOWN",,"04748B5D-D659-4433-9673-C6A2C108670B","DISABLING","TWELVE OCLOCK","TWELVE OCLOCK","PASSENGER CAR","MOVING CONSTANT SPEED","West","West","25","No","No","2011","HONDA","CIVIC","UNKNOWN","39.03792105","-77.02149646","
,  
(39.03792105, -77.02149646)"
"DD55750027","220015164","Rockville Police Departme","Injury Crash","2022-04-09T21:22:00.000","Maryland (State)","ROCKVILLE PIKE","Unknown","ENT TO WOODMONT COUNTRY CLUB",,"N/A",,"SAME DIR REAR END","CLOUDY","DRY","DARK LIGHTS ON","NO CONTROLS","NONE DETECTED",,"6B0969A6-61EE-41E2-B97C-5286CD4A2CDB","Yes","NO APPARENT INJURY","N/A","UNKNOWN","VA","F3FABD35-619D-4F15-A405-F78869D46AF9","FUNCTIONAL","TWELVE OCLOCK","TWELVE OCLOCK","PASSENGER CAR","SLOWING OR STOPPING","South","South","40","No","No","2011","HYUNDAI","SONATA","NO MISUSE","39.06850142","-77.13027577","
,  
(39.06850142, -77.13027577)"
"DD55750027","220015164","Rockville Police Departme","Injury Crash","2022-04-09T21:22:00.000","Maryland (State)","ROCKVILLE PIKE","Unknown","ENT TO WOODMONT COUNTRY CLUB",,"N/A",,"SAME DIR REAR END","CLOUDY","DRY","DARK LIGHTS ON","NO CONTROLS","NONE DETECTED",,"783E688B-3933-42E2-A7D0-1893FB9BCE49","No","POSSIBLE INJURY","N/A","UNKNOWN","MD","D3977AE4-0D35-457D-9DE6-6131FC5B3559","SUPERFICIAL","SIX OCLOCK","SIX OCLOCK","PASSENGER CAR","STOPPED IN TRAFFIC LANE","South","South","40","No","No","2012","VOLV","SD","NO MISUSE","39.06850142","-77.13027577","
,  
(39.06850142, -77.13027577)"
"MCP261700B4","220015160","Montgomery County Police","Property Damage Crash","2022-04-09T21:00:00.000","County","CHERRY HILL RD","County","PLUM ORCHARD DR",,"N/A",,"HEAD ON LEFT TURN","CLEAR","DRY","DARK LIGHTS ON","TRAFFIC SIGNAL","NONE DETECTED",,"8A0150BE-FF30-43EA-A14C-214EE32EA244","No","NO APPARENT INJURY","N/A","NOT DISTRACTED","MD","DD2CC9A3-2F42-43BF-A79C-004EF8C8C880","FUNCTIONAL","TWELVE OCLOCK","TWELVE OCLOCK","PASSENGER CAR","MOVING CONSTANT SPEED","North","North","40","No","No","2011","HONDA","ACCORD","NO MISUSE","39.05258729","-76.95328065","
,  
(39.05258729, -76.95328065)"
"MCP261700B4","220015160","Montgomery County Police","Property Damage Crash","2022-04-09T21:00:00.000","County","CHERRY HILL RD","County","PLUM ORCHARD DR",,"N/A",,"HEAD ON LEFT TURN","CLEAR","DRY","DARK LIGHTS ON","TRAFFIC SIGNAL","NONE DETECTED",,"4D45CB05-D964-4C4E-940E-F12AE5B203AB","Yes","NO APPARENT INJURY","N/A","UNKNOWN","MD","8025A3A7-B5CC-4F09-BCF4-3F0B78C0B5D1","DISABLING","FOUR OCLOCK","FOUR OCLOCK","PASSENGER CAR","MAKING LEFT TURN","East","South","40","No","No","2004","HONDA","ACCORD","NO MISUSE","39.05258729","-76.95328065","
,  
(39.05258729, -76.95328065)"
"MCP32000057","220015159","Montgomery County Police","Property Damage Crash","2022-04-09T20:15:00.000","Maryland (State)","RIVER RD","Maryland (State)","FALLS RD",,"N/A",,"STRAIGHT MOVEMENT ANGLE","CLEAR","DRY","DARK LIGHTS ON","TRAFFIC SIGNAL","NONE DETECTED",,"10268E0A-E7D4-4B99-841B-D53DC706F6F5","Yes","NO APPARENT INJURY","N/A","NOT DISTRACTED","MD","B76AC6DA-0A28-414E-AA62-F29C51662923","DISABLING","ONE OCLOCK","ONE OCLOCK","PASSENGER CAR","MAKING LEFT TURN","West","North","35","No","No","2004","LEXUS","RS330","NO MISUSE","39.01816517","-77.20896333","
,  
(39.01816517, -77.20896333)"
"MCP32000057","220015159","Montgomery County Police","Property Damage Crash","2022-04-09T20:15:00.000","Maryland (State)","RIVER RD","Maryland (State)","FALLS RD",,"N/A",,"STRAIGHT MOVEMENT ANGLE","CLEAR","DRY","DARK LIGHTS ON","TRAFFIC SIGNAL","NONE DETECTED",,"B6C357E0-E0C7-4F30-AB7E-74D7BA53A532","Yes","NO APPARENT INJURY","N/A","NOT DISTRACTED","DC","EA208207-BC2A-4A0D-A0BD-49E0B51531F1","FUNCTIONAL","ONE OCLOCK","ONE OCLOCK","PASSENGER CAR","MOVING CONSTANT SPEED","South","South","35","No","No","2015","JEEP","TK","NO MISUSE","39.01816517","-77.20896333","
,  
(39.01816517, -77.20896333)"
"MCP32180030","220015158","Montgomery County Police","Injury Crash","2022-04-09T20:12:00.000","Maryland (State)","VEIRS MILL RD","Maryland (State)","CONNECTICUT AVE",,"N/A",,"SAME DIR REAR END","CLEAR","DRY","DARK LIGHTS ON","TRAFFIC SIGNAL","NONE DETECTED",,"957F9496-6721-4069-AE2D-EF77A7D86E5F","No","NO APPARENT INJURY","N/A","NOT DISTRACTED","MD","D0AEFA3A-076B-4811-A6D7-9053CCDEC7DC","SUPERFICIAL","SEVEN OCLOCK","SEVEN OCLOCK","PASSENGER CAR","STOPPED IN TRAFFIC LANE","West","West","35","No","No","2015","HONDA","ACCORD","NO MISUSE","39.05129867","-77.07423433","
,  
(39.05129867, -77.07423433)"
"MCP32180030","220015158","Montgomery County Police","Injury Crash","2022-04-09T20:12:00.000","Maryland (State)","VEIRS MILL RD","Maryland (State)","CONNECTICUT AVE",,"N/A",,"SAME DIR REAR END","CLEAR","DRY","DARK LIGHTS ON","TRAFFIC SIGNAL","NONE DETECTED",,"C5C3EA93-9866-42EA-850A-A76BE57DE48F","No","NO APPARENT INJURY","N/A","NOT DISTRACTED","MD","D7F18B26-6193-4CBD-9805-88D66B92CBB5","SUPERFICIAL","FIVE OCLOCK","FIVE OCLOCK","PASSENGER CAR","STOPPED IN TRAFFIC LANE","West","West","35","No","No","2016","HONDA","CRV","NO MISUSE","39.05129867","-77.07423433","
,  
(39.05129867, -77.07423433)"
"MCP32180030","220015158","Montgomery County Police","Injury Crash","2022-04-09T20:12:00.000","Maryland (State)","VEIRS MILL RD","Maryland (State)","CONNECTICUT AVE",,"N/A",,"SAME DIR REAR END","CLEAR","DRY","DARK LIGHTS ON","TRAFFIC SIGNAL","ALCOHOL PRESENT",,"B536DB19-3D0A-4AE5-91E9-D510A626936A","Yes","NO APPARENT INJURY","N/A","UNKNOWN","MD","6B98F21A-63A5-47C1-B8C7-C8F5A8005071","DISABLING","TWELVE OCLOCK","TWELVE OCLOCK","PASSENGER CAR","MOVING CONSTANT SPEED","West","West","35","No","No","2008","TOYOTA","CAMRY","NO MISUSE","39.05129867","-77.07423433","
,  
(39.05129867, -77.07423433)"
"MCP32180030","220015158","Montgomery County Police","Injury Crash","2022-04-09T20:12:00.000","Maryland (State)","VEIRS MILL RD","Maryland (State)","CONNECTICUT AVE",,"N/A",,"SAME DIR REAR END","CLEAR","DRY","DARK LIGHTS ON","TRAFFIC SIGNAL","NONE DETECTED",,"C0C89756-D7A2-4655-A1C2-E4D461614697","No","POSSIBLE INJURY","N/A","NOT DISTRACTED","MD","78E4C574-CD21-410B-A09B-36831A11983D","DISABLING","FIVE OCLOCK","FIVE OCLOCK","PASSENGER CAR","STOPPED IN TRAFFIC LANE","West","West","35","No","No","2011","HONDA","CIVIC","NO MISUSE","39.05129867","-77.07423433","
,  
(39.05129867, -77.07423433)"
"MCP3295001D","220015145","Montgomery County Police","Property Damage Crash","2022-04-09T19:45:00.000",,,,,"PARKING LOT OF 8540 PINEY BRANCH RD",,,"SAME DIR REAR END","CLEAR",,"DAWN","NO CONTROLS","N/A",,"49EE2690-8C69-43B2-BB90-97D05C1C3DBB","Yes","NO APPARENT INJURY","N/A","INATTENTIVE OR LOST IN THOUGHT","MD","26D534F6-1E8B-4D6F-BFA2-311F4CA83EAA","SUPERFICIAL","FIVE OCLOCK","FIVE OCLOCK","PASSENGER CAR","PARKING","East","East","15","No","No","2006","TOYOTA","TUNDRA","NO MISUSE","38.99875861","-77.00226853","
,  
(38.99875861, -77.00226853)"
"MCP2964005J","220015141","Montgomery County Police","Injury Crash","2022-04-09T17:43:00.000","Maryland (State)","FREDERICK RD","County","SHAKESPEARE BLVD",,"N/A",,"STRAIGHT MOVEMENT ANGLE","CLEAR","DRY","DAYLIGHT","TRAFFIC SIGNAL","NONE DETECTED",,"EE48E0EC-1049-4155-9625-DCB6A7151691","No","POSSIBLE INJURY","N/A","NOT DISTRACTED","MD","A564BA20-042D-4E73-9BB3-524403BEA901","DESTROYED","TWELVE OCLOCK","TWELVE OCLOCK","(SPORT) UTILITY VEHICLE","MOVING CONSTANT SPEED","South","South","40","No","No","2017","MITSUBISHI","OUTLANDER","NO MISUSE","39.19839167","-77.24503833","
,  
(39.19839167, -77.24503833)"
"MCP2964005J","220015141","Montgomery County Police","Injury Crash","2022-04-09T17:43:00.000","Maryland (State)","FREDERICK RD","County","SHAKESPEARE BLVD",,"N/A",,"STRAIGHT MOVEMENT ANGLE","CLEAR","DRY","DAYLIGHT","TRAFFIC SIGNAL","NONE DETECTED",,"C378DF67-0022-4696-8E53-892F2747B721","Yes","SUSPECTED MINOR INJURY","N/A","LOOKED BUT DID NOT SEE","MD","0ABD002C-74F4-4C69-9990-839CF710D9EF","DESTROYED","TWO OCLOCK","TWO OCLOCK","VAN","MAKING LEFT TURN","West","North","40","No","No","2010","HONDA","ODYSSEY","NO MISUSE","39.19839167","-77.24503833","
,  
(39.19839167, -77.24503833)"
"MCP3309000P","220015132","Montgomery County Police","Injury Crash","2022-04-09T17:34:00.000","Maryland (State)","DARNESTOWN RD","Maryland (State)","WHITES FERRY RD",,"N/A",,"SAME DIR REAR END","CLEAR","DRY","DAYLIGHT","NO CONTROLS","NONE DETECTED",,"AD4A60A2-C493-47F1-98A1-C5C8FFB3581A","No","SUSPECTED SERIOUS INJURY","N/A","NOT DISTRACTED","MD","90D76C3D-E7C0-4BFE-A213-7E7362582E66","DESTROYED","TEN OCLOCK","TEN OCLOCK","MOTORCYCLE","MOVING CONSTANT SPEED","East","East","50","No","No","2018","KTM","390DUKE","NO MISUSE","39.12852585","-77.34280193","
,  
(39.12852585, -77.34280193)"
"MCP3309000P","220015132","Montgomery County Police","Injury Crash","2022-04-09T17:34:00.000","Maryland (State)","DARNESTOWN RD","Maryland (State)","WHITES FERRY RD",,"N/A",,"SAME DIR REAR END","CLEAR","DRY","DAYLIGHT","NO CONTROLS","NONE DETECTED",,"4EF26DB4-815E-4295-9952-44CCBC26A4E8","No","SUSPECTED MINOR INJURY","N/A","NOT DISTRACTED","MD","B0374487-97ED-4EA1-8136-0D024908605E","DESTROYED","SIX OCLOCK","SIX OCLOCK","(SPORT) UTILITY VEHICLE","SLOWING OR STOPPING","West","West","50","No","No","2016","MAZD","CX-3","UNKNOWN","39.12852585","-77.34280193","
,  
(39.12852585, -77.34280193)"
"MCP3309000P","220015132","Montgomery County Police","Injury Crash","2022-04-09T17:34:00.000","Maryland (State)","DARNESTOWN RD","Maryland (State)","WHITES FERRY RD",,"N/A",,"SAME DIR REAR END","CLEAR","DRY","DAYLIGHT","NO CONTROLS","NONE DETECTED",,"9EA12A47-6B86-48EF-9B33-F13164C257A8","No","NO APPARENT INJURY","N/A","NOT DISTRACTED","MD","D2B48782-A30E-4BD2-91F4-B396FBCCE506","DESTROYED","SIX OCLOCK","SIX OCLOCK","PICKUP TRUCK","SLOWING OR STOPPING","West","West","50","No","No","2007","CHEV","PK","NO MISUSE","39.12852585","-77.34280193","
,  
(39.12852585, -77.34280193)"
"MCP3309000P","220015132","Montgomery County Police","Injury Crash","2022-04-09T17:34:00.000","Maryland (State)","DARNESTOWN RD","Maryland (State)","WHITES FERRY RD",,"N/A",,"SAME DIR REAR END","CLEAR","DRY","DAYLIGHT","NO CONTROLS","NONE DETECTED",,"4B3AF6E5-FEFD-46F2-A8B6-9253887C618E","Yes","SUSPECTED MINOR INJURY","N/A","UNKNOWN","MD","DC0AED52-C786-43A3-B4F3-5A509849614E","DESTROYED","TWELVE OCLOCK","TWELVE OCLOCK","(SPORT) UTILITY VEHICLE","MOVING CONSTANT SPEED","West","West","50","No","No","2011","PORS","CAYENNE","N/A","39.12852585","-77.34280193","
,  
(39.12852585, -77.34280193)"
"MCP29190097","220015134","Montgomery County Police","Property Damage Crash","2022-04-09T17:00:00.000","US (State)","COLESVILLE RD","County","LORAIN AVE",,"N/A",,"STRAIGHT MOVEMENT ANGLE","CLOUDY","DRY","DAYLIGHT","N/A","NONE DETECTED",,"65C06809-3103-4249-B4B9-D9292E186B23","No","NO APPARENT INJURY","N/A","NOT DISTRACTED","MD","DBD3546E-74DB-4F0F-8949-2C5B79DCFF42","DISABLING","TWELVE OCLOCK","TWELVE OCLOCK","PASSENGER CAR","MOVING CONSTANT SPEED","North","North","45","No","No","2004","TYOTA","4S","N/A","38.99483","-77.02678833","
,  
(38.99483, -77.02678833)"
"MCP29190097","220015134","Montgomery County Police","Property Damage Crash","2022-04-09T17:00:00.000","US (State)","COLESVILLE RD","County","LORAIN AVE",,"N/A",,"STRAIGHT MOVEMENT ANGLE","CLOUDY","DRY","DAYLIGHT","N/A","NONE DETECTED",,"FDC1139D-1EC5-44FE-BB6A-0B1B986D6BE8","Yes","NO APPARENT INJURY","N/A","LOOKED BUT DID NOT SEE","MD","982A6C9A-CEFA-449D-B3C9-D90078A2585B","DISABLING","TWELVE OCLOCK","TWELVE OCLOCK","PASSENGER CAR","MAKING LEFT TURN","West","West","45","No","No","2012","NISSAN","ALTIMA","N/A","38.99483","-77.02678833","
,  
(38.99483, -77.02678833)"
"MCP2861005B","220015111","Montgomery County Police","Property Damage Crash","2022-04-09T14:30:00.000",,,,,"PARKING GARAGE OF SUBURBAN HOSPITAL AT 8600 OLD GEORGETOWN RD",,,"SINGLE VEHICLE","CLEAR",,"DAYLIGHT","NO CONTROLS","NONE DETECTED",,"7B33E236-A4BE-40A6-AE2A-72E0144CAD4F","Yes","NO APPARENT INJURY","N/A","NOT DISTRACTED","MD","E33E5D64-656C-4A40-ADBB-6F65D102E5DA","NO DAMAGE","TWELVE OCLOCK","TWELVE OCLOCK","VAN","ACCELERATING","Unknown","Unknown","15","No","No","2003","HOND","ODYSSEY","NO MISUSE","39.02658167","-77.02706333","
,  
(39.02658167, -77.02706333)"
"MCP31290049","220015108","Montgomery County Police","Property Damage Crash","2022-04-09T14:20:00.000","Maryland (State)","KEMPTOWN RD","Unknown","SPUR TO MD 27",,"N/A",,"SAME DIR REAR END","CLOUDY","WET","DAYLIGHT","NO CONTROLS","NONE DETECTED",,"C467A9A0-D0CB-489B-BD17-E91DC28DB524","Yes","NO APPARENT INJURY","N/A, WET","LOOKED BUT DID NOT SEE","MD","000A15EF-AA48-4F2D-BFE3-12A8532B8A85","SUPERFICIAL","TWELVE OCLOCK","TWELVE OCLOCK","POLICE VEHICLE/NON EMERGENCY","STARTING FROM LANE","South","East","40","No","No","2021","FORD","EXPLORER","NO MISUSE","39.3176734","-77.19816366","
,  
(39.3176734, -77.19816366)"
"MCP31290049","220015108","Montgomery County Police","Property Damage Crash","2022-04-09T14:20:00.000","Maryland (State)","KEMPTOWN RD","Unknown","SPUR TO MD 27",,"N/A",,"SAME DIR REAR END","CLOUDY","WET","DAYLIGHT","NO CONTROLS","NONE DETECTED",,"6E909193-A326-4316-B918-673A9E6EC682","No","NO APPARENT INJURY","N/A, WET","NOT DISTRACTED","DC","2DC36C62-9CB4-484F-8A77-5871F8C9AFEC","SUPERFICIAL","SIX OCLOCK","SIX OCLOCK","PASSENGER CAR","SLOWING OR STOPPING","South","East","40","No","No","2017","MAZDA","3","NO MISUSE","39.3176734","-77.19816366","
,  
(39.3176734, -77.19816366)"
"MCP3165003M","220015105","Montgomery County Police","Property Damage Crash","2022-04-09T13:50:00.000","Maryland (State)","NEW HAMPSHIRE AVE","Ramp","RAMP 4 FR MD 650 NB TO US 29 EB",,"N/A",,"SAME DIR REAR END","CLOUDY","DRY","DAYLIGHT","NO CONTROLS","NONE DETECTED",,"1A40FBAC-4821-4100-AC1F-C29C1A51DA79","No","NO APPARENT INJURY","N/A","NOT DISTRACTED","MD","14FC5346-2E64-4BD8-B5CA-352546EE5FD2","SUPERFICIAL","SIX OCLOCK","SIX OCLOCK","PASSENGER CAR","MAKING RIGHT TURN","South","South","45","No","No","2020","HONDA","ACCORD","N/A","39.04512224","-76.99248176","
,  
(39.04512224, -76.99248176)"
"MCP3165003M","220015105","Montgomery County Police","Property Damage Crash","2022-04-09T13:50:00.000","Maryland (State)","NEW HAMPSHIRE AVE","Ramp","RAMP 4 FR MD 650 NB TO US 29 EB",,"N/A",,"SAME DIR REAR END","CLOUDY","DRY","DAYLIGHT","NO CONTROLS","N/A",,"384571F7-5BF8-43A4-8170-3055CBD17B39","Yes","NO APPARENT INJURY","N/A","NOT DISTRACTED","TX","69F9DEB9-2F61-4CCB-A43D-892CE876651C","SUPERFICIAL","TWELVE OCLOCK","TWELVE OCLOCK","PASSENGER CAR","MOVING CONSTANT SPEED","South","South","45","No","No","2008","HONDA","CIVIC","UNKNOWN","39.04512224","-76.99248176","
,  
(39.04512224, -76.99248176)"
"MCP32000056","220015106","Montgomery County Police","Property Damage Crash","2022-04-09T13:49:00.000","County","SEVEN LOCKS RD","Other Public Roadway","SCOTLAND DR",,"N/A",,"SAME DIR REAR END","CLOUDY","DRY","DAYLIGHT","NO CONTROLS","NONE DETECTED",,"17D136BD-4D4B-443A-A0E5-A79D4AA61FEC","No","NO APPARENT INJURY","N/A","NOT DISTRACTED","MD","E23C53F7-C927-4478-B57D-FE48984D4BAE","FUNCTIONAL","SIX OCLOCK","SIX OCLOCK","PASSENGER CAR","STOPPED IN TRAFFIC LANE","South","South","30","No","No","2017","HONDA","PILOT","NO MISUSE","39.03155167","-77.1614965","
,  
(39.03155167, -77.1614965)"
"MCP32000056","220015106","Montgomery County Police","Property Damage Crash","2022-04-09T13:49:00.000","County","SEVEN LOCKS RD","Other Public Roadway","SCOTLAND DR",,"N/A",,"SAME DIR REAR END","CLOUDY","DRY","DAYLIGHT","NO CONTROLS","NONE DETECTED",,"254674F8-4778-4A6F-8BDA-712F5D979C1B","Yes","NO APPARENT INJURY","N/A","UNKNOWN","MD","620D16D1-269B-43AD-8F44-D69893D1FE9D","DISABLING","TWELVE OCLOCK","TWELVE OCLOCK","PASSENGER CAR","SLOWING OR STOPPING","South","South","30","No","No","2009","TOYOTA","CAMRY","NO MISUSE","39.03155167","-77.1614965","
,  
(39.03155167, -77.1614965)"
"MCP31430039","220015908","Montgomery County Police","Injury Crash","2022-04-09T12:15:00.000","Maryland (State)","KNOWLES AVE","Municipality","DETRICK AVE",,"KENSINGTON",,"STRAIGHT MOVEMENT ANGLE","CLEAR","DRY","DAYLIGHT","NO CONTROLS","NONE DETECTED",,"9D983591-EF8F-498F-861C-1ECB042B2110","No","POSSIBLE INJURY","N/A","NOT DISTRACTED","MD","4698B9EB-55ED-4955-9F40-6BDF3F88155D","DISABLING","TWELVE OCLOCK","TWELVE OCLOCK","PASSENGER CAR","MOVING CONSTANT SPEED","West","West","30","No","No","2014","HONDA","ACCORD","NO MISUSE","39.02725167","-77.07833","
,  
(39.02725167, -77.07833)"
"MCP31430039","220015908","Montgomery County Police","Injury Crash","2022-04-09T12:15:00.000","Maryland (State)","KNOWLES AVE","Municipality","DETRICK AVE",,"KENSINGTON",,"STRAIGHT MOVEMENT ANGLE","CLEAR","DRY","DAYLIGHT","NO CONTROLS","NONE DETECTED",,"B100AD4C-9B6B-4E4A-962E-F869D822CFBD","Yes","NO APPARENT INJURY","N/A","LOOKED BUT DID NOT SEE","MD","967DFAFE-ECC8-4D9C-8A54-2A2175C7B23A","FUNCTIONAL","ELEVEN OCLOCK","ELEVEN OCLOCK","VAN","STARTING FROM LANE","East","South","30","No","No","2020","FORD","TRANSIT 150","NO MISUSE","39.02725167","-77.07833","
,  
(39.02725167, -77.07833)"
"MCP3084005R","220015096","Montgomery County Police","Property Damage Crash","2022-04-09T12:03:00.000","Maryland (State)","OLD GEORGETOWN RD","County","ROCK SPRING DR",,"N/A",,"HEAD ON LEFT TURN","CLEAR","DRY","DAYLIGHT","TRAFFIC SIGNAL","NONE DETECTED",,"808E0551-526E-4838-850B-B45C5574E982","Yes","NO APPARENT INJURY","N/A","LOOKED BUT DID NOT SEE","MD","4C2D46FE-E5D4-4BB3-99E1-400472726259","DISABLING","ELEVEN OCLOCK","ELEVEN OCLOCK","PASSENGER CAR","MOVING CONSTANT SPEED","North","North","40","No","No","2007","LEXUS","ES350","NO MISUSE","39.02703667","-77.12617667","
,  
(39.02703667, -77.12617667)"
"MCP3084005R","220015096","Montgomery County Police","Property Damage Crash","2022-04-09T12:03:00.000","Maryland (State)","OLD GEORGETOWN RD","County","ROCK SPRING DR",,"N/A",,"HEAD ON LEFT TURN","CLEAR","DRY","DAYLIGHT","TRAFFIC SIGNAL","NONE DETECTED",,"C15E97CC-1693-4411-AE8B-975CD8E2534E","No","NO APPARENT INJURY","N/A","NOT DISTRACTED","MD","EEF7D445-9AC2-4F47-9FFE-D7AD5C03A51F","DISABLING","ONE OCLOCK","ONE OCLOCK","PASSENGER CAR","MAKING LEFT TURN","North","East","40","No","No","2014","MERC","4S","NO MISUSE","39.02703667","-77.12617667","
,  
(39.02703667, -77.12617667)"
"MCP3084005R","220015096","Montgomery County Police","Property Damage Crash","2022-04-09T12:03:00.000","Maryland (State)","OLD GEORGETOWN RD","County","ROCK SPRING DR",,"N/A",,"HEAD ON LEFT TURN","CLEAR","DRY","DAYLIGHT","TRAFFIC SIGNAL","NONE DETECTED",,"6577B3A0-BA2C-47AE-8B68-016FEF71420D","No","NO APPARENT INJURY","N/A","NOT DISTRACTED","MD","F6AF7354-A251-4CDB-8CCD-979CED17CF52","FUNCTIONAL","TWELVE OCLOCK","TWELVE OCLOCK","PASSENGER CAR","MAKING LEFT TURN","North","East","40","No","No","2018","JEEP","TK","N/A","39.02703667","-77.12617667","
,  
(39.02703667, -77.12617667)"